provincia_id,provincia_nombre,sexo,edad_quinquenal,pais_nacimiento,nacionalidad,cantidad
2,Ciudad Autonoma de Buenos Aires,F,0 a 4,ARGENTINA,ARGENTINA,51482
2,Ciudad Autonoma de Buenos Aires,F,0 a 4,OTRO PAIS,ARGENTINA,470
2,Ciudad Autonoma de Buenos Aires,F,0 a 4,OTRO PAIS,EXTRANJERA,815
2,Ciudad Autonoma de Buenos Aires,F,10 a 14,ARGENTINA,ARGENTINA,86991
2,Ciudad Autonoma de Buenos Aires,F,10 a 14,OTRO PAIS,ARGENTINA,754
2,Ciudad Autonoma de Buenos Aires,F,10 a 14,OTRO PAIS,EXTRANJERA,6164
2,Ciudad Autonoma de Buenos Aires,F,100 y +,ARGENTINA,ARGENTINA,796
2,Ciudad Autonoma de Buenos Aires,F,100 y +,OTRO PAIS,ARGENTINA,40
2,Ciudad Autonoma de Buenos Aires,F,100 y +,OTRO PAIS,EXTRANJERA,154
2,Ciudad Autonoma de Buenos Aires,F,15 a 19,ARGENTINA,ARGENTINA,84953
2,Ciudad Autonoma de Buenos Aires,F,15 a 19,OTRO PAIS,ARGENTINA,951
2,Ciudad Autonoma de Buenos Aires,F,15 a 19,OTRO PAIS,EXTRANJERA,9133
2,Ciudad Autonoma de Buenos Aires,F,20 a 24,ARGENTINA,ARGENTINA,85454
2,Ciudad Autonoma de Buenos Aires,F,20 a 24,OTRO PAIS,ARGENTINA,1233
2,Ciudad Autonoma de Buenos Aires,F,20 a 24,OTRO PAIS,EXTRANJERA,21038
2,Ciudad Autonoma de Buenos Aires,F,25 a 29,ARGENTINA,ARGENTINA,88293
2,Ciudad Autonoma de Buenos Aires,F,25 a 29,OTRO PAIS,ARGENTINA,1363
2,Ciudad Autonoma de Buenos Aires,F,25 a 29,OTRO PAIS,EXTRANJERA,27400
2,Ciudad Autonoma de Buenos Aires,F,30 a 34,ARGENTINA,ARGENTINA,89917
2,Ciudad Autonoma de Buenos Aires,F,30 a 34,OTRO PAIS,ARGENTINA,2756
2,Ciudad Autonoma de Buenos Aires,F,30 a 34,OTRO PAIS,EXTRANJERA,35682
2,Ciudad Autonoma de Buenos Aires,F,35 a 39,ARGENTINA,ARGENTINA,96876
2,Ciudad Autonoma de Buenos Aires,F,35 a 39,OTRO PAIS,ARGENTINA,3244
2,Ciudad Autonoma de Buenos Aires,F,35 a 39,OTRO PAIS,EXTRANJERA,36299
2,Ciudad Autonoma de Buenos Aires,F,40 a 44,ARGENTINA,ARGENTINA,98598
2,Ciudad Autonoma de Buenos Aires,F,40 a 44,OTRO PAIS,ARGENTINA,2558
2,Ciudad Autonoma de Buenos Aires,F,40 a 44,OTRO PAIS,EXTRANJERA,30317
2,Ciudad Autonoma de Buenos Aires,F,45 a 49,ARGENTINA,ARGENTINA,104666
2,Ciudad Autonoma de Buenos Aires,F,45 a 49,OTRO PAIS,ARGENTINA,2145
2,Ciudad Autonoma de Buenos Aires,F,45 a 49,OTRO PAIS,EXTRANJERA,24552
2,Ciudad Autonoma de Buenos Aires,F,5 a 9,ARGENTINA,ARGENTINA,70646
2,Ciudad Autonoma de Buenos Aires,F,5 a 9,OTRO PAIS,ARGENTINA,602
2,Ciudad Autonoma de Buenos Aires,F,5 a 9,OTRO PAIS,EXTRANJERA,3004
2,Ciudad Autonoma de Buenos Aires,F,50 a 54,ARGENTINA,ARGENTINA,99000
2,Ciudad Autonoma de Buenos Aires,F,50 a 54,OTRO PAIS,ARGENTINA,1725
2,Ciudad Autonoma de Buenos Aires,F,50 a 54,OTRO PAIS,EXTRANJERA,21423
2,Ciudad Autonoma de Buenos Aires,F,55 a 59,ARGENTINA,ARGENTINA,84724
2,Ciudad Autonoma de Buenos Aires,F,55 a 59,OTRO PAIS,ARGENTINA,1762
2,Ciudad Autonoma de Buenos Aires,F,55 a 59,OTRO PAIS,EXTRANJERA,20023
2,Ciudad Autonoma de Buenos Aires,F,60 a 64,ARGENTINA,ARGENTINA,80797
2,Ciudad Autonoma de Buenos Aires,F,60 a 64,OTRO PAIS,ARGENTINA,1779
2,Ciudad Autonoma de Buenos Aires,F,60 a 64,OTRO PAIS,EXTRANJERA,16950
2,Ciudad Autonoma de Buenos Aires,F,65 a 69,ARGENTINA,ARGENTINA,79113
2,Ciudad Autonoma de Buenos Aires,F,65 a 69,OTRO PAIS,ARGENTINA,1586
2,Ciudad Autonoma de Buenos Aires,F,65 a 69,OTRO PAIS,EXTRANJERA,13135
2,Ciudad Autonoma de Buenos Aires,F,70 a 74,ARGENTINA,ARGENTINA,73683
2,Ciudad Autonoma de Buenos Aires,F,70 a 74,OTRO PAIS,ARGENTINA,1473
2,Ciudad Autonoma de Buenos Aires,F,70 a 74,OTRO PAIS,EXTRANJERA,10115
2,Ciudad Autonoma de Buenos Aires,F,75 a 79,ARGENTINA,ARGENTINA,62311
2,Ciudad Autonoma de Buenos Aires,F,75 a 79,OTRO PAIS,ARGENTINA,1846
2,Ciudad Autonoma de Buenos Aires,F,75 a 79,OTRO PAIS,EXTRANJERA,8935
2,Ciudad Autonoma de Buenos Aires,F,80 a 84,ARGENTINA,ARGENTINA,49107
2,Ciudad Autonoma de Buenos Aires,F,80 a 84,OTRO PAIS,ARGENTINA,1347
2,Ciudad Autonoma de Buenos Aires,F,80 a 84,OTRO PAIS,EXTRANJERA,6199
2,Ciudad Autonoma de Buenos Aires,F,85 a 89,ARGENTINA,ARGENTINA,30279
2,Ciudad Autonoma de Buenos Aires,F,85 a 89,OTRO PAIS,ARGENTINA,715
2,Ciudad Autonoma de Buenos Aires,F,85 a 89,OTRO PAIS,EXTRANJERA,3757
2,Ciudad Autonoma de Buenos Aires,F,90 a 94,ARGENTINA,ARGENTINA,15291
2,Ciudad Autonoma de Buenos Aires,F,90 a 94,OTRO PAIS,ARGENTINA,386
2,Ciudad Autonoma de Buenos Aires,F,90 a 94,OTRO PAIS,EXTRANJERA,2060
2,Ciudad Autonoma de Buenos Aires,F,95 a 99,ARGENTINA,ARGENTINA,5339
2,Ciudad Autonoma de Buenos Aires,F,95 a 99,OTRO PAIS,ARGENTINA,180
2,Ciudad Autonoma de Buenos Aires,F,95 a 99,OTRO PAIS,EXTRANJERA,911
2,Ciudad Autonoma de Buenos Aires,M,0 a 4,ARGENTINA,ARGENTINA,54072
2,Ciudad Autonoma de Buenos Aires,M,0 a 4,OTRO PAIS,ARGENTINA,561
2,Ciudad Autonoma de Buenos Aires,M,0 a 4,OTRO PAIS,EXTRANJERA,828
2,Ciudad Autonoma de Buenos Aires,M,10 a 14,ARGENTINA,ARGENTINA,90091
2,Ciudad Autonoma de Buenos Aires,M,10 a 14,OTRO PAIS,ARGENTINA,794
2,Ciudad Autonoma de Buenos Aires,M,10 a 14,OTRO PAIS,EXTRANJERA,6512
2,Ciudad Autonoma de Buenos Aires,M,100 y +,ARGENTINA,ARGENTINA,169
2,Ciudad Autonoma de Buenos Aires,M,100 y +,OTRO PAIS,ARGENTINA,16
2,Ciudad Autonoma de Buenos Aires,M,100 y +,OTRO PAIS,EXTRANJERA,51
2,Ciudad Autonoma de Buenos Aires,M,15 a 19,ARGENTINA,ARGENTINA,88658
2,Ciudad Autonoma de Buenos Aires,M,15 a 19,OTRO PAIS,ARGENTINA,966
2,Ciudad Autonoma de Buenos Aires,M,15 a 19,OTRO PAIS,EXTRANJERA,8903
2,Ciudad Autonoma de Buenos Aires,M,20 a 24,ARGENTINA,ARGENTINA,85571
2,Ciudad Autonoma de Buenos Aires,M,20 a 24,OTRO PAIS,ARGENTINA,1209
2,Ciudad Autonoma de Buenos Aires,M,20 a 24,OTRO PAIS,EXTRANJERA,17768
2,Ciudad Autonoma de Buenos Aires,M,25 a 29,ARGENTINA,ARGENTINA,87134
2,Ciudad Autonoma de Buenos Aires,M,25 a 29,OTRO PAIS,ARGENTINA,1270
2,Ciudad Autonoma de Buenos Aires,M,25 a 29,OTRO PAIS,EXTRANJERA,23250
2,Ciudad Autonoma de Buenos Aires,M,30 a 34,ARGENTINA,ARGENTINA,90220
2,Ciudad Autonoma de Buenos Aires,M,30 a 34,OTRO PAIS,ARGENTINA,2472
2,Ciudad Autonoma de Buenos Aires,M,30 a 34,OTRO PAIS,EXTRANJERA,31964
2,Ciudad Autonoma de Buenos Aires,M,35 a 39,ARGENTINA,ARGENTINA,96897
2,Ciudad Autonoma de Buenos Aires,M,35 a 39,OTRO PAIS,ARGENTINA,3158
2,Ciudad Autonoma de Buenos Aires,M,35 a 39,OTRO PAIS,EXTRANJERA,34197
2,Ciudad Autonoma de Buenos Aires,M,40 a 44,ARGENTINA,ARGENTINA,99047
2,Ciudad Autonoma de Buenos Aires,M,40 a 44,OTRO PAIS,ARGENTINA,2600
2,Ciudad Autonoma de Buenos Aires,M,40 a 44,OTRO PAIS,EXTRANJERA,28274
2,Ciudad Autonoma de Buenos Aires,M,45 a 49,ARGENTINA,ARGENTINA,102779
2,Ciudad Autonoma de Buenos Aires,M,45 a 49,OTRO PAIS,ARGENTINA,1967
2,Ciudad Autonoma de Buenos Aires,M,45 a 49,OTRO PAIS,EXTRANJERA,21019
2,Ciudad Autonoma de Buenos Aires,M,5 a 9,ARGENTINA,ARGENTINA,73728
2,Ciudad Autonoma de Buenos Aires,M,5 a 9,OTRO PAIS,ARGENTINA,652
2,Ciudad Autonoma de Buenos Aires,M,5 a 9,OTRO PAIS,EXTRANJERA,3142
2,Ciudad Autonoma de Buenos Aires,M,50 a 54,ARGENTINA,ARGENTINA,95409
2,Ciudad Autonoma de Buenos Aires,M,50 a 54,OTRO PAIS,ARGENTINA,1351
2,Ciudad Autonoma de Buenos Aires,M,50 a 54,OTRO PAIS,EXTRANJERA,16441
2,Ciudad Autonoma de Buenos Aires,M,55 a 59,ARGENTINA,ARGENTINA,80983
2,Ciudad Autonoma de Buenos Aires,M,55 a 59,OTRO PAIS,ARGENTINA,1319
2,Ciudad Autonoma de Buenos Aires,M,55 a 59,OTRO PAIS,EXTRANJERA,14307
2,Ciudad Autonoma de Buenos Aires,M,60 a 64,ARGENTINA,ARGENTINA,73855
2,Ciudad Autonoma de Buenos Aires,M,60 a 64,OTRO PAIS,ARGENTINA,1221
2,Ciudad Autonoma de Buenos Aires,M,60 a 64,OTRO PAIS,EXTRANJERA,11547
2,Ciudad Autonoma de Buenos Aires,M,65 a 69,ARGENTINA,ARGENTINA,68542
2,Ciudad Autonoma de Buenos Aires,M,65 a 69,OTRO PAIS,ARGENTINA,1047
2,Ciudad Autonoma de Buenos Aires,M,65 a 69,OTRO PAIS,EXTRANJERA,8227
2,Ciudad Autonoma de Buenos Aires,M,70 a 74,ARGENTINA,ARGENTINA,55676
2,Ciudad Autonoma de Buenos Aires,M,70 a 74,OTRO PAIS,ARGENTINA,953
2,Ciudad Autonoma de Buenos Aires,M,70 a 74,OTRO PAIS,EXTRANJERA,6434
2,Ciudad Autonoma de Buenos Aires,M,75 a 79,ARGENTINA,ARGENTINA,41654
2,Ciudad Autonoma de Buenos Aires,M,75 a 79,OTRO PAIS,ARGENTINA,1106
2,Ciudad Autonoma de Buenos Aires,M,75 a 79,OTRO PAIS,EXTRANJERA,5694
2,Ciudad Autonoma de Buenos Aires,M,80 a 84,ARGENTINA,ARGENTINA,27725
2,Ciudad Autonoma de Buenos Aires,M,80 a 84,OTRO PAIS,ARGENTINA,843
2,Ciudad Autonoma de Buenos Aires,M,80 a 84,OTRO PAIS,EXTRANJERA,3655
2,Ciudad Autonoma de Buenos Aires,M,85 a 89,ARGENTINA,ARGENTINA,14033
2,Ciudad Autonoma de Buenos Aires,M,85 a 89,OTRO PAIS,ARGENTINA,422
2,Ciudad Autonoma de Buenos Aires,M,85 a 89,OTRO PAIS,EXTRANJERA,2002
2,Ciudad Autonoma de Buenos Aires,M,90 a 94,ARGENTINA,ARGENTINA,5461
2,Ciudad Autonoma de Buenos Aires,M,90 a 94,OTRO PAIS,ARGENTINA,219
2,Ciudad Autonoma de Buenos Aires,M,90 a 94,OTRO PAIS,EXTRANJERA,954
2,Ciudad Autonoma de Buenos Aires,M,95 a 99,ARGENTINA,ARGENTINA,1448
2,Ciudad Autonoma de Buenos Aires,M,95 a 99,OTRO PAIS,ARGENTINA,86
2,Ciudad Autonoma de Buenos Aires,M,95 a 99,OTRO PAIS,EXTRANJERA,351
2,Ciudad Autonoma de Buenos Aires,X,10 a 14,ARGENTINA,ARGENTINA,2
2,Ciudad Autonoma de Buenos Aires,X,15 a 19,ARGENTINA,ARGENTINA,25
2,Ciudad Autonoma de Buenos Aires,X,15 a 19,OTRO PAIS,ARGENTINA,1
2,Ciudad Autonoma de Buenos Aires,X,20 a 24,ARGENTINA,ARGENTINA,80
2,Ciudad Autonoma de Buenos Aires,X,20 a 24,OTRO PAIS,ARGENTINA,1
2,Ciudad Autonoma de Buenos Aires,X,20 a 24,OTRO PAIS,EXTRANJERA,5
2,Ciudad Autonoma de Buenos Aires,X,25 a 29,ARGENTINA,ARGENTINA,76
2,Ciudad Autonoma de Buenos Aires,X,25 a 29,OTRO PAIS,EXTRANJERA,7
2,Ciudad Autonoma de Buenos Aires,X,30 a 34,ARGENTINA,ARGENTINA,79
2,Ciudad Autonoma de Buenos Aires,X,30 a 34,OTRO PAIS,ARGENTINA,1
2,Ciudad Autonoma de Buenos Aires,X,30 a 34,OTRO PAIS,EXTRANJERA,11
2,Ciudad Autonoma de Buenos Aires,X,35 a 39,ARGENTINA,ARGENTINA,47
2,Ciudad Autonoma de Buenos Aires,X,35 a 39,OTRO PAIS,ARGENTINA,1
2,Ciudad Autonoma de Buenos Aires,X,40 a 44,ARGENTINA,ARGENTINA,19
2,Ciudad Autonoma de Buenos Aires,X,40 a 44,OTRO PAIS,EXTRANJERA,1
2,Ciudad Autonoma de Buenos Aires,X,45 a 49,ARGENTINA,ARGENTINA,12
2,Ciudad Autonoma de Buenos Aires,X,45 a 49,OTRO PAIS,ARGENTINA,1
2,Ciudad Autonoma de Buenos Aires,X,45 a 49,OTRO PAIS,EXTRANJERA,1
2,Ciudad Autonoma de Buenos Aires,X,50 a 54,ARGENTINA,ARGENTINA,7
2,Ciudad Autonoma de Buenos Aires,X,55 a 59,ARGENTINA,ARGENTINA,8
2,Ciudad Autonoma de Buenos Aires,X,60 a 64,ARGENTINA,ARGENTINA,2
2,Ciudad Autonoma de Buenos Aires,X,70 a 74,ARGENTINA,ARGENTINA,1
6,Buenos Aires,F,0 a 4,ARGENTINA,ARGENTINA,367713
6,Buenos Aires,F,0 a 4,OTRO PAIS,ARGENTINA,722
6,Buenos Aires,F,0 a 4,OTRO PAIS,EXTRANJERA,1457
6,Buenos Aires,F,10 a 14,ARGENTINA,ARGENTINA,692686
6,Buenos Aires,F,10 a 14,OTRO PAIS,ARGENTINA,1094
6,Buenos Aires,F,10 a 14,OTRO PAIS,EXTRANJERA,10931
6,Buenos Aires,F,100 y +,ARGENTINA,ARGENTINA,1469
6,Buenos Aires,F,100 y +,OTRO PAIS,ARGENTINA,31
6,Buenos Aires,F,100 y +,OTRO PAIS,EXTRANJERA,304
6,Buenos Aires,F,15 a 19,ARGENTINA,ARGENTINA,675032
6,Buenos Aires,F,15 a 19,OTRO PAIS,ARGENTINA,1796
6,Buenos Aires,F,15 a 19,OTRO PAIS,EXTRANJERA,17336
6,Buenos Aires,F,20 a 24,ARGENTINA,ARGENTINA,641324
6,Buenos Aires,F,20 a 24,OTRO PAIS,ARGENTINA,2057
6,Buenos Aires,F,20 a 24,OTRO PAIS,EXTRANJERA,35701
6,Buenos Aires,F,25 a 29,ARGENTINA,ARGENTINA,627166
6,Buenos Aires,F,25 a 29,OTRO PAIS,ARGENTINA,1292
6,Buenos Aires,F,25 a 29,OTRO PAIS,EXTRANJERA,41676
6,Buenos Aires,F,30 a 34,ARGENTINA,ARGENTINA,622143
6,Buenos Aires,F,30 a 34,OTRO PAIS,ARGENTINA,2028
6,Buenos Aires,F,30 a 34,OTRO PAIS,EXTRANJERA,54532
6,Buenos Aires,F,35 a 39,ARGENTINA,ARGENTINA,601534
6,Buenos Aires,F,35 a 39,OTRO PAIS,ARGENTINA,2521
6,Buenos Aires,F,35 a 39,OTRO PAIS,EXTRANJERA,64439
6,Buenos Aires,F,40 a 44,ARGENTINA,ARGENTINA,562445
6,Buenos Aires,F,40 a 44,OTRO PAIS,ARGENTINA,2703
6,Buenos Aires,F,40 a 44,OTRO PAIS,EXTRANJERA,61146
6,Buenos Aires,F,45 a 49,ARGENTINA,ARGENTINA,575857
6,Buenos Aires,F,45 a 49,OTRO PAIS,ARGENTINA,2768
6,Buenos Aires,F,45 a 49,OTRO PAIS,EXTRANJERA,49511
6,Buenos Aires,F,5 a 9,ARGENTINA,ARGENTINA,568400
6,Buenos Aires,F,5 a 9,OTRO PAIS,ARGENTINA,857
6,Buenos Aires,F,5 a 9,OTRO PAIS,EXTRANJERA,5399
6,Buenos Aires,F,50 a 54,ARGENTINA,ARGENTINA,497267
6,Buenos Aires,F,50 a 54,OTRO PAIS,ARGENTINA,2724
6,Buenos Aires,F,50 a 54,OTRO PAIS,EXTRANJERA,42796
6,Buenos Aires,F,55 a 59,ARGENTINA,ARGENTINA,425274
6,Buenos Aires,F,55 a 59,OTRO PAIS,ARGENTINA,3085
6,Buenos Aires,F,55 a 59,OTRO PAIS,EXTRANJERA,38757
6,Buenos Aires,F,60 a 64,ARGENTINA,ARGENTINA,382535
6,Buenos Aires,F,60 a 64,OTRO PAIS,ARGENTINA,2906
6,Buenos Aires,F,60 a 64,OTRO PAIS,EXTRANJERA,33872
6,Buenos Aires,F,65 a 69,ARGENTINA,ARGENTINA,342601
6,Buenos Aires,F,65 a 69,OTRO PAIS,ARGENTINA,2729
6,Buenos Aires,F,65 a 69,OTRO PAIS,EXTRANJERA,27426
6,Buenos Aires,F,70 a 74,ARGENTINA,ARGENTINA,297733
6,Buenos Aires,F,70 a 74,OTRO PAIS,ARGENTINA,2645
6,Buenos Aires,F,70 a 74,OTRO PAIS,EXTRANJERA,24733
6,Buenos Aires,F,75 a 79,ARGENTINA,ARGENTINA,230002
6,Buenos Aires,F,75 a 79,OTRO PAIS,ARGENTINA,3639
6,Buenos Aires,F,75 a 79,OTRO PAIS,EXTRANJERA,27088
6,Buenos Aires,F,80 a 84,ARGENTINA,ARGENTINA,157350
6,Buenos Aires,F,80 a 84,OTRO PAIS,ARGENTINA,2398
6,Buenos Aires,F,80 a 84,OTRO PAIS,EXTRANJERA,19254
6,Buenos Aires,F,85 a 89,ARGENTINA,ARGENTINA,90675
6,Buenos Aires,F,85 a 89,OTRO PAIS,ARGENTINA,1104
6,Buenos Aires,F,85 a 89,OTRO PAIS,EXTRANJERA,11567
6,Buenos Aires,F,90 a 94,ARGENTINA,ARGENTINA,39352
6,Buenos Aires,F,90 a 94,OTRO PAIS,ARGENTINA,461
6,Buenos Aires,F,90 a 94,OTRO PAIS,EXTRANJERA,5146
6,Buenos Aires,F,95 a 99,ARGENTINA,ARGENTINA,11383
6,Buenos Aires,F,95 a 99,OTRO PAIS,ARGENTINA,143
6,Buenos Aires,F,95 a 99,OTRO PAIS,EXTRANJERA,1687
6,Buenos Aires,M,0 a 4,ARGENTINA,ARGENTINA,384234
6,Buenos Aires,M,0 a 4,OTRO PAIS,ARGENTINA,724
6,Buenos Aires,M,0 a 4,OTRO PAIS,EXTRANJERA,1583
6,Buenos Aires,M,10 a 14,ARGENTINA,ARGENTINA,722925
6,Buenos Aires,M,10 a 14,OTRO PAIS,ARGENTINA,1128
6,Buenos Aires,M,10 a 14,OTRO PAIS,EXTRANJERA,11190
6,Buenos Aires,M,100 y +,ARGENTINA,ARGENTINA,365
6,Buenos Aires,M,100 y +,OTRO PAIS,ARGENTINA,19
6,Buenos Aires,M,100 y +,OTRO PAIS,EXTRANJERA,112
6,Buenos Aires,M,15 a 19,ARGENTINA,ARGENTINA,704549
6,Buenos Aires,M,15 a 19,OTRO PAIS,ARGENTINA,1925
6,Buenos Aires,M,15 a 19,OTRO PAIS,EXTRANJERA,18265
6,Buenos Aires,M,20 a 24,ARGENTINA,ARGENTINA,669688
6,Buenos Aires,M,20 a 24,OTRO PAIS,ARGENTINA,2075
6,Buenos Aires,M,20 a 24,OTRO PAIS,EXTRANJERA,37477
6,Buenos Aires,M,25 a 29,ARGENTINA,ARGENTINA,654203
6,Buenos Aires,M,25 a 29,OTRO PAIS,ARGENTINA,1291
6,Buenos Aires,M,25 a 29,OTRO PAIS,EXTRANJERA,44234
6,Buenos Aires,M,30 a 34,ARGENTINA,ARGENTINA,640109
6,Buenos Aires,M,30 a 34,OTRO PAIS,ARGENTINA,1911
6,Buenos Aires,M,30 a 34,OTRO PAIS,EXTRANJERA,56893
6,Buenos Aires,M,35 a 39,ARGENTINA,ARGENTINA,614484
6,Buenos Aires,M,35 a 39,OTRO PAIS,ARGENTINA,2360
6,Buenos Aires,M,35 a 39,OTRO PAIS,EXTRANJERA,65778
6,Buenos Aires,M,40 a 44,ARGENTINA,ARGENTINA,567901
6,Buenos Aires,M,40 a 44,OTRO PAIS,ARGENTINA,2293
6,Buenos Aires,M,40 a 44,OTRO PAIS,EXTRANJERA,62305
6,Buenos Aires,M,45 a 49,ARGENTINA,ARGENTINA,575104
6,Buenos Aires,M,45 a 49,OTRO PAIS,ARGENTINA,2097
6,Buenos Aires,M,45 a 49,OTRO PAIS,EXTRANJERA,45530
6,Buenos Aires,M,5 a 9,ARGENTINA,ARGENTINA,590981
6,Buenos Aires,M,5 a 9,OTRO PAIS,ARGENTINA,907
6,Buenos Aires,M,5 a 9,OTRO PAIS,EXTRANJERA,5664
6,Buenos Aires,M,50 a 54,ARGENTINA,ARGENTINA,486166
6,Buenos Aires,M,50 a 54,OTRO PAIS,ARGENTINA,1793
6,Buenos Aires,M,50 a 54,OTRO PAIS,EXTRANJERA,37064
6,Buenos Aires,M,55 a 59,ARGENTINA,ARGENTINA,402930
6,Buenos Aires,M,55 a 59,OTRO PAIS,ARGENTINA,2147
6,Buenos Aires,M,55 a 59,OTRO PAIS,EXTRANJERA,32338
6,Buenos Aires,M,60 a 64,ARGENTINA,ARGENTINA,349294
6,Buenos Aires,M,60 a 64,OTRO PAIS,ARGENTINA,1997
6,Buenos Aires,M,60 a 64,OTRO PAIS,EXTRANJERA,26177
6,Buenos Aires,M,65 a 69,ARGENTINA,ARGENTINA,298613
6,Buenos Aires,M,65 a 69,OTRO PAIS,ARGENTINA,1964
6,Buenos Aires,M,65 a 69,OTRO PAIS,EXTRANJERA,20332
6,Buenos Aires,M,70 a 74,ARGENTINA,ARGENTINA,235940
6,Buenos Aires,M,70 a 74,OTRO PAIS,ARGENTINA,1952
6,Buenos Aires,M,70 a 74,OTRO PAIS,EXTRANJERA,17139
6,Buenos Aires,M,75 a 79,ARGENTINA,ARGENTINA,162206
6,Buenos Aires,M,75 a 79,OTRO PAIS,ARGENTINA,2506
6,Buenos Aires,M,75 a 79,OTRO PAIS,EXTRANJERA,19293
6,Buenos Aires,M,80 a 84,ARGENTINA,ARGENTINA,93417
6,Buenos Aires,M,80 a 84,OTRO PAIS,ARGENTINA,1732
6,Buenos Aires,M,80 a 84,OTRO PAIS,EXTRANJERA,12464
6,Buenos Aires,M,85 a 89,ARGENTINA,ARGENTINA,42762
6,Buenos Aires,M,85 a 89,OTRO PAIS,ARGENTINA,887
6,Buenos Aires,M,85 a 89,OTRO PAIS,EXTRANJERA,6201
6,Buenos Aires,M,90 a 94,ARGENTINA,ARGENTINA,14301
6,Buenos Aires,M,90 a 94,OTRO PAIS,ARGENTINA,343
6,Buenos Aires,M,90 a 94,OTRO PAIS,EXTRANJERA,2378
6,Buenos Aires,M,95 a 99,ARGENTINA,ARGENTINA,3224
6,Buenos Aires,M,95 a 99,OTRO PAIS,ARGENTINA,111
6,Buenos Aires,M,95 a 99,OTRO PAIS,EXTRANJERA,669
6,Buenos Aires,X,10 a 14,ARGENTINA,ARGENTINA,5
6,Buenos Aires,X,15 a 19,ARGENTINA,ARGENTINA,80
6,Buenos Aires,X,15 a 19,OTRO PAIS,EXTRANJERA,1
6,Buenos Aires,X,20 a 24,ARGENTINA,ARGENTINA,284
6,Buenos Aires,X,20 a 24,OTRO PAIS,ARGENTINA,2
6,Buenos Aires,X,20 a 24,OTRO PAIS,EXTRANJERA,1
6,Buenos Aires,X,25 a 29,ARGENTINA,ARGENTINA,187
6,Buenos Aires,X,25 a 29,OTRO PAIS,EXTRANJERA,1
6,Buenos Aires,X,30 a 34,ARGENTINA,ARGENTINA,151
6,Buenos Aires,X,30 a 34,OTRO PAIS,EXTRANJERA,1
6,Buenos Aires,X,35 a 39,ARGENTINA,ARGENTINA,102
6,Buenos Aires,X,35 a 39,OTRO PAIS,EXTRANJERA,3
6,Buenos Aires,X,40 a 44,ARGENTINA,ARGENTINA,56
6,Buenos Aires,X,40 a 44,OTRO PAIS,EXTRANJERA,2
6,Buenos Aires,X,45 a 49,ARGENTINA,ARGENTINA,41
6,Buenos Aires,X,50 a 54,ARGENTINA,ARGENTINA,17
6,Buenos Aires,X,50 a 54,OTRO PAIS,ARGENTINA,1
6,Buenos Aires,X,55 a 59,ARGENTINA,ARGENTINA,18
6,Buenos Aires,X,60 a 64,ARGENTINA,ARGENTINA,5
6,Buenos Aires,X,65 a 69,ARGENTINA,ARGENTINA,3
6,Buenos Aires,X,70 a 74,ARGENTINA,ARGENTINA,1
6,Buenos Aires,X,75 a 79,ARGENTINA,ARGENTINA,1
10,Catamarca,F,0 a 4,ARGENTINA,ARGENTINA,9801
10,Catamarca,F,0 a 4,OTRO PAIS,ARGENTINA,3
10,Catamarca,F,0 a 4,OTRO PAIS,EXTRANJERA,6
10,Catamarca,F,10 a 14,ARGENTINA,ARGENTINA,17023
10,Catamarca,F,10 a 14,OTRO PAIS,ARGENTINA,5
10,Catamarca,F,10 a 14,OTRO PAIS,EXTRANJERA,22
10,Catamarca,F,100 y +,ARGENTINA,ARGENTINA,58
10,Catamarca,F,15 a 19,ARGENTINA,ARGENTINA,17231
10,Catamarca,F,15 a 19,OTRO PAIS,ARGENTINA,6
10,Catamarca,F,15 a 19,OTRO PAIS,EXTRANJERA,39
10,Catamarca,F,20 a 24,ARGENTINA,ARGENTINA,17961
10,Catamarca,F,20 a 24,OTRO PAIS,ARGENTINA,7
10,Catamarca,F,20 a 24,OTRO PAIS,EXTRANJERA,38
10,Catamarca,F,25 a 29,ARGENTINA,ARGENTINA,19107
10,Catamarca,F,25 a 29,OTRO PAIS,ARGENTINA,3
10,Catamarca,F,25 a 29,OTRO PAIS,EXTRANJERA,47
10,Catamarca,F,30 a 34,ARGENTINA,ARGENTINA,18641
10,Catamarca,F,30 a 34,OTRO PAIS,ARGENTINA,7
10,Catamarca,F,30 a 34,OTRO PAIS,EXTRANJERA,78
10,Catamarca,F,35 a 39,ARGENTINA,ARGENTINA,16528
10,Catamarca,F,35 a 39,OTRO PAIS,ARGENTINA,10
10,Catamarca,F,35 a 39,OTRO PAIS,EXTRANJERA,90
10,Catamarca,F,40 a 44,ARGENTINA,ARGENTINA,15338
10,Catamarca,F,40 a 44,OTRO PAIS,ARGENTINA,14
10,Catamarca,F,40 a 44,OTRO PAIS,EXTRANJERA,85
10,Catamarca,F,45 a 49,ARGENTINA,ARGENTINA,15480
10,Catamarca,F,45 a 49,OTRO PAIS,ARGENTINA,11
10,Catamarca,F,45 a 49,OTRO PAIS,EXTRANJERA,90
10,Catamarca,F,5 a 9,ARGENTINA,ARGENTINA,14782
10,Catamarca,F,5 a 9,OTRO PAIS,ARGENTINA,3
10,Catamarca,F,5 a 9,OTRO PAIS,EXTRANJERA,18
10,Catamarca,F,50 a 54,ARGENTINA,ARGENTINA,12535
10,Catamarca,F,50 a 54,OTRO PAIS,ARGENTINA,15
10,Catamarca,F,50 a 54,OTRO PAIS,EXTRANJERA,74
10,Catamarca,F,55 a 59,ARGENTINA,ARGENTINA,10445
10,Catamarca,F,55 a 59,OTRO PAIS,ARGENTINA,11
10,Catamarca,F,55 a 59,OTRO PAIS,EXTRANJERA,52
10,Catamarca,F,60 a 64,ARGENTINA,ARGENTINA,8912
10,Catamarca,F,60 a 64,OTRO PAIS,ARGENTINA,12
10,Catamarca,F,60 a 64,OTRO PAIS,EXTRANJERA,67
10,Catamarca,F,65 a 69,ARGENTINA,ARGENTINA,7760
10,Catamarca,F,65 a 69,OTRO PAIS,ARGENTINA,9
10,Catamarca,F,65 a 69,OTRO PAIS,EXTRANJERA,52
10,Catamarca,F,70 a 74,ARGENTINA,ARGENTINA,6695
10,Catamarca,F,70 a 74,OTRO PAIS,ARGENTINA,16
10,Catamarca,F,70 a 74,OTRO PAIS,EXTRANJERA,39
10,Catamarca,F,75 a 79,ARGENTINA,ARGENTINA,4892
10,Catamarca,F,75 a 79,OTRO PAIS,ARGENTINA,15
10,Catamarca,F,75 a 79,OTRO PAIS,EXTRANJERA,31
10,Catamarca,F,80 a 84,ARGENTINA,ARGENTINA,3233
10,Catamarca,F,80 a 84,OTRO PAIS,ARGENTINA,5
10,Catamarca,F,80 a 84,OTRO PAIS,EXTRANJERA,25
10,Catamarca,F,85 a 89,ARGENTINA,ARGENTINA,1752
10,Catamarca,F,85 a 89,OTRO PAIS,ARGENTINA,6
10,Catamarca,F,85 a 89,OTRO PAIS,EXTRANJERA,10
10,Catamarca,F,90 a 94,ARGENTINA,ARGENTINA,870
10,Catamarca,F,90 a 94,OTRO PAIS,ARGENTINA,1
10,Catamarca,F,90 a 94,OTRO PAIS,EXTRANJERA,3
10,Catamarca,F,95 a 99,ARGENTINA,ARGENTINA,294
10,Catamarca,F,95 a 99,OTRO PAIS,ARGENTINA,1
10,Catamarca,F,95 a 99,OTRO PAIS,EXTRANJERA,1
10,Catamarca,M,0 a 4,ARGENTINA,ARGENTINA,10238
10,Catamarca,M,0 a 4,OTRO PAIS,ARGENTINA,4
10,Catamarca,M,0 a 4,OTRO PAIS,EXTRANJERA,6
10,Catamarca,M,10 a 14,ARGENTINA,ARGENTINA,17342
10,Catamarca,M,10 a 14,OTRO PAIS,ARGENTINA,6
10,Catamarca,M,10 a 14,OTRO PAIS,EXTRANJERA,21
10,Catamarca,M,100 y +,ARGENTINA,ARGENTINA,18
10,Catamarca,M,15 a 19,ARGENTINA,ARGENTINA,17839
10,Catamarca,M,15 a 19,OTRO PAIS,ARGENTINA,6
10,Catamarca,M,15 a 19,OTRO PAIS,EXTRANJERA,48
10,Catamarca,M,20 a 24,ARGENTINA,ARGENTINA,18438
10,Catamarca,M,20 a 24,OTRO PAIS,ARGENTINA,9
10,Catamarca,M,20 a 24,OTRO PAIS,EXTRANJERA,38
10,Catamarca,M,25 a 29,ARGENTINA,ARGENTINA,19585
10,Catamarca,M,25 a 29,OTRO PAIS,ARGENTINA,8
10,Catamarca,M,25 a 29,OTRO PAIS,EXTRANJERA,58
10,Catamarca,M,30 a 34,ARGENTINA,ARGENTINA,18982
10,Catamarca,M,30 a 34,OTRO PAIS,ARGENTINA,9
10,Catamarca,M,30 a 34,OTRO PAIS,EXTRANJERA,86
10,Catamarca,M,35 a 39,ARGENTINA,ARGENTINA,16599
10,Catamarca,M,35 a 39,OTRO PAIS,ARGENTINA,10
10,Catamarca,M,35 a 39,OTRO PAIS,EXTRANJERA,125
10,Catamarca,M,40 a 44,ARGENTINA,ARGENTINA,15458
10,Catamarca,M,40 a 44,OTRO PAIS,ARGENTINA,11
10,Catamarca,M,40 a 44,OTRO PAIS,EXTRANJERA,115
10,Catamarca,M,45 a 49,ARGENTINA,ARGENTINA,15423
10,Catamarca,M,45 a 49,OTRO PAIS,ARGENTINA,13
10,Catamarca,M,45 a 49,OTRO PAIS,EXTRANJERA,103
10,Catamarca,M,5 a 9,ARGENTINA,ARGENTINA,15127
10,Catamarca,M,5 a 9,OTRO PAIS,ARGENTINA,6
10,Catamarca,M,5 a 9,OTRO PAIS,EXTRANJERA,9
10,Catamarca,M,50 a 54,ARGENTINA,ARGENTINA,12842
10,Catamarca,M,50 a 54,OTRO PAIS,ARGENTINA,13
10,Catamarca,M,50 a 54,OTRO PAIS,EXTRANJERA,75
10,Catamarca,M,55 a 59,ARGENTINA,ARGENTINA,10350
10,Catamarca,M,55 a 59,OTRO PAIS,ARGENTINA,14
10,Catamarca,M,55 a 59,OTRO PAIS,EXTRANJERA,73
10,Catamarca,M,60 a 64,ARGENTINA,ARGENTINA,8754
10,Catamarca,M,60 a 64,OTRO PAIS,ARGENTINA,16
10,Catamarca,M,60 a 64,OTRO PAIS,EXTRANJERA,46
10,Catamarca,M,65 a 69,ARGENTINA,ARGENTINA,7589
10,Catamarca,M,65 a 69,OTRO PAIS,ARGENTINA,11
10,Catamarca,M,65 a 69,OTRO PAIS,EXTRANJERA,44
10,Catamarca,M,70 a 74,ARGENTINA,ARGENTINA,6129
10,Catamarca,M,70 a 74,OTRO PAIS,ARGENTINA,14
10,Catamarca,M,70 a 74,OTRO PAIS,EXTRANJERA,40
10,Catamarca,M,75 a 79,ARGENTINA,ARGENTINA,4124
10,Catamarca,M,75 a 79,OTRO PAIS,ARGENTINA,14
10,Catamarca,M,75 a 79,OTRO PAIS,EXTRANJERA,37
10,Catamarca,M,80 a 84,ARGENTINA,ARGENTINA,2258
10,Catamarca,M,80 a 84,OTRO PAIS,ARGENTINA,7
10,Catamarca,M,80 a 84,OTRO PAIS,EXTRANJERA,24
10,Catamarca,M,85 a 89,ARGENTINA,ARGENTINA,1095
10,Catamarca,M,85 a 89,OTRO PAIS,ARGENTINA,4
10,Catamarca,M,85 a 89,OTRO PAIS,EXTRANJERA,10
10,Catamarca,M,90 a 94,ARGENTINA,ARGENTINA,408
10,Catamarca,M,90 a 94,OTRO PAIS,EXTRANJERA,4
10,Catamarca,M,95 a 99,ARGENTINA,ARGENTINA,119
10,Catamarca,M,95 a 99,OTRO PAIS,ARGENTINA,1
10,Catamarca,X,15 a 19,ARGENTINA,ARGENTINA,1
10,Catamarca,X,20 a 24,ARGENTINA,ARGENTINA,3
10,Catamarca,X,25 a 29,ARGENTINA,ARGENTINA,2
10,Catamarca,X,30 a 34,ARGENTINA,ARGENTINA,4
10,Catamarca,X,35 a 39,ARGENTINA,ARGENTINA,4
10,Catamarca,X,40 a 44,ARGENTINA,ARGENTINA,2
14,Córdoba,F,0 a 4,ARGENTINA,ARGENTINA,86382
14,Córdoba,F,0 a 4,OTRO PAIS,ARGENTINA,204
14,Córdoba,F,0 a 4,OTRO PAIS,EXTRANJERA,133
14,Córdoba,F,10 a 14,ARGENTINA,ARGENTINA,144750
14,Córdoba,F,10 a 14,OTRO PAIS,ARGENTINA,331
14,Córdoba,F,10 a 14,OTRO PAIS,EXTRANJERA,946
14,Córdoba,F,100 y +,ARGENTINA,ARGENTINA,293
14,Córdoba,F,100 y +,OTRO PAIS,EXTRANJERA,14
14,Córdoba,F,15 a 19,ARGENTINA,ARGENTINA,142606
14,Córdoba,F,15 a 19,OTRO PAIS,ARGENTINA,521
14,Córdoba,F,15 a 19,OTRO PAIS,EXTRANJERA,1479
14,Córdoba,F,20 a 24,ARGENTINA,ARGENTINA,143496
14,Córdoba,F,20 a 24,OTRO PAIS,ARGENTINA,532
14,Córdoba,F,20 a 24,OTRO PAIS,EXTRANJERA,2333
14,Córdoba,F,25 a 29,ARGENTINA,ARGENTINA,147564
14,Córdoba,F,25 a 29,OTRO PAIS,ARGENTINA,316
14,Córdoba,F,25 a 29,OTRO PAIS,EXTRANJERA,2704
14,Córdoba,F,30 a 34,ARGENTINA,ARGENTINA,146563
14,Córdoba,F,30 a 34,OTRO PAIS,ARGENTINA,409
14,Córdoba,F,30 a 34,OTRO PAIS,EXTRANJERA,3370
14,Córdoba,F,35 a 39,ARGENTINA,ARGENTINA,141320
14,Córdoba,F,35 a 39,OTRO PAIS,ARGENTINA,348
14,Córdoba,F,35 a 39,OTRO PAIS,EXTRANJERA,3827
14,Córdoba,F,40 a 44,ARGENTINA,ARGENTINA,136306
14,Córdoba,F,40 a 44,OTRO PAIS,ARGENTINA,351
14,Córdoba,F,40 a 44,OTRO PAIS,EXTRANJERA,3631
14,Córdoba,F,45 a 49,ARGENTINA,ARGENTINA,138445
14,Córdoba,F,45 a 49,OTRO PAIS,ARGENTINA,390
14,Córdoba,F,45 a 49,OTRO PAIS,EXTRANJERA,3003
14,Córdoba,F,5 a 9,ARGENTINA,ARGENTINA,125844
14,Córdoba,F,5 a 9,OTRO PAIS,ARGENTINA,205
14,Córdoba,F,5 a 9,OTRO PAIS,EXTRANJERA,462
14,Córdoba,F,50 a 54,ARGENTINA,ARGENTINA,115311
14,Córdoba,F,50 a 54,OTRO PAIS,ARGENTINA,331
14,Córdoba,F,50 a 54,OTRO PAIS,EXTRANJERA,2512
14,Córdoba,F,55 a 59,ARGENTINA,ARGENTINA,99314
14,Córdoba,F,55 a 59,OTRO PAIS,ARGENTINA,365
14,Córdoba,F,55 a 59,OTRO PAIS,EXTRANJERA,2096
14,Córdoba,F,60 a 64,ARGENTINA,ARGENTINA,93304
14,Córdoba,F,60 a 64,OTRO PAIS,ARGENTINA,369
14,Córdoba,F,60 a 64,OTRO PAIS,EXTRANJERA,1671
14,Córdoba,F,65 a 69,ARGENTINA,ARGENTINA,83239
14,Córdoba,F,65 a 69,OTRO PAIS,ARGENTINA,301
14,Córdoba,F,65 a 69,OTRO PAIS,EXTRANJERA,1331
14,Córdoba,F,70 a 74,ARGENTINA,ARGENTINA,73768
14,Córdoba,F,70 a 74,OTRO PAIS,ARGENTINA,304
14,Córdoba,F,70 a 74,OTRO PAIS,EXTRANJERA,978
14,Córdoba,F,75 a 79,ARGENTINA,ARGENTINA,59733
14,Córdoba,F,75 a 79,OTRO PAIS,ARGENTINA,313
14,Córdoba,F,75 a 79,OTRO PAIS,EXTRANJERA,954
14,Córdoba,F,80 a 84,ARGENTINA,ARGENTINA,41152
14,Córdoba,F,80 a 84,OTRO PAIS,ARGENTINA,246
14,Córdoba,F,80 a 84,OTRO PAIS,EXTRANJERA,696
14,Córdoba,F,85 a 89,ARGENTINA,ARGENTINA,23098
14,Córdoba,F,85 a 89,OTRO PAIS,ARGENTINA,105
14,Córdoba,F,85 a 89,OTRO PAIS,EXTRANJERA,461
14,Córdoba,F,90 a 94,ARGENTINA,ARGENTINA,10000
14,Córdoba,F,90 a 94,OTRO PAIS,ARGENTINA,50
14,Córdoba,F,90 a 94,OTRO PAIS,EXTRANJERA,206
14,Córdoba,F,95 a 99,ARGENTINA,ARGENTINA,2487
14,Córdoba,F,95 a 99,OTRO PAIS,ARGENTINA,11
14,Córdoba,F,95 a 99,OTRO PAIS,EXTRANJERA,63
14,Córdoba,M,0 a 4,ARGENTINA,ARGENTINA,90465
14,Córdoba,M,0 a 4,OTRO PAIS,ARGENTINA,214
14,Córdoba,M,0 a 4,OTRO PAIS,EXTRANJERA,141
14,Córdoba,M,10 a 14,ARGENTINA,ARGENTINA,149798
14,Córdoba,M,10 a 14,OTRO PAIS,ARGENTINA,306
14,Córdoba,M,10 a 14,OTRO PAIS,EXTRANJERA,1021
14,Córdoba,M,100 y +,ARGENTINA,ARGENTINA,82
14,Córdoba,M,100 y +,OTRO PAIS,ARGENTINA,1
14,Córdoba,M,100 y +,OTRO PAIS,EXTRANJERA,1
14,Córdoba,M,15 a 19,ARGENTINA,ARGENTINA,148490
14,Córdoba,M,15 a 19,OTRO PAIS,ARGENTINA,596
14,Córdoba,M,15 a 19,OTRO PAIS,EXTRANJERA,1591
14,Córdoba,M,20 a 24,ARGENTINA,ARGENTINA,148733
14,Córdoba,M,20 a 24,OTRO PAIS,ARGENTINA,522
14,Córdoba,M,20 a 24,OTRO PAIS,EXTRANJERA,2471
14,Córdoba,M,25 a 29,ARGENTINA,ARGENTINA,150310
14,Córdoba,M,25 a 29,OTRO PAIS,ARGENTINA,285
14,Córdoba,M,25 a 29,OTRO PAIS,EXTRANJERA,2755
14,Córdoba,M,30 a 34,ARGENTINA,ARGENTINA,148512
14,Córdoba,M,30 a 34,OTRO PAIS,ARGENTINA,409
14,Córdoba,M,30 a 34,OTRO PAIS,EXTRANJERA,3805
14,Córdoba,M,35 a 39,ARGENTINA,ARGENTINA,141775
14,Córdoba,M,35 a 39,OTRO PAIS,ARGENTINA,332
14,Córdoba,M,35 a 39,OTRO PAIS,EXTRANJERA,4294
14,Córdoba,M,40 a 44,ARGENTINA,ARGENTINA,136723
14,Córdoba,M,40 a 44,OTRO PAIS,ARGENTINA,362
14,Córdoba,M,40 a 44,OTRO PAIS,EXTRANJERA,3872
14,Córdoba,M,45 a 49,ARGENTINA,ARGENTINA,137450
14,Córdoba,M,45 a 49,OTRO PAIS,ARGENTINA,365
14,Córdoba,M,45 a 49,OTRO PAIS,EXTRANJERA,2966
14,Córdoba,M,5 a 9,ARGENTINA,ARGENTINA,130067
14,Córdoba,M,5 a 9,OTRO PAIS,ARGENTINA,258
14,Córdoba,M,5 a 9,OTRO PAIS,EXTRANJERA,505
14,Córdoba,M,50 a 54,ARGENTINA,ARGENTINA,113783
14,Córdoba,M,50 a 54,OTRO PAIS,ARGENTINA,269
14,Córdoba,M,50 a 54,OTRO PAIS,EXTRANJERA,2312
14,Córdoba,M,55 a 59,ARGENTINA,ARGENTINA,95657
14,Córdoba,M,55 a 59,OTRO PAIS,ARGENTINA,308
14,Córdoba,M,55 a 59,OTRO PAIS,EXTRANJERA,1856
14,Córdoba,M,60 a 64,ARGENTINA,ARGENTINA,86577
14,Córdoba,M,60 a 64,OTRO PAIS,ARGENTINA,264
14,Córdoba,M,60 a 64,OTRO PAIS,EXTRANJERA,1483
14,Córdoba,M,65 a 69,ARGENTINA,ARGENTINA,73750
14,Córdoba,M,65 a 69,OTRO PAIS,ARGENTINA,209
14,Córdoba,M,65 a 69,OTRO PAIS,EXTRANJERA,973
14,Córdoba,M,70 a 74,ARGENTINA,ARGENTINA,59519
14,Córdoba,M,70 a 74,OTRO PAIS,ARGENTINA,250
14,Córdoba,M,70 a 74,OTRO PAIS,EXTRANJERA,885
14,Córdoba,M,75 a 79,ARGENTINA,ARGENTINA,42999
14,Córdoba,M,75 a 79,OTRO PAIS,ARGENTINA,237
14,Córdoba,M,75 a 79,OTRO PAIS,EXTRANJERA,821
14,Córdoba,M,80 a 84,ARGENTINA,ARGENTINA,24567
14,Córdoba,M,80 a 84,OTRO PAIS,ARGENTINA,172
14,Córdoba,M,80 a 84,OTRO PAIS,EXTRANJERA,548
14,Córdoba,M,85 a 89,ARGENTINA,ARGENTINA,11309
14,Córdoba,M,85 a 89,OTRO PAIS,ARGENTINA,96
14,Córdoba,M,85 a 89,OTRO PAIS,EXTRANJERA,317
14,Córdoba,M,90 a 94,ARGENTINA,ARGENTINA,3725
14,Córdoba,M,90 a 94,OTRO PAIS,ARGENTINA,46
14,Córdoba,M,90 a 94,OTRO PAIS,EXTRANJERA,107
14,Córdoba,M,95 a 99,ARGENTINA,ARGENTINA,822
14,Córdoba,M,95 a 99,OTRO PAIS,ARGENTINA,9
14,Córdoba,M,95 a 99,OTRO PAIS,EXTRANJERA,21
14,Córdoba,X,15 a 19,ARGENTINA,ARGENTINA,8
14,Córdoba,X,20 a 24,ARGENTINA,ARGENTINA,27
14,Córdoba,X,25 a 29,ARGENTINA,ARGENTINA,32
14,Córdoba,X,25 a 29,OTRO PAIS,EXTRANJERA,1
14,Córdoba,X,30 a 34,ARGENTINA,ARGENTINA,33
14,Córdoba,X,35 a 39,ARGENTINA,ARGENTINA,22
14,Córdoba,X,40 a 44,ARGENTINA,ARGENTINA,6
14,Córdoba,X,45 a 49,ARGENTINA,ARGENTINA,2
14,Córdoba,X,50 a 54,ARGENTINA,ARGENTINA,5
14,Córdoba,X,50 a 54,OTRO PAIS,EXTRANJERA,1
14,Córdoba,X,55 a 59,ARGENTINA,ARGENTINA,2
14,Córdoba,X,60 a 64,ARGENTINA,ARGENTINA,1
18,Corrientes,F,0 a 4,ARGENTINA,ARGENTINA,31959
18,Corrientes,F,0 a 4,OTRO PAIS,ARGENTINA,48
18,Corrientes,F,0 a 4,OTRO PAIS,EXTRANJERA,25
18,Corrientes,F,10 a 14,ARGENTINA,ARGENTINA,48437
18,Corrientes,F,10 a 14,OTRO PAIS,ARGENTINA,79
18,Corrientes,F,10 a 14,OTRO PAIS,EXTRANJERA,121
18,Corrientes,F,100 y +,ARGENTINA,ARGENTINA,112
18,Corrientes,F,100 y +,OTRO PAIS,ARGENTINA,1
18,Corrientes,F,100 y +,OTRO PAIS,EXTRANJERA,5
18,Corrientes,F,15 a 19,ARGENTINA,ARGENTINA,48120
18,Corrientes,F,15 a 19,OTRO PAIS,ARGENTINA,68
18,Corrientes,F,15 a 19,OTRO PAIS,EXTRANJERA,203
18,Corrientes,F,20 a 24,ARGENTINA,ARGENTINA,48957
18,Corrientes,F,20 a 24,OTRO PAIS,ARGENTINA,53
18,Corrientes,F,20 a 24,OTRO PAIS,EXTRANJERA,647
18,Corrientes,F,25 a 29,ARGENTINA,ARGENTINA,50086
18,Corrientes,F,25 a 29,OTRO PAIS,ARGENTINA,36
18,Corrientes,F,25 a 29,OTRO PAIS,EXTRANJERA,610
18,Corrientes,F,30 a 34,ARGENTINA,ARGENTINA,49437
18,Corrientes,F,30 a 34,OTRO PAIS,ARGENTINA,41
18,Corrientes,F,30 a 34,OTRO PAIS,EXTRANJERA,560
18,Corrientes,F,35 a 39,ARGENTINA,ARGENTINA,45425
18,Corrientes,F,35 a 39,OTRO PAIS,ARGENTINA,31
18,Corrientes,F,35 a 39,OTRO PAIS,EXTRANJERA,552
18,Corrientes,F,40 a 44,ARGENTINA,ARGENTINA,40022
18,Corrientes,F,40 a 44,OTRO PAIS,ARGENTINA,37
18,Corrientes,F,40 a 44,OTRO PAIS,EXTRANJERA,496
18,Corrientes,F,45 a 49,ARGENTINA,ARGENTINA,38859
18,Corrientes,F,45 a 49,OTRO PAIS,ARGENTINA,31
18,Corrientes,F,45 a 49,OTRO PAIS,EXTRANJERA,448
18,Corrientes,F,5 a 9,ARGENTINA,ARGENTINA,44790
18,Corrientes,F,5 a 9,OTRO PAIS,ARGENTINA,74
18,Corrientes,F,5 a 9,OTRO PAIS,EXTRANJERA,57
18,Corrientes,F,50 a 54,ARGENTINA,ARGENTINA,31998
18,Corrientes,F,50 a 54,OTRO PAIS,ARGENTINA,30
18,Corrientes,F,50 a 54,OTRO PAIS,EXTRANJERA,382
18,Corrientes,F,55 a 59,ARGENTINA,ARGENTINA,27647
18,Corrientes,F,55 a 59,OTRO PAIS,ARGENTINA,50
18,Corrientes,F,55 a 59,OTRO PAIS,EXTRANJERA,373
18,Corrientes,F,60 a 64,ARGENTINA,ARGENTINA,26091
18,Corrientes,F,60 a 64,OTRO PAIS,ARGENTINA,59
18,Corrientes,F,60 a 64,OTRO PAIS,EXTRANJERA,334
18,Corrientes,F,65 a 69,ARGENTINA,ARGENTINA,22524
18,Corrientes,F,65 a 69,OTRO PAIS,ARGENTINA,70
18,Corrientes,F,65 a 69,OTRO PAIS,EXTRANJERA,285
18,Corrientes,F,70 a 74,ARGENTINA,ARGENTINA,18500
18,Corrientes,F,70 a 74,OTRO PAIS,ARGENTINA,72
18,Corrientes,F,70 a 74,OTRO PAIS,EXTRANJERA,282
18,Corrientes,F,75 a 79,ARGENTINA,ARGENTINA,12844
18,Corrientes,F,75 a 79,OTRO PAIS,ARGENTINA,87
18,Corrientes,F,75 a 79,OTRO PAIS,EXTRANJERA,223
18,Corrientes,F,80 a 84,ARGENTINA,ARGENTINA,8078
18,Corrientes,F,80 a 84,OTRO PAIS,ARGENTINA,78
18,Corrientes,F,80 a 84,OTRO PAIS,EXTRANJERA,163
18,Corrientes,F,85 a 89,ARGENTINA,ARGENTINA,4614
18,Corrientes,F,85 a 89,OTRO PAIS,ARGENTINA,46
18,Corrientes,F,85 a 89,OTRO PAIS,EXTRANJERA,88
18,Corrientes,F,90 a 94,ARGENTINA,ARGENTINA,2003
18,Corrientes,F,90 a 94,OTRO PAIS,ARGENTINA,22
18,Corrientes,F,90 a 94,OTRO PAIS,EXTRANJERA,39
18,Corrientes,F,95 a 99,ARGENTINA,ARGENTINA,672
18,Corrientes,F,95 a 99,OTRO PAIS,ARGENTINA,8
18,Corrientes,F,95 a 99,OTRO PAIS,EXTRANJERA,17
18,Corrientes,M,0 a 4,ARGENTINA,ARGENTINA,33067
18,Corrientes,M,0 a 4,OTRO PAIS,ARGENTINA,46
18,Corrientes,M,0 a 4,OTRO PAIS,EXTRANJERA,21
18,Corrientes,M,10 a 14,ARGENTINA,ARGENTINA,50715
18,Corrientes,M,10 a 14,OTRO PAIS,ARGENTINA,93
18,Corrientes,M,10 a 14,OTRO PAIS,EXTRANJERA,105
18,Corrientes,M,100 y +,ARGENTINA,ARGENTINA,55
18,Corrientes,M,100 y +,OTRO PAIS,ARGENTINA,2
18,Corrientes,M,100 y +,OTRO PAIS,EXTRANJERA,4
18,Corrientes,M,15 a 19,ARGENTINA,ARGENTINA,50638
18,Corrientes,M,15 a 19,OTRO PAIS,ARGENTINA,73
18,Corrientes,M,15 a 19,OTRO PAIS,EXTRANJERA,167
18,Corrientes,M,20 a 24,ARGENTINA,ARGENTINA,51368
18,Corrientes,M,20 a 24,OTRO PAIS,ARGENTINA,83
18,Corrientes,M,20 a 24,OTRO PAIS,EXTRANJERA,456
18,Corrientes,M,25 a 29,ARGENTINA,ARGENTINA,51945
18,Corrientes,M,25 a 29,OTRO PAIS,ARGENTINA,55
18,Corrientes,M,25 a 29,OTRO PAIS,EXTRANJERA,578
18,Corrientes,M,30 a 34,ARGENTINA,ARGENTINA,50929
18,Corrientes,M,30 a 34,OTRO PAIS,ARGENTINA,45
18,Corrientes,M,30 a 34,OTRO PAIS,EXTRANJERA,617
18,Corrientes,M,35 a 39,ARGENTINA,ARGENTINA,46225
18,Corrientes,M,35 a 39,OTRO PAIS,ARGENTINA,26
18,Corrientes,M,35 a 39,OTRO PAIS,EXTRANJERA,599
18,Corrientes,M,40 a 44,ARGENTINA,ARGENTINA,41920
18,Corrientes,M,40 a 44,OTRO PAIS,ARGENTINA,31
18,Corrientes,M,40 a 44,OTRO PAIS,EXTRANJERA,545
18,Corrientes,M,45 a 49,ARGENTINA,ARGENTINA,40169
18,Corrientes,M,45 a 49,OTRO PAIS,ARGENTINA,29
18,Corrientes,M,45 a 49,OTRO PAIS,EXTRANJERA,502
18,Corrientes,M,5 a 9,ARGENTINA,ARGENTINA,45974
18,Corrientes,M,5 a 9,OTRO PAIS,ARGENTINA,99
18,Corrientes,M,5 a 9,OTRO PAIS,EXTRANJERA,48
18,Corrientes,M,50 a 54,ARGENTINA,ARGENTINA,32789
18,Corrientes,M,50 a 54,OTRO PAIS,ARGENTINA,32
18,Corrientes,M,50 a 54,OTRO PAIS,EXTRANJERA,435
18,Corrientes,M,55 a 59,ARGENTINA,ARGENTINA,27922
18,Corrientes,M,55 a 59,OTRO PAIS,ARGENTINA,55
18,Corrientes,M,55 a 59,OTRO PAIS,EXTRANJERA,401
18,Corrientes,M,60 a 64,ARGENTINA,ARGENTINA,25862
18,Corrientes,M,60 a 64,OTRO PAIS,ARGENTINA,47
18,Corrientes,M,60 a 64,OTRO PAIS,EXTRANJERA,366
18,Corrientes,M,65 a 69,ARGENTINA,ARGENTINA,21688
18,Corrientes,M,65 a 69,OTRO PAIS,ARGENTINA,57
18,Corrientes,M,65 a 69,OTRO PAIS,EXTRANJERA,268
18,Corrientes,M,70 a 74,ARGENTINA,ARGENTINA,17395
18,Corrientes,M,70 a 74,OTRO PAIS,ARGENTINA,81
18,Corrientes,M,70 a 74,OTRO PAIS,EXTRANJERA,306
18,Corrientes,M,75 a 79,ARGENTINA,ARGENTINA,10484
18,Corrientes,M,75 a 79,OTRO PAIS,ARGENTINA,72
18,Corrientes,M,75 a 79,OTRO PAIS,EXTRANJERA,275
18,Corrientes,M,80 a 84,ARGENTINA,ARGENTINA,5570
18,Corrientes,M,80 a 84,OTRO PAIS,ARGENTINA,63
18,Corrientes,M,80 a 84,OTRO PAIS,EXTRANJERA,182
18,Corrientes,M,85 a 89,ARGENTINA,ARGENTINA,2605
18,Corrientes,M,85 a 89,OTRO PAIS,ARGENTINA,25
18,Corrientes,M,85 a 89,OTRO PAIS,EXTRANJERA,66
18,Corrientes,M,90 a 94,ARGENTINA,ARGENTINA,909
18,Corrientes,M,90 a 94,OTRO PAIS,ARGENTINA,7
18,Corrientes,M,90 a 94,OTRO PAIS,EXTRANJERA,29
18,Corrientes,M,95 a 99,ARGENTINA,ARGENTINA,298
18,Corrientes,M,95 a 99,OTRO PAIS,ARGENTINA,1
18,Corrientes,M,95 a 99,OTRO PAIS,EXTRANJERA,17
18,Corrientes,X,15 a 19,ARGENTINA,ARGENTINA,2
18,Corrientes,X,20 a 24,ARGENTINA,ARGENTINA,5
18,Corrientes,X,25 a 29,ARGENTINA,ARGENTINA,2
18,Corrientes,X,30 a 34,ARGENTINA,ARGENTINA,2
18,Corrientes,X,35 a 39,ARGENTINA,ARGENTINA,1
18,Corrientes,X,40 a 44,ARGENTINA,ARGENTINA,1
18,Corrientes,X,45 a 49,ARGENTINA,ARGENTINA,1
18,Corrientes,X,50 a 54,ARGENTINA,ARGENTINA,1
18,Corrientes,X,50 a 54,OTRO PAIS,EXTRANJERA,1
18,Corrientes,X,55 a 59,ARGENTINA,ARGENTINA,2
22,Chaco,F,0 a 4,ARGENTINA,ARGENTINA,33226
22,Chaco,F,0 a 4,OTRO PAIS,ARGENTINA,13
22,Chaco,F,0 a 4,OTRO PAIS,EXTRANJERA,18
22,Chaco,F,10 a 14,ARGENTINA,ARGENTINA,57842
22,Chaco,F,10 a 14,OTRO PAIS,ARGENTINA,15
22,Chaco,F,10 a 14,OTRO PAIS,EXTRANJERA,66
22,Chaco,F,100 y +,ARGENTINA,ARGENTINA,128
22,Chaco,F,100 y +,OTRO PAIS,ARGENTINA,2
22,Chaco,F,100 y +,OTRO PAIS,EXTRANJERA,9
22,Chaco,F,15 a 19,ARGENTINA,ARGENTINA,53647
22,Chaco,F,15 a 19,OTRO PAIS,ARGENTINA,32
22,Chaco,F,15 a 19,OTRO PAIS,EXTRANJERA,98
22,Chaco,F,20 a 24,ARGENTINA,ARGENTINA,54916
22,Chaco,F,20 a 24,OTRO PAIS,ARGENTINA,35
22,Chaco,F,20 a 24,OTRO PAIS,EXTRANJERA,181
22,Chaco,F,25 a 29,ARGENTINA,ARGENTINA,55659
22,Chaco,F,25 a 29,OTRO PAIS,ARGENTINA,25
22,Chaco,F,25 a 29,OTRO PAIS,EXTRANJERA,181
22,Chaco,F,30 a 34,ARGENTINA,ARGENTINA,56261
22,Chaco,F,30 a 34,OTRO PAIS,ARGENTINA,28
22,Chaco,F,30 a 34,OTRO PAIS,EXTRANJERA,199
22,Chaco,F,35 a 39,ARGENTINA,ARGENTINA,49995
22,Chaco,F,35 a 39,OTRO PAIS,ARGENTINA,12
22,Chaco,F,35 a 39,OTRO PAIS,EXTRANJERA,271
22,Chaco,F,40 a 44,ARGENTINA,ARGENTINA,45374
22,Chaco,F,40 a 44,OTRO PAIS,ARGENTINA,23
22,Chaco,F,40 a 44,OTRO PAIS,EXTRANJERA,254
22,Chaco,F,45 a 49,ARGENTINA,ARGENTINA,42019
22,Chaco,F,45 a 49,OTRO PAIS,ARGENTINA,16
22,Chaco,F,45 a 49,OTRO PAIS,EXTRANJERA,240
22,Chaco,F,5 a 9,ARGENTINA,ARGENTINA,52548
22,Chaco,F,5 a 9,OTRO PAIS,ARGENTINA,18
22,Chaco,F,5 a 9,OTRO PAIS,EXTRANJERA,27
22,Chaco,F,50 a 54,ARGENTINA,ARGENTINA,33414
22,Chaco,F,50 a 54,OTRO PAIS,ARGENTINA,20
22,Chaco,F,50 a 54,OTRO PAIS,EXTRANJERA,197
22,Chaco,F,55 a 59,ARGENTINA,ARGENTINA,28759
22,Chaco,F,55 a 59,OTRO PAIS,ARGENTINA,30
22,Chaco,F,55 a 59,OTRO PAIS,EXTRANJERA,203
22,Chaco,F,60 a 64,ARGENTINA,ARGENTINA,26371
22,Chaco,F,60 a 64,OTRO PAIS,ARGENTINA,31
22,Chaco,F,60 a 64,OTRO PAIS,EXTRANJERA,221
22,Chaco,F,65 a 69,ARGENTINA,ARGENTINA,23127
22,Chaco,F,65 a 69,OTRO PAIS,ARGENTINA,52
22,Chaco,F,65 a 69,OTRO PAIS,EXTRANJERA,218
22,Chaco,F,70 a 74,ARGENTINA,ARGENTINA,18111
22,Chaco,F,70 a 74,OTRO PAIS,ARGENTINA,57
22,Chaco,F,70 a 74,OTRO PAIS,EXTRANJERA,224
22,Chaco,F,75 a 79,ARGENTINA,ARGENTINA,11923
22,Chaco,F,75 a 79,OTRO PAIS,ARGENTINA,73
22,Chaco,F,75 a 79,OTRO PAIS,EXTRANJERA,174
22,Chaco,F,80 a 84,ARGENTINA,ARGENTINA,7829
22,Chaco,F,80 a 84,OTRO PAIS,ARGENTINA,53
22,Chaco,F,80 a 84,OTRO PAIS,EXTRANJERA,176
22,Chaco,F,85 a 89,ARGENTINA,ARGENTINA,4581
22,Chaco,F,85 a 89,OTRO PAIS,ARGENTINA,38
22,Chaco,F,85 a 89,OTRO PAIS,EXTRANJERA,89
22,Chaco,F,90 a 94,ARGENTINA,ARGENTINA,1880
22,Chaco,F,90 a 94,OTRO PAIS,ARGENTINA,21
22,Chaco,F,90 a 94,OTRO PAIS,EXTRANJERA,57
22,Chaco,F,95 a 99,ARGENTINA,ARGENTINA,615
22,Chaco,F,95 a 99,OTRO PAIS,ARGENTINA,14
22,Chaco,F,95 a 99,OTRO PAIS,EXTRANJERA,25
22,Chaco,M,0 a 4,ARGENTINA,ARGENTINA,34247
22,Chaco,M,0 a 4,OTRO PAIS,ARGENTINA,11
22,Chaco,M,0 a 4,OTRO PAIS,EXTRANJERA,7
22,Chaco,M,10 a 14,ARGENTINA,ARGENTINA,59416
22,Chaco,M,10 a 14,OTRO PAIS,ARGENTINA,13
22,Chaco,M,10 a 14,OTRO PAIS,EXTRANJERA,61
22,Chaco,M,100 y +,ARGENTINA,ARGENTINA,46
22,Chaco,M,100 y +,OTRO PAIS,EXTRANJERA,6
22,Chaco,M,15 a 19,ARGENTINA,ARGENTINA,54861
22,Chaco,M,15 a 19,OTRO PAIS,ARGENTINA,33
22,Chaco,M,15 a 19,OTRO PAIS,EXTRANJERA,140
22,Chaco,M,20 a 24,ARGENTINA,ARGENTINA,56410
22,Chaco,M,20 a 24,OTRO PAIS,ARGENTINA,24
22,Chaco,M,20 a 24,OTRO PAIS,EXTRANJERA,218
22,Chaco,M,25 a 29,ARGENTINA,ARGENTINA,56689
22,Chaco,M,25 a 29,OTRO PAIS,ARGENTINA,28
22,Chaco,M,25 a 29,OTRO PAIS,EXTRANJERA,186
22,Chaco,M,30 a 34,ARGENTINA,ARGENTINA,56475
22,Chaco,M,30 a 34,OTRO PAIS,ARGENTINA,22
22,Chaco,M,30 a 34,OTRO PAIS,EXTRANJERA,274
22,Chaco,M,35 a 39,ARGENTINA,ARGENTINA,50407
22,Chaco,M,35 a 39,OTRO PAIS,ARGENTINA,26
22,Chaco,M,35 a 39,OTRO PAIS,EXTRANJERA,346
22,Chaco,M,40 a 44,ARGENTINA,ARGENTINA,45179
22,Chaco,M,40 a 44,OTRO PAIS,ARGENTINA,27
22,Chaco,M,40 a 44,OTRO PAIS,EXTRANJERA,300
22,Chaco,M,45 a 49,ARGENTINA,ARGENTINA,42961
22,Chaco,M,45 a 49,OTRO PAIS,ARGENTINA,24
22,Chaco,M,45 a 49,OTRO PAIS,EXTRANJERA,254
22,Chaco,M,5 a 9,ARGENTINA,ARGENTINA,54148
22,Chaco,M,5 a 9,OTRO PAIS,ARGENTINA,11
22,Chaco,M,5 a 9,OTRO PAIS,EXTRANJERA,36
22,Chaco,M,50 a 54,ARGENTINA,ARGENTINA,34076
22,Chaco,M,50 a 54,OTRO PAIS,ARGENTINA,19
22,Chaco,M,50 a 54,OTRO PAIS,EXTRANJERA,167
22,Chaco,M,55 a 59,ARGENTINA,ARGENTINA,28426
22,Chaco,M,55 a 59,OTRO PAIS,ARGENTINA,29
22,Chaco,M,55 a 59,OTRO PAIS,EXTRANJERA,160
22,Chaco,M,60 a 64,ARGENTINA,ARGENTINA,26047
22,Chaco,M,60 a 64,OTRO PAIS,ARGENTINA,28
22,Chaco,M,60 a 64,OTRO PAIS,EXTRANJERA,163
22,Chaco,M,65 a 69,ARGENTINA,ARGENTINA,21965
22,Chaco,M,65 a 69,OTRO PAIS,ARGENTINA,36
22,Chaco,M,65 a 69,OTRO PAIS,EXTRANJERA,161
22,Chaco,M,70 a 74,ARGENTINA,ARGENTINA,16694
22,Chaco,M,70 a 74,OTRO PAIS,ARGENTINA,52
22,Chaco,M,70 a 74,OTRO PAIS,EXTRANJERA,212
22,Chaco,M,75 a 79,ARGENTINA,ARGENTINA,10004
22,Chaco,M,75 a 79,OTRO PAIS,ARGENTINA,54
22,Chaco,M,75 a 79,OTRO PAIS,EXTRANJERA,147
22,Chaco,M,80 a 84,ARGENTINA,ARGENTINA,5283
22,Chaco,M,80 a 84,OTRO PAIS,ARGENTINA,38
22,Chaco,M,80 a 84,OTRO PAIS,EXTRANJERA,137
22,Chaco,M,85 a 89,ARGENTINA,ARGENTINA,2536
22,Chaco,M,85 a 89,OTRO PAIS,ARGENTINA,21
22,Chaco,M,85 a 89,OTRO PAIS,EXTRANJERA,70
22,Chaco,M,90 a 94,ARGENTINA,ARGENTINA,964
22,Chaco,M,90 a 94,OTRO PAIS,ARGENTINA,5
22,Chaco,M,90 a 94,OTRO PAIS,EXTRANJERA,35
22,Chaco,M,95 a 99,ARGENTINA,ARGENTINA,289
22,Chaco,M,95 a 99,OTRO PAIS,ARGENTINA,4
22,Chaco,M,95 a 99,OTRO PAIS,EXTRANJERA,22
22,Chaco,X,20 a 24,ARGENTINA,ARGENTINA,5
22,Chaco,X,25 a 29,ARGENTINA,ARGENTINA,3
22,Chaco,X,30 a 34,ARGENTINA,ARGENTINA,4
22,Chaco,X,35 a 39,ARGENTINA,ARGENTINA,3
26,Chubut,F,0 a 4,ARGENTINA,ARGENTINA,12439
26,Chubut,F,0 a 4,OTRO PAIS,ARGENTINA,18
26,Chubut,F,0 a 4,OTRO PAIS,EXTRANJERA,55
26,Chubut,F,10 a 14,ARGENTINA,ARGENTINA,24126
26,Chubut,F,10 a 14,OTRO PAIS,ARGENTINA,30
26,Chubut,F,10 a 14,OTRO PAIS,EXTRANJERA,285
26,Chubut,F,100 y +,ARGENTINA,ARGENTINA,77
26,Chubut,F,100 y +,OTRO PAIS,ARGENTINA,9
26,Chubut,F,100 y +,OTRO PAIS,EXTRANJERA,22
26,Chubut,F,15 a 19,ARGENTINA,ARGENTINA,23948
26,Chubut,F,15 a 19,OTRO PAIS,ARGENTINA,53
26,Chubut,F,15 a 19,OTRO PAIS,EXTRANJERA,472
26,Chubut,F,20 a 24,ARGENTINA,ARGENTINA,21860
26,Chubut,F,20 a 24,OTRO PAIS,ARGENTINA,80
26,Chubut,F,20 a 24,OTRO PAIS,EXTRANJERA,815
26,Chubut,F,25 a 29,ARGENTINA,ARGENTINA,22796
26,Chubut,F,25 a 29,OTRO PAIS,ARGENTINA,80
26,Chubut,F,25 a 29,OTRO PAIS,EXTRANJERA,870
26,Chubut,F,30 a 34,ARGENTINA,ARGENTINA,23718
26,Chubut,F,30 a 34,OTRO PAIS,ARGENTINA,89
26,Chubut,F,30 a 34,OTRO PAIS,EXTRANJERA,1060
26,Chubut,F,35 a 39,ARGENTINA,ARGENTINA,23551
26,Chubut,F,35 a 39,OTRO PAIS,ARGENTINA,144
26,Chubut,F,35 a 39,OTRO PAIS,EXTRANJERA,1245
26,Chubut,F,40 a 44,ARGENTINA,ARGENTINA,22622
26,Chubut,F,40 a 44,OTRO PAIS,ARGENTINA,236
26,Chubut,F,40 a 44,OTRO PAIS,EXTRANJERA,1211
26,Chubut,F,45 a 49,ARGENTINA,ARGENTINA,22081
26,Chubut,F,45 a 49,OTRO PAIS,ARGENTINA,282
26,Chubut,F,45 a 49,OTRO PAIS,EXTRANJERA,985
26,Chubut,F,5 a 9,ARGENTINA,ARGENTINA,19595
26,Chubut,F,5 a 9,OTRO PAIS,ARGENTINA,22
26,Chubut,F,5 a 9,OTRO PAIS,EXTRANJERA,137
26,Chubut,F,50 a 54,ARGENTINA,ARGENTINA,17737
26,Chubut,F,50 a 54,OTRO PAIS,ARGENTINA,299
26,Chubut,F,50 a 54,OTRO PAIS,EXTRANJERA,913
26,Chubut,F,55 a 59,ARGENTINA,ARGENTINA,14377
26,Chubut,F,55 a 59,OTRO PAIS,ARGENTINA,376
26,Chubut,F,55 a 59,OTRO PAIS,EXTRANJERA,882
26,Chubut,F,60 a 64,ARGENTINA,ARGENTINA,12835
26,Chubut,F,60 a 64,OTRO PAIS,ARGENTINA,437
26,Chubut,F,60 a 64,OTRO PAIS,EXTRANJERA,951
26,Chubut,F,65 a 69,ARGENTINA,ARGENTINA,10756
26,Chubut,F,65 a 69,OTRO PAIS,ARGENTINA,615
26,Chubut,F,65 a 69,OTRO PAIS,EXTRANJERA,901
26,Chubut,F,70 a 74,ARGENTINA,ARGENTINA,8920
26,Chubut,F,70 a 74,OTRO PAIS,ARGENTINA,654
26,Chubut,F,70 a 74,OTRO PAIS,EXTRANJERA,782
26,Chubut,F,75 a 79,ARGENTINA,ARGENTINA,6119
26,Chubut,F,75 a 79,OTRO PAIS,ARGENTINA,613
26,Chubut,F,75 a 79,OTRO PAIS,EXTRANJERA,638
26,Chubut,F,80 a 84,ARGENTINA,ARGENTINA,4025
26,Chubut,F,80 a 84,OTRO PAIS,ARGENTINA,494
26,Chubut,F,80 a 84,OTRO PAIS,EXTRANJERA,497
26,Chubut,F,85 a 89,ARGENTINA,ARGENTINA,2413
26,Chubut,F,85 a 89,OTRO PAIS,ARGENTINA,324
26,Chubut,F,85 a 89,OTRO PAIS,EXTRANJERA,346
26,Chubut,F,90 a 94,ARGENTINA,ARGENTINA,1202
26,Chubut,F,90 a 94,OTRO PAIS,ARGENTINA,135
26,Chubut,F,90 a 94,OTRO PAIS,EXTRANJERA,209
26,Chubut,F,95 a 99,ARGENTINA,ARGENTINA,452
26,Chubut,F,95 a 99,OTRO PAIS,ARGENTINA,47
26,Chubut,F,95 a 99,OTRO PAIS,EXTRANJERA,77
26,Chubut,M,0 a 4,ARGENTINA,ARGENTINA,13006
26,Chubut,M,0 a 4,OTRO PAIS,ARGENTINA,14
26,Chubut,M,0 a 4,OTRO PAIS,EXTRANJERA,55
26,Chubut,M,10 a 14,ARGENTINA,ARGENTINA,25108
26,Chubut,M,10 a 14,OTRO PAIS,ARGENTINA,46
26,Chubut,M,10 a 14,OTRO PAIS,EXTRANJERA,314
26,Chubut,M,100 y +,ARGENTINA,ARGENTINA,19
26,Chubut,M,100 y +,OTRO PAIS,ARGENTINA,6
26,Chubut,M,100 y +,OTRO PAIS,EXTRANJERA,7
26,Chubut,M,15 a 19,ARGENTINA,ARGENTINA,24545
26,Chubut,M,15 a 19,OTRO PAIS,ARGENTINA,60
26,Chubut,M,15 a 19,OTRO PAIS,EXTRANJERA,513
26,Chubut,M,20 a 24,ARGENTINA,ARGENTINA,22630
26,Chubut,M,20 a 24,OTRO PAIS,ARGENTINA,83
26,Chubut,M,20 a 24,OTRO PAIS,EXTRANJERA,810
26,Chubut,M,25 a 29,ARGENTINA,ARGENTINA,23709
26,Chubut,M,25 a 29,OTRO PAIS,ARGENTINA,61
26,Chubut,M,25 a 29,OTRO PAIS,EXTRANJERA,875
26,Chubut,M,30 a 34,ARGENTINA,ARGENTINA,24189
26,Chubut,M,30 a 34,OTRO PAIS,ARGENTINA,82
26,Chubut,M,30 a 34,OTRO PAIS,EXTRANJERA,1102
26,Chubut,M,35 a 39,ARGENTINA,ARGENTINA,23810
26,Chubut,M,35 a 39,OTRO PAIS,ARGENTINA,142
26,Chubut,M,35 a 39,OTRO PAIS,EXTRANJERA,1328
26,Chubut,M,40 a 44,ARGENTINA,ARGENTINA,23175
26,Chubut,M,40 a 44,OTRO PAIS,ARGENTINA,170
26,Chubut,M,40 a 44,OTRO PAIS,EXTRANJERA,1265
26,Chubut,M,45 a 49,ARGENTINA,ARGENTINA,22627
26,Chubut,M,45 a 49,OTRO PAIS,ARGENTINA,192
26,Chubut,M,45 a 49,OTRO PAIS,EXTRANJERA,1074
26,Chubut,M,5 a 9,ARGENTINA,ARGENTINA,20262
26,Chubut,M,5 a 9,OTRO PAIS,ARGENTINA,27
26,Chubut,M,5 a 9,OTRO PAIS,EXTRANJERA,136
26,Chubut,M,50 a 54,ARGENTINA,ARGENTINA,18116
26,Chubut,M,50 a 54,OTRO PAIS,ARGENTINA,178
26,Chubut,M,50 a 54,OTRO PAIS,EXTRANJERA,900
26,Chubut,M,55 a 59,ARGENTINA,ARGENTINA,13898
26,Chubut,M,55 a 59,OTRO PAIS,ARGENTINA,258
26,Chubut,M,55 a 59,OTRO PAIS,EXTRANJERA,902
26,Chubut,M,60 a 64,ARGENTINA,ARGENTINA,12662
26,Chubut,M,60 a 64,OTRO PAIS,ARGENTINA,309
26,Chubut,M,60 a 64,OTRO PAIS,EXTRANJERA,909
26,Chubut,M,65 a 69,ARGENTINA,ARGENTINA,10455
26,Chubut,M,65 a 69,OTRO PAIS,ARGENTINA,410
26,Chubut,M,65 a 69,OTRO PAIS,EXTRANJERA,756
26,Chubut,M,70 a 74,ARGENTINA,ARGENTINA,7995
26,Chubut,M,70 a 74,OTRO PAIS,ARGENTINA,504
26,Chubut,M,70 a 74,OTRO PAIS,EXTRANJERA,699
26,Chubut,M,75 a 79,ARGENTINA,ARGENTINA,4955
26,Chubut,M,75 a 79,OTRO PAIS,ARGENTINA,460
26,Chubut,M,75 a 79,OTRO PAIS,EXTRANJERA,559
26,Chubut,M,80 a 84,ARGENTINA,ARGENTINA,2904
26,Chubut,M,80 a 84,OTRO PAIS,ARGENTINA,341
26,Chubut,M,80 a 84,OTRO PAIS,EXTRANJERA,363
26,Chubut,M,85 a 89,ARGENTINA,ARGENTINA,1456
26,Chubut,M,85 a 89,OTRO PAIS,ARGENTINA,230
26,Chubut,M,85 a 89,OTRO PAIS,EXTRANJERA,206
26,Chubut,M,90 a 94,ARGENTINA,ARGENTINA,561
26,Chubut,M,90 a 94,OTRO PAIS,ARGENTINA,96
26,Chubut,M,90 a 94,OTRO PAIS,EXTRANJERA,86
26,Chubut,M,95 a 99,ARGENTINA,ARGENTINA,154
26,Chubut,M,95 a 99,OTRO PAIS,ARGENTINA,36
26,Chubut,M,95 a 99,OTRO PAIS,EXTRANJERA,45
26,Chubut,X,15 a 19,ARGENTINA,ARGENTINA,6
26,Chubut,X,20 a 24,ARGENTINA,ARGENTINA,11
26,Chubut,X,25 a 29,ARGENTINA,ARGENTINA,15
26,Chubut,X,30 a 34,ARGENTINA,ARGENTINA,5
26,Chubut,X,35 a 39,ARGENTINA,ARGENTINA,7
26,Chubut,X,40 a 44,ARGENTINA,ARGENTINA,1
26,Chubut,X,45 a 49,ARGENTINA,ARGENTINA,1
26,Chubut,X,50 a 54,ARGENTINA,ARGENTINA,2
26,Chubut,X,65 a 69,ARGENTINA,ARGENTINA,1
30,Entre Ríos,F,0 a 4,ARGENTINA,ARGENTINA,32305
30,Entre Ríos,F,0 a 4,OTRO PAIS,ARGENTINA,35
30,Entre Ríos,F,0 a 4,OTRO PAIS,EXTRANJERA,11
30,Entre Ríos,F,10 a 14,ARGENTINA,ARGENTINA,55893
30,Entre Ríos,F,10 a 14,OTRO PAIS,ARGENTINA,62
30,Entre Ríos,F,10 a 14,OTRO PAIS,EXTRANJERA,143
30,Entre Ríos,F,100 y +,ARGENTINA,ARGENTINA,141
30,Entre Ríos,F,100 y +,OTRO PAIS,ARGENTINA,1
30,Entre Ríos,F,100 y +,OTRO PAIS,EXTRANJERA,9
30,Entre Ríos,F,15 a 19,ARGENTINA,ARGENTINA,53624
30,Entre Ríos,F,15 a 19,OTRO PAIS,ARGENTINA,93
30,Entre Ríos,F,15 a 19,OTRO PAIS,EXTRANJERA,241
30,Entre Ríos,F,20 a 24,ARGENTINA,ARGENTINA,54949
30,Entre Ríos,F,20 a 24,OTRO PAIS,ARGENTINA,108
30,Entre Ríos,F,20 a 24,OTRO PAIS,EXTRANJERA,668
30,Entre Ríos,F,25 a 29,ARGENTINA,ARGENTINA,56706
30,Entre Ríos,F,25 a 29,OTRO PAIS,ARGENTINA,66
30,Entre Ríos,F,25 a 29,OTRO PAIS,EXTRANJERA,603
30,Entre Ríos,F,30 a 34,ARGENTINA,ARGENTINA,55271
30,Entre Ríos,F,30 a 34,OTRO PAIS,ARGENTINA,67
30,Entre Ríos,F,30 a 34,OTRO PAIS,EXTRANJERA,572
30,Entre Ríos,F,35 a 39,ARGENTINA,ARGENTINA,53389
30,Entre Ríos,F,35 a 39,OTRO PAIS,ARGENTINA,68
30,Entre Ríos,F,35 a 39,OTRO PAIS,EXTRANJERA,548
30,Entre Ríos,F,40 a 44,ARGENTINA,ARGENTINA,50459
30,Entre Ríos,F,40 a 44,OTRO PAIS,ARGENTINA,91
30,Entre Ríos,F,40 a 44,OTRO PAIS,EXTRANJERA,569
30,Entre Ríos,F,45 a 49,ARGENTINA,ARGENTINA,49796
30,Entre Ríos,F,45 a 49,OTRO PAIS,ARGENTINA,106
30,Entre Ríos,F,45 a 49,OTRO PAIS,EXTRANJERA,481
30,Entre Ríos,F,5 a 9,ARGENTINA,ARGENTINA,47871
30,Entre Ríos,F,5 a 9,OTRO PAIS,ARGENTINA,43
30,Entre Ríos,F,5 a 9,OTRO PAIS,EXTRANJERA,59
30,Entre Ríos,F,50 a 54,ARGENTINA,ARGENTINA,41579
30,Entre Ríos,F,50 a 54,OTRO PAIS,ARGENTINA,103
30,Entre Ríos,F,50 a 54,OTRO PAIS,EXTRANJERA,480
30,Entre Ríos,F,55 a 59,ARGENTINA,ARGENTINA,35737
30,Entre Ríos,F,55 a 59,OTRO PAIS,ARGENTINA,136
30,Entre Ríos,F,55 a 59,OTRO PAIS,EXTRANJERA,436
30,Entre Ríos,F,60 a 64,ARGENTINA,ARGENTINA,33998
30,Entre Ríos,F,60 a 64,OTRO PAIS,ARGENTINA,109
30,Entre Ríos,F,60 a 64,OTRO PAIS,EXTRANJERA,390
30,Entre Ríos,F,65 a 69,ARGENTINA,ARGENTINA,30239
30,Entre Ríos,F,65 a 69,OTRO PAIS,ARGENTINA,103
30,Entre Ríos,F,65 a 69,OTRO PAIS,EXTRANJERA,344
30,Entre Ríos,F,70 a 74,ARGENTINA,ARGENTINA,26301
30,Entre Ríos,F,70 a 74,OTRO PAIS,ARGENTINA,105
30,Entre Ríos,F,70 a 74,OTRO PAIS,EXTRANJERA,302
30,Entre Ríos,F,75 a 79,ARGENTINA,ARGENTINA,19878
30,Entre Ríos,F,75 a 79,OTRO PAIS,ARGENTINA,97
30,Entre Ríos,F,75 a 79,OTRO PAIS,EXTRANJERA,255
30,Entre Ríos,F,80 a 84,ARGENTINA,ARGENTINA,13817
30,Entre Ríos,F,80 a 84,OTRO PAIS,ARGENTINA,82
30,Entre Ríos,F,80 a 84,OTRO PAIS,EXTRANJERA,189
30,Entre Ríos,F,85 a 89,ARGENTINA,ARGENTINA,8593
30,Entre Ríos,F,85 a 89,OTRO PAIS,ARGENTINA,31
30,Entre Ríos,F,85 a 89,OTRO PAIS,EXTRANJERA,120
30,Entre Ríos,F,90 a 94,ARGENTINA,ARGENTINA,3715
30,Entre Ríos,F,90 a 94,OTRO PAIS,ARGENTINA,26
30,Entre Ríos,F,90 a 94,OTRO PAIS,EXTRANJERA,61
30,Entre Ríos,F,95 a 99,ARGENTINA,ARGENTINA,1066
30,Entre Ríos,F,95 a 99,OTRO PAIS,ARGENTINA,7
30,Entre Ríos,F,95 a 99,OTRO PAIS,EXTRANJERA,25
30,Entre Ríos,M,0 a 4,ARGENTINA,ARGENTINA,33712
30,Entre Ríos,M,0 a 4,OTRO PAIS,ARGENTINA,33
30,Entre Ríos,M,0 a 4,OTRO PAIS,EXTRANJERA,28
30,Entre Ríos,M,10 a 14,ARGENTINA,ARGENTINA,58652
30,Entre Ríos,M,10 a 14,OTRO PAIS,ARGENTINA,72
30,Entre Ríos,M,10 a 14,OTRO PAIS,EXTRANJERA,181
30,Entre Ríos,M,100 y +,ARGENTINA,ARGENTINA,50
30,Entre Ríos,M,100 y +,OTRO PAIS,ARGENTINA,1
30,Entre Ríos,M,100 y +,OTRO PAIS,EXTRANJERA,3
30,Entre Ríos,M,15 a 19,ARGENTINA,ARGENTINA,56220
30,Entre Ríos,M,15 a 19,OTRO PAIS,ARGENTINA,86
30,Entre Ríos,M,15 a 19,OTRO PAIS,EXTRANJERA,261
30,Entre Ríos,M,20 a 24,ARGENTINA,ARGENTINA,56527
30,Entre Ríos,M,20 a 24,OTRO PAIS,ARGENTINA,113
30,Entre Ríos,M,20 a 24,OTRO PAIS,EXTRANJERA,595
30,Entre Ríos,M,25 a 29,ARGENTINA,ARGENTINA,58345
30,Entre Ríos,M,25 a 29,OTRO PAIS,ARGENTINA,63
30,Entre Ríos,M,25 a 29,OTRO PAIS,EXTRANJERA,562
30,Entre Ríos,M,30 a 34,ARGENTINA,ARGENTINA,56465
30,Entre Ríos,M,30 a 34,OTRO PAIS,ARGENTINA,64
30,Entre Ríos,M,30 a 34,OTRO PAIS,EXTRANJERA,651
30,Entre Ríos,M,35 a 39,ARGENTINA,ARGENTINA,53382
30,Entre Ríos,M,35 a 39,OTRO PAIS,ARGENTINA,77
30,Entre Ríos,M,35 a 39,OTRO PAIS,EXTRANJERA,683
30,Entre Ríos,M,40 a 44,ARGENTINA,ARGENTINA,50751
30,Entre Ríos,M,40 a 44,OTRO PAIS,ARGENTINA,125
30,Entre Ríos,M,40 a 44,OTRO PAIS,EXTRANJERA,685
30,Entre Ríos,M,45 a 49,ARGENTINA,ARGENTINA,49882
30,Entre Ríos,M,45 a 49,OTRO PAIS,ARGENTINA,121
30,Entre Ríos,M,45 a 49,OTRO PAIS,EXTRANJERA,529
30,Entre Ríos,M,5 a 9,ARGENTINA,ARGENTINA,49687
30,Entre Ríos,M,5 a 9,OTRO PAIS,ARGENTINA,42
30,Entre Ríos,M,5 a 9,OTRO PAIS,EXTRANJERA,83
30,Entre Ríos,M,50 a 54,ARGENTINA,ARGENTINA,42086
30,Entre Ríos,M,50 a 54,OTRO PAIS,ARGENTINA,107
30,Entre Ríos,M,50 a 54,OTRO PAIS,EXTRANJERA,523
30,Entre Ríos,M,55 a 59,ARGENTINA,ARGENTINA,34925
30,Entre Ríos,M,55 a 59,OTRO PAIS,ARGENTINA,96
30,Entre Ríos,M,55 a 59,OTRO PAIS,EXTRANJERA,485
30,Entre Ríos,M,60 a 64,ARGENTINA,ARGENTINA,32331
30,Entre Ríos,M,60 a 64,OTRO PAIS,ARGENTINA,113
30,Entre Ríos,M,60 a 64,OTRO PAIS,EXTRANJERA,446
30,Entre Ríos,M,65 a 69,ARGENTINA,ARGENTINA,26970
30,Entre Ríos,M,65 a 69,OTRO PAIS,ARGENTINA,73
30,Entre Ríos,M,65 a 69,OTRO PAIS,EXTRANJERA,376
30,Entre Ríos,M,70 a 74,ARGENTINA,ARGENTINA,22082
30,Entre Ríos,M,70 a 74,OTRO PAIS,ARGENTINA,74
30,Entre Ríos,M,70 a 74,OTRO PAIS,EXTRANJERA,337
30,Entre Ríos,M,75 a 79,ARGENTINA,ARGENTINA,15047
30,Entre Ríos,M,75 a 79,OTRO PAIS,ARGENTINA,75
30,Entre Ríos,M,75 a 79,OTRO PAIS,EXTRANJERA,304
30,Entre Ríos,M,80 a 84,ARGENTINA,ARGENTINA,8567
30,Entre Ríos,M,80 a 84,OTRO PAIS,ARGENTINA,61
30,Entre Ríos,M,80 a 84,OTRO PAIS,EXTRANJERA,205
30,Entre Ríos,M,85 a 89,ARGENTINA,ARGENTINA,4020
30,Entre Ríos,M,85 a 89,OTRO PAIS,ARGENTINA,24
30,Entre Ríos,M,85 a 89,OTRO PAIS,EXTRANJERA,94
30,Entre Ríos,M,90 a 94,ARGENTINA,ARGENTINA,1336
30,Entre Ríos,M,90 a 94,OTRO PAIS,ARGENTINA,15
30,Entre Ríos,M,90 a 94,OTRO PAIS,EXTRANJERA,54
30,Entre Ríos,M,95 a 99,ARGENTINA,ARGENTINA,317
30,Entre Ríos,M,95 a 99,OTRO PAIS,ARGENTINA,4
30,Entre Ríos,M,95 a 99,OTRO PAIS,EXTRANJERA,15
30,Entre Ríos,X,15 a 19,ARGENTINA,ARGENTINA,3
30,Entre Ríos,X,20 a 24,ARGENTINA,ARGENTINA,13
30,Entre Ríos,X,25 a 29,ARGENTINA,ARGENTINA,17
30,Entre Ríos,X,30 a 34,ARGENTINA,ARGENTINA,4
30,Entre Ríos,X,35 a 39,ARGENTINA,ARGENTINA,5
30,Entre Ríos,X,40 a 44,ARGENTINA,ARGENTINA,2
30,Entre Ríos,X,45 a 49,ARGENTINA,ARGENTINA,3
30,Entre Ríos,X,50 a 54,ARGENTINA,ARGENTINA,1
30,Entre Ríos,X,55 a 59,ARGENTINA,ARGENTINA,1
34,Formosa,F,0 a 4,ARGENTINA,ARGENTINA,17362
34,Formosa,F,0 a 4,OTRO PAIS,ARGENTINA,8
34,Formosa,F,0 a 4,OTRO PAIS,EXTRANJERA,6
34,Formosa,F,10 a 14,ARGENTINA,ARGENTINA,28150
34,Formosa,F,10 a 14,OTRO PAIS,ARGENTINA,28
34,Formosa,F,10 a 14,OTRO PAIS,EXTRANJERA,87
34,Formosa,F,100 y +,ARGENTINA,ARGENTINA,46
34,Formosa,F,100 y +,OTRO PAIS,ARGENTINA,8
34,Formosa,F,100 y +,OTRO PAIS,EXTRANJERA,40
34,Formosa,F,15 a 19,ARGENTINA,ARGENTINA,27048
34,Formosa,F,15 a 19,OTRO PAIS,ARGENTINA,35
34,Formosa,F,15 a 19,OTRO PAIS,EXTRANJERA,106
34,Formosa,F,20 a 24,ARGENTINA,ARGENTINA,25722
34,Formosa,F,20 a 24,OTRO PAIS,ARGENTINA,27
34,Formosa,F,20 a 24,OTRO PAIS,EXTRANJERA,179
34,Formosa,F,25 a 29,ARGENTINA,ARGENTINA,26422
34,Formosa,F,25 a 29,OTRO PAIS,ARGENTINA,44
34,Formosa,F,25 a 29,OTRO PAIS,EXTRANJERA,309
34,Formosa,F,30 a 34,ARGENTINA,ARGENTINA,25927
34,Formosa,F,30 a 34,OTRO PAIS,ARGENTINA,54
34,Formosa,F,30 a 34,OTRO PAIS,EXTRANJERA,541
34,Formosa,F,35 a 39,ARGENTINA,ARGENTINA,22499
34,Formosa,F,35 a 39,OTRO PAIS,ARGENTINA,53
34,Formosa,F,35 a 39,OTRO PAIS,EXTRANJERA,794
34,Formosa,F,40 a 44,ARGENTINA,ARGENTINA,19664
34,Formosa,F,40 a 44,OTRO PAIS,ARGENTINA,60
34,Formosa,F,40 a 44,OTRO PAIS,EXTRANJERA,920
34,Formosa,F,45 a 49,ARGENTINA,ARGENTINA,18973
34,Formosa,F,45 a 49,OTRO PAIS,ARGENTINA,70
34,Formosa,F,45 a 49,OTRO PAIS,EXTRANJERA,886
34,Formosa,F,5 a 9,ARGENTINA,ARGENTINA,24832
34,Formosa,F,5 a 9,OTRO PAIS,ARGENTINA,15
34,Formosa,F,5 a 9,OTRO PAIS,EXTRANJERA,38
34,Formosa,F,50 a 54,ARGENTINA,ARGENTINA,15713
34,Formosa,F,50 a 54,OTRO PAIS,ARGENTINA,81
34,Formosa,F,50 a 54,OTRO PAIS,EXTRANJERA,801
34,Formosa,F,55 a 59,ARGENTINA,ARGENTINA,13483
34,Formosa,F,55 a 59,OTRO PAIS,ARGENTINA,125
34,Formosa,F,55 a 59,OTRO PAIS,EXTRANJERA,976
34,Formosa,F,60 a 64,ARGENTINA,ARGENTINA,12204
34,Formosa,F,60 a 64,OTRO PAIS,ARGENTINA,166
34,Formosa,F,60 a 64,OTRO PAIS,EXTRANJERA,1037
34,Formosa,F,65 a 69,ARGENTINA,ARGENTINA,10678
34,Formosa,F,65 a 69,OTRO PAIS,ARGENTINA,207
34,Formosa,F,65 a 69,OTRO PAIS,EXTRANJERA,972
34,Formosa,F,70 a 74,ARGENTINA,ARGENTINA,8296
34,Formosa,F,70 a 74,OTRO PAIS,ARGENTINA,269
34,Formosa,F,70 a 74,OTRO PAIS,EXTRANJERA,1184
34,Formosa,F,75 a 79,ARGENTINA,ARGENTINA,5039
34,Formosa,F,75 a 79,OTRO PAIS,ARGENTINA,240
34,Formosa,F,75 a 79,OTRO PAIS,EXTRANJERA,1243
34,Formosa,F,80 a 84,ARGENTINA,ARGENTINA,3099
34,Formosa,F,80 a 84,OTRO PAIS,ARGENTINA,247
34,Formosa,F,80 a 84,OTRO PAIS,EXTRANJERA,1115
34,Formosa,F,85 a 89,ARGENTINA,ARGENTINA,1697
34,Formosa,F,85 a 89,OTRO PAIS,ARGENTINA,202
34,Formosa,F,85 a 89,OTRO PAIS,EXTRANJERA,723
34,Formosa,F,90 a 94,ARGENTINA,ARGENTINA,729
34,Formosa,F,90 a 94,OTRO PAIS,ARGENTINA,91
34,Formosa,F,90 a 94,OTRO PAIS,EXTRANJERA,390
34,Formosa,F,95 a 99,ARGENTINA,ARGENTINA,274
34,Formosa,F,95 a 99,OTRO PAIS,ARGENTINA,44
34,Formosa,F,95 a 99,OTRO PAIS,EXTRANJERA,168
34,Formosa,M,0 a 4,ARGENTINA,ARGENTINA,17888
34,Formosa,M,0 a 4,OTRO PAIS,ARGENTINA,11
34,Formosa,M,0 a 4,OTRO PAIS,EXTRANJERA,1
34,Formosa,M,10 a 14,ARGENTINA,ARGENTINA,28985
34,Formosa,M,10 a 14,OTRO PAIS,ARGENTINA,17
34,Formosa,M,10 a 14,OTRO PAIS,EXTRANJERA,76
34,Formosa,M,100 y +,ARGENTINA,ARGENTINA,23
34,Formosa,M,100 y +,OTRO PAIS,ARGENTINA,1
34,Formosa,M,100 y +,OTRO PAIS,EXTRANJERA,26
34,Formosa,M,15 a 19,ARGENTINA,ARGENTINA,28297
34,Formosa,M,15 a 19,OTRO PAIS,ARGENTINA,29
34,Formosa,M,15 a 19,OTRO PAIS,EXTRANJERA,117
34,Formosa,M,20 a 24,ARGENTINA,ARGENTINA,26278
34,Formosa,M,20 a 24,OTRO PAIS,ARGENTINA,27
34,Formosa,M,20 a 24,OTRO PAIS,EXTRANJERA,161
34,Formosa,M,25 a 29,ARGENTINA,ARGENTINA,26319
34,Formosa,M,25 a 29,OTRO PAIS,ARGENTINA,42
34,Formosa,M,25 a 29,OTRO PAIS,EXTRANJERA,237
34,Formosa,M,30 a 34,ARGENTINA,ARGENTINA,25782
34,Formosa,M,30 a 34,OTRO PAIS,ARGENTINA,48
34,Formosa,M,30 a 34,OTRO PAIS,EXTRANJERA,366
34,Formosa,M,35 a 39,ARGENTINA,ARGENTINA,22132
34,Formosa,M,35 a 39,OTRO PAIS,ARGENTINA,46
34,Formosa,M,35 a 39,OTRO PAIS,EXTRANJERA,526
34,Formosa,M,40 a 44,ARGENTINA,ARGENTINA,19250
34,Formosa,M,40 a 44,OTRO PAIS,ARGENTINA,47
34,Formosa,M,40 a 44,OTRO PAIS,EXTRANJERA,650
34,Formosa,M,45 a 49,ARGENTINA,ARGENTINA,18876
34,Formosa,M,45 a 49,OTRO PAIS,ARGENTINA,56
34,Formosa,M,45 a 49,OTRO PAIS,EXTRANJERA,543
34,Formosa,M,5 a 9,ARGENTINA,ARGENTINA,25814
34,Formosa,M,5 a 9,OTRO PAIS,ARGENTINA,23
34,Formosa,M,5 a 9,OTRO PAIS,EXTRANJERA,42
34,Formosa,M,50 a 54,ARGENTINA,ARGENTINA,15560
34,Formosa,M,50 a 54,OTRO PAIS,ARGENTINA,41
34,Formosa,M,50 a 54,OTRO PAIS,EXTRANJERA,541
34,Formosa,M,55 a 59,ARGENTINA,ARGENTINA,13430
34,Formosa,M,55 a 59,OTRO PAIS,ARGENTINA,75
34,Formosa,M,55 a 59,OTRO PAIS,EXTRANJERA,648
34,Formosa,M,60 a 64,ARGENTINA,ARGENTINA,12391
34,Formosa,M,60 a 64,OTRO PAIS,ARGENTINA,98
34,Formosa,M,60 a 64,OTRO PAIS,EXTRANJERA,737
34,Formosa,M,65 a 69,ARGENTINA,ARGENTINA,10602
34,Formosa,M,65 a 69,OTRO PAIS,ARGENTINA,96
34,Formosa,M,65 a 69,OTRO PAIS,EXTRANJERA,717
34,Formosa,M,70 a 74,ARGENTINA,ARGENTINA,7836
34,Formosa,M,70 a 74,OTRO PAIS,ARGENTINA,155
34,Formosa,M,70 a 74,OTRO PAIS,EXTRANJERA,930
34,Formosa,M,75 a 79,ARGENTINA,ARGENTINA,4568
34,Formosa,M,75 a 79,OTRO PAIS,ARGENTINA,159
34,Formosa,M,75 a 79,OTRO PAIS,EXTRANJERA,1298
34,Formosa,M,80 a 84,ARGENTINA,ARGENTINA,2464
34,Formosa,M,80 a 84,OTRO PAIS,ARGENTINA,128
34,Formosa,M,80 a 84,OTRO PAIS,EXTRANJERA,1105
34,Formosa,M,85 a 89,ARGENTINA,ARGENTINA,1216
34,Formosa,M,85 a 89,OTRO PAIS,ARGENTINA,94
34,Formosa,M,85 a 89,OTRO PAIS,EXTRANJERA,704
34,Formosa,M,90 a 94,ARGENTINA,ARGENTINA,447
34,Formosa,M,90 a 94,OTRO PAIS,ARGENTINA,33
34,Formosa,M,90 a 94,OTRO PAIS,EXTRANJERA,319
34,Formosa,M,95 a 99,ARGENTINA,ARGENTINA,144
34,Formosa,M,95 a 99,OTRO PAIS,ARGENTINA,8
34,Formosa,M,95 a 99,OTRO PAIS,EXTRANJERA,129
34,Formosa,X,20 a 24,ARGENTINA,ARGENTINA,2
34,Formosa,X,25 a 29,ARGENTINA,ARGENTINA,2
34,Formosa,X,45 a 49,ARGENTINA,ARGENTINA,1
34,Formosa,X,50 a 54,ARGENTINA,ARGENTINA,2
38,Jujuy,F,0 a 4,ARGENTINA,ARGENTINA,15749
38,Jujuy,F,0 a 4,OTRO PAIS,ARGENTINA,17
38,Jujuy,F,0 a 4,OTRO PAIS,EXTRANJERA,24
38,Jujuy,F,10 a 14,ARGENTINA,ARGENTINA,31790
38,Jujuy,F,10 a 14,OTRO PAIS,ARGENTINA,40
38,Jujuy,F,10 a 14,OTRO PAIS,EXTRANJERA,256
38,Jujuy,F,100 y +,ARGENTINA,ARGENTINA,28
38,Jujuy,F,100 y +,OTRO PAIS,ARGENTINA,2
38,Jujuy,F,100 y +,OTRO PAIS,EXTRANJERA,8
38,Jujuy,F,15 a 19,ARGENTINA,ARGENTINA,31597
38,Jujuy,F,15 a 19,OTRO PAIS,ARGENTINA,38
38,Jujuy,F,15 a 19,OTRO PAIS,EXTRANJERA,360
38,Jujuy,F,20 a 24,ARGENTINA,ARGENTINA,29828
38,Jujuy,F,20 a 24,OTRO PAIS,ARGENTINA,62
38,Jujuy,F,20 a 24,OTRO PAIS,EXTRANJERA,556
38,Jujuy,F,25 a 29,ARGENTINA,ARGENTINA,31102
38,Jujuy,F,25 a 29,OTRO PAIS,ARGENTINA,48
38,Jujuy,F,25 a 29,OTRO PAIS,EXTRANJERA,774
38,Jujuy,F,30 a 34,ARGENTINA,ARGENTINA,31213
38,Jujuy,F,30 a 34,OTRO PAIS,ARGENTINA,49
38,Jujuy,F,30 a 34,OTRO PAIS,EXTRANJERA,1020
38,Jujuy,F,35 a 39,ARGENTINA,ARGENTINA,27177
38,Jujuy,F,35 a 39,OTRO PAIS,ARGENTINA,74
38,Jujuy,F,35 a 39,OTRO PAIS,EXTRANJERA,1156
38,Jujuy,F,40 a 44,ARGENTINA,ARGENTINA,26657
38,Jujuy,F,40 a 44,OTRO PAIS,ARGENTINA,84
38,Jujuy,F,40 a 44,OTRO PAIS,EXTRANJERA,1246
38,Jujuy,F,45 a 49,ARGENTINA,ARGENTINA,26289
38,Jujuy,F,45 a 49,OTRO PAIS,ARGENTINA,143
38,Jujuy,F,45 a 49,OTRO PAIS,EXTRANJERA,1364
38,Jujuy,F,5 a 9,ARGENTINA,ARGENTINA,25664
38,Jujuy,F,5 a 9,OTRO PAIS,ARGENTINA,27
38,Jujuy,F,5 a 9,OTRO PAIS,EXTRANJERA,114
38,Jujuy,F,50 a 54,ARGENTINA,ARGENTINA,21830
38,Jujuy,F,50 a 54,OTRO PAIS,ARGENTINA,143
38,Jujuy,F,50 a 54,OTRO PAIS,EXTRANJERA,1217
38,Jujuy,F,55 a 59,ARGENTINA,ARGENTINA,17136
38,Jujuy,F,55 a 59,OTRO PAIS,ARGENTINA,165
38,Jujuy,F,55 a 59,OTRO PAIS,EXTRANJERA,1250
38,Jujuy,F,60 a 64,ARGENTINA,ARGENTINA,15062
38,Jujuy,F,60 a 64,OTRO PAIS,ARGENTINA,217
38,Jujuy,F,60 a 64,OTRO PAIS,EXTRANJERA,1252
38,Jujuy,F,65 a 69,ARGENTINA,ARGENTINA,12990
38,Jujuy,F,65 a 69,OTRO PAIS,ARGENTINA,215
38,Jujuy,F,65 a 69,OTRO PAIS,EXTRANJERA,1148
38,Jujuy,F,70 a 74,ARGENTINA,ARGENTINA,10758
38,Jujuy,F,70 a 74,OTRO PAIS,ARGENTINA,193
38,Jujuy,F,70 a 74,OTRO PAIS,EXTRANJERA,1077
38,Jujuy,F,75 a 79,ARGENTINA,ARGENTINA,7264
38,Jujuy,F,75 a 79,OTRO PAIS,ARGENTINA,245
38,Jujuy,F,75 a 79,OTRO PAIS,EXTRANJERA,980
38,Jujuy,F,80 a 84,ARGENTINA,ARGENTINA,4485
38,Jujuy,F,80 a 84,OTRO PAIS,ARGENTINA,163
38,Jujuy,F,80 a 84,OTRO PAIS,EXTRANJERA,750
38,Jujuy,F,85 a 89,ARGENTINA,ARGENTINA,2473
38,Jujuy,F,85 a 89,OTRO PAIS,ARGENTINA,98
38,Jujuy,F,85 a 89,OTRO PAIS,EXTRANJERA,421
38,Jujuy,F,90 a 94,ARGENTINA,ARGENTINA,962
38,Jujuy,F,90 a 94,OTRO PAIS,ARGENTINA,23
38,Jujuy,F,90 a 94,OTRO PAIS,EXTRANJERA,167
38,Jujuy,F,95 a 99,ARGENTINA,ARGENTINA,241
38,Jujuy,F,95 a 99,OTRO PAIS,ARGENTINA,10
38,Jujuy,F,95 a 99,OTRO PAIS,EXTRANJERA,55
38,Jujuy,M,0 a 4,ARGENTINA,ARGENTINA,16292
38,Jujuy,M,0 a 4,OTRO PAIS,ARGENTINA,19
38,Jujuy,M,0 a 4,OTRO PAIS,EXTRANJERA,43
38,Jujuy,M,10 a 14,ARGENTINA,ARGENTINA,32489
38,Jujuy,M,10 a 14,OTRO PAIS,ARGENTINA,28
38,Jujuy,M,10 a 14,OTRO PAIS,EXTRANJERA,270
38,Jujuy,M,100 y +,ARGENTINA,ARGENTINA,12
38,Jujuy,M,100 y +,OTRO PAIS,EXTRANJERA,5
38,Jujuy,M,15 a 19,ARGENTINA,ARGENTINA,32455
38,Jujuy,M,15 a 19,OTRO PAIS,ARGENTINA,48
38,Jujuy,M,15 a 19,OTRO PAIS,EXTRANJERA,359
38,Jujuy,M,20 a 24,ARGENTINA,ARGENTINA,30885
38,Jujuy,M,20 a 24,OTRO PAIS,ARGENTINA,54
38,Jujuy,M,20 a 24,OTRO PAIS,EXTRANJERA,512
38,Jujuy,M,25 a 29,ARGENTINA,ARGENTINA,31191
38,Jujuy,M,25 a 29,OTRO PAIS,ARGENTINA,50
38,Jujuy,M,25 a 29,OTRO PAIS,EXTRANJERA,684
38,Jujuy,M,30 a 34,ARGENTINA,ARGENTINA,31252
38,Jujuy,M,30 a 34,OTRO PAIS,ARGENTINA,34
38,Jujuy,M,30 a 34,OTRO PAIS,EXTRANJERA,909
38,Jujuy,M,35 a 39,ARGENTINA,ARGENTINA,26844
38,Jujuy,M,35 a 39,OTRO PAIS,ARGENTINA,49
38,Jujuy,M,35 a 39,OTRO PAIS,EXTRANJERA,1079
38,Jujuy,M,40 a 44,ARGENTINA,ARGENTINA,26363
38,Jujuy,M,40 a 44,OTRO PAIS,ARGENTINA,58
38,Jujuy,M,40 a 44,OTRO PAIS,EXTRANJERA,1142
38,Jujuy,M,45 a 49,ARGENTINA,ARGENTINA,26272
38,Jujuy,M,45 a 49,OTRO PAIS,ARGENTINA,88
38,Jujuy,M,45 a 49,OTRO PAIS,EXTRANJERA,1241
38,Jujuy,M,5 a 9,ARGENTINA,ARGENTINA,26699
38,Jujuy,M,5 a 9,OTRO PAIS,ARGENTINA,33
38,Jujuy,M,5 a 9,OTRO PAIS,EXTRANJERA,131
38,Jujuy,M,50 a 54,ARGENTINA,ARGENTINA,21246
38,Jujuy,M,50 a 54,OTRO PAIS,ARGENTINA,69
38,Jujuy,M,50 a 54,OTRO PAIS,EXTRANJERA,995
38,Jujuy,M,55 a 59,ARGENTINA,ARGENTINA,16493
38,Jujuy,M,55 a 59,OTRO PAIS,ARGENTINA,77
38,Jujuy,M,55 a 59,OTRO PAIS,EXTRANJERA,979
38,Jujuy,M,60 a 64,ARGENTINA,ARGENTINA,13685
38,Jujuy,M,60 a 64,OTRO PAIS,ARGENTINA,131
38,Jujuy,M,60 a 64,OTRO PAIS,EXTRANJERA,1008
38,Jujuy,M,65 a 69,ARGENTINA,ARGENTINA,11472
38,Jujuy,M,65 a 69,OTRO PAIS,ARGENTINA,136
38,Jujuy,M,65 a 69,OTRO PAIS,EXTRANJERA,954
38,Jujuy,M,70 a 74,ARGENTINA,ARGENTINA,8941
38,Jujuy,M,70 a 74,OTRO PAIS,ARGENTINA,191
38,Jujuy,M,70 a 74,OTRO PAIS,EXTRANJERA,918
38,Jujuy,M,75 a 79,ARGENTINA,ARGENTINA,5486
38,Jujuy,M,75 a 79,OTRO PAIS,ARGENTINA,188
38,Jujuy,M,75 a 79,OTRO PAIS,EXTRANJERA,814
38,Jujuy,M,80 a 84,ARGENTINA,ARGENTINA,3060
38,Jujuy,M,80 a 84,OTRO PAIS,ARGENTINA,148
38,Jujuy,M,80 a 84,OTRO PAIS,EXTRANJERA,654
38,Jujuy,M,85 a 89,ARGENTINA,ARGENTINA,1355
38,Jujuy,M,85 a 89,OTRO PAIS,ARGENTINA,78
38,Jujuy,M,85 a 89,OTRO PAIS,EXTRANJERA,317
38,Jujuy,M,90 a 94,ARGENTINA,ARGENTINA,445
38,Jujuy,M,90 a 94,OTRO PAIS,ARGENTINA,29
38,Jujuy,M,90 a 94,OTRO PAIS,EXTRANJERA,133
38,Jujuy,M,95 a 99,ARGENTINA,ARGENTINA,87
38,Jujuy,M,95 a 99,OTRO PAIS,ARGENTINA,7
38,Jujuy,M,95 a 99,OTRO PAIS,EXTRANJERA,43
38,Jujuy,X,15 a 19,ARGENTINA,ARGENTINA,6
38,Jujuy,X,20 a 24,ARGENTINA,ARGENTINA,3
38,Jujuy,X,25 a 29,ARGENTINA,ARGENTINA,2
38,Jujuy,X,30 a 34,ARGENTINA,ARGENTINA,4
38,Jujuy,X,35 a 39,ARGENTINA,ARGENTINA,6
38,Jujuy,X,40 a 44,ARGENTINA,ARGENTINA,2
38,Jujuy,X,45 a 49,ARGENTINA,ARGENTINA,2
42,La Pampa,F,0 a 4,ARGENTINA,ARGENTINA,7799
42,La Pampa,F,0 a 4,OTRO PAIS,ARGENTINA,14
42,La Pampa,F,0 a 4,OTRO PAIS,EXTRANJERA,10
42,La Pampa,F,10 a 14,ARGENTINA,ARGENTINA,14112
42,La Pampa,F,10 a 14,OTRO PAIS,ARGENTINA,15
42,La Pampa,F,10 a 14,OTRO PAIS,EXTRANJERA,50
42,La Pampa,F,100 y +,ARGENTINA,ARGENTINA,32
42,La Pampa,F,100 y +,OTRO PAIS,EXTRANJERA,1
42,La Pampa,F,15 a 19,ARGENTINA,ARGENTINA,13991
42,La Pampa,F,15 a 19,OTRO PAIS,ARGENTINA,32
42,La Pampa,F,15 a 19,OTRO PAIS,EXTRANJERA,58
42,La Pampa,F,20 a 24,ARGENTINA,ARGENTINA,13746
42,La Pampa,F,20 a 24,OTRO PAIS,ARGENTINA,38
42,La Pampa,F,20 a 24,OTRO PAIS,EXTRANJERA,92
42,La Pampa,F,25 a 29,ARGENTINA,ARGENTINA,13564
42,La Pampa,F,25 a 29,OTRO PAIS,ARGENTINA,12
42,La Pampa,F,25 a 29,OTRO PAIS,EXTRANJERA,144
42,La Pampa,F,30 a 34,ARGENTINA,ARGENTINA,14356
42,La Pampa,F,30 a 34,OTRO PAIS,ARGENTINA,18
42,La Pampa,F,30 a 34,OTRO PAIS,EXTRANJERA,142
42,La Pampa,F,35 a 39,ARGENTINA,ARGENTINA,14235
42,La Pampa,F,35 a 39,OTRO PAIS,ARGENTINA,20
42,La Pampa,F,35 a 39,OTRO PAIS,EXTRANJERA,178
42,La Pampa,F,40 a 44,ARGENTINA,ARGENTINA,13436
42,La Pampa,F,40 a 44,OTRO PAIS,ARGENTINA,30
42,La Pampa,F,40 a 44,OTRO PAIS,EXTRANJERA,208
42,La Pampa,F,45 a 49,ARGENTINA,ARGENTINA,12929
42,La Pampa,F,45 a 49,OTRO PAIS,ARGENTINA,24
42,La Pampa,F,45 a 49,OTRO PAIS,EXTRANJERA,183
42,La Pampa,F,5 a 9,ARGENTINA,ARGENTINA,11459
42,La Pampa,F,5 a 9,OTRO PAIS,ARGENTINA,13
42,La Pampa,F,5 a 9,OTRO PAIS,EXTRANJERA,26
42,La Pampa,F,50 a 54,ARGENTINA,ARGENTINA,11144
42,La Pampa,F,50 a 54,OTRO PAIS,ARGENTINA,39
42,La Pampa,F,50 a 54,OTRO PAIS,EXTRANJERA,128
42,La Pampa,F,55 a 59,ARGENTINA,ARGENTINA,9781
42,La Pampa,F,55 a 59,OTRO PAIS,ARGENTINA,31
42,La Pampa,F,55 a 59,OTRO PAIS,EXTRANJERA,114
42,La Pampa,F,60 a 64,ARGENTINA,ARGENTINA,9381
42,La Pampa,F,60 a 64,OTRO PAIS,ARGENTINA,39
42,La Pampa,F,60 a 64,OTRO PAIS,EXTRANJERA,110
42,La Pampa,F,65 a 69,ARGENTINA,ARGENTINA,8117
42,La Pampa,F,65 a 69,OTRO PAIS,ARGENTINA,32
42,La Pampa,F,65 a 69,OTRO PAIS,EXTRANJERA,89
42,La Pampa,F,70 a 74,ARGENTINA,ARGENTINA,6993
42,La Pampa,F,70 a 74,OTRO PAIS,ARGENTINA,48
42,La Pampa,F,70 a 74,OTRO PAIS,EXTRANJERA,104
42,La Pampa,F,75 a 79,ARGENTINA,ARGENTINA,5855
42,La Pampa,F,75 a 79,OTRO PAIS,ARGENTINA,39
42,La Pampa,F,75 a 79,OTRO PAIS,EXTRANJERA,70
42,La Pampa,F,80 a 84,ARGENTINA,ARGENTINA,4200
42,La Pampa,F,80 a 84,OTRO PAIS,ARGENTINA,17
42,La Pampa,F,80 a 84,OTRO PAIS,EXTRANJERA,36
42,La Pampa,F,85 a 89,ARGENTINA,ARGENTINA,2472
42,La Pampa,F,85 a 89,OTRO PAIS,ARGENTINA,13
42,La Pampa,F,85 a 89,OTRO PAIS,EXTRANJERA,27
42,La Pampa,F,90 a 94,ARGENTINA,ARGENTINA,1046
42,La Pampa,F,90 a 94,OTRO PAIS,ARGENTINA,6
42,La Pampa,F,90 a 94,OTRO PAIS,EXTRANJERA,16
42,La Pampa,F,95 a 99,ARGENTINA,ARGENTINA,284
42,La Pampa,F,95 a 99,OTRO PAIS,ARGENTINA,1
42,La Pampa,F,95 a 99,OTRO PAIS,EXTRANJERA,8
42,La Pampa,M,0 a 4,ARGENTINA,ARGENTINA,8047
42,La Pampa,M,0 a 4,OTRO PAIS,ARGENTINA,14
42,La Pampa,M,0 a 4,OTRO PAIS,EXTRANJERA,11
42,La Pampa,M,10 a 14,ARGENTINA,ARGENTINA,14783
42,La Pampa,M,10 a 14,OTRO PAIS,ARGENTINA,23
42,La Pampa,M,10 a 14,OTRO PAIS,EXTRANJERA,51
42,La Pampa,M,100 y +,ARGENTINA,ARGENTINA,8
42,La Pampa,M,100 y +,OTRO PAIS,EXTRANJERA,2
42,La Pampa,M,15 a 19,ARGENTINA,ARGENTINA,14455
42,La Pampa,M,15 a 19,OTRO PAIS,ARGENTINA,28
42,La Pampa,M,15 a 19,OTRO PAIS,EXTRANJERA,79
42,La Pampa,M,20 a 24,ARGENTINA,ARGENTINA,14268
42,La Pampa,M,20 a 24,OTRO PAIS,ARGENTINA,32
42,La Pampa,M,20 a 24,OTRO PAIS,EXTRANJERA,96
42,La Pampa,M,25 a 29,ARGENTINA,ARGENTINA,14294
42,La Pampa,M,25 a 29,OTRO PAIS,ARGENTINA,19
42,La Pampa,M,25 a 29,OTRO PAIS,EXTRANJERA,138
42,La Pampa,M,30 a 34,ARGENTINA,ARGENTINA,14715
42,La Pampa,M,30 a 34,OTRO PAIS,ARGENTINA,20
42,La Pampa,M,30 a 34,OTRO PAIS,EXTRANJERA,160
42,La Pampa,M,35 a 39,ARGENTINA,ARGENTINA,14506
42,La Pampa,M,35 a 39,OTRO PAIS,ARGENTINA,18
42,La Pampa,M,35 a 39,OTRO PAIS,EXTRANJERA,186
42,La Pampa,M,40 a 44,ARGENTINA,ARGENTINA,13437
42,La Pampa,M,40 a 44,OTRO PAIS,ARGENTINA,18
42,La Pampa,M,40 a 44,OTRO PAIS,EXTRANJERA,219
42,La Pampa,M,45 a 49,ARGENTINA,ARGENTINA,13199
42,La Pampa,M,45 a 49,OTRO PAIS,ARGENTINA,26
42,La Pampa,M,45 a 49,OTRO PAIS,EXTRANJERA,159
42,La Pampa,M,5 a 9,ARGENTINA,ARGENTINA,11917
42,La Pampa,M,5 a 9,OTRO PAIS,ARGENTINA,12
42,La Pampa,M,5 a 9,OTRO PAIS,EXTRANJERA,27
42,La Pampa,M,50 a 54,ARGENTINA,ARGENTINA,11188
42,La Pampa,M,50 a 54,OTRO PAIS,ARGENTINA,29
42,La Pampa,M,50 a 54,OTRO PAIS,EXTRANJERA,133
42,La Pampa,M,55 a 59,ARGENTINA,ARGENTINA,9505
42,La Pampa,M,55 a 59,OTRO PAIS,ARGENTINA,26
42,La Pampa,M,55 a 59,OTRO PAIS,EXTRANJERA,103
42,La Pampa,M,60 a 64,ARGENTINA,ARGENTINA,9203
42,La Pampa,M,60 a 64,OTRO PAIS,ARGENTINA,21
42,La Pampa,M,60 a 64,OTRO PAIS,EXTRANJERA,107
42,La Pampa,M,65 a 69,ARGENTINA,ARGENTINA,7674
42,La Pampa,M,65 a 69,OTRO PAIS,ARGENTINA,34
42,La Pampa,M,65 a 69,OTRO PAIS,EXTRANJERA,85
42,La Pampa,M,70 a 74,ARGENTINA,ARGENTINA,6379
42,La Pampa,M,70 a 74,OTRO PAIS,ARGENTINA,41
42,La Pampa,M,70 a 74,OTRO PAIS,EXTRANJERA,99
42,La Pampa,M,75 a 79,ARGENTINA,ARGENTINA,4619
42,La Pampa,M,75 a 79,OTRO PAIS,ARGENTINA,41
42,La Pampa,M,75 a 79,OTRO PAIS,EXTRANJERA,54
42,La Pampa,M,80 a 84,ARGENTINA,ARGENTINA,2838
42,La Pampa,M,80 a 84,OTRO PAIS,ARGENTINA,33
42,La Pampa,M,80 a 84,OTRO PAIS,EXTRANJERA,40
42,La Pampa,M,85 a 89,ARGENTINA,ARGENTINA,1293
42,La Pampa,M,85 a 89,OTRO PAIS,ARGENTINA,12
42,La Pampa,M,85 a 89,OTRO PAIS,EXTRANJERA,31
42,La Pampa,M,90 a 94,ARGENTINA,ARGENTINA,457
42,La Pampa,M,90 a 94,OTRO PAIS,ARGENTINA,7
42,La Pampa,M,90 a 94,OTRO PAIS,EXTRANJERA,16
42,La Pampa,M,95 a 99,ARGENTINA,ARGENTINA,103
42,La Pampa,M,95 a 99,OTRO PAIS,ARGENTINA,1
42,La Pampa,M,95 a 99,OTRO PAIS,EXTRANJERA,5
42,La Pampa,X,20 a 24,ARGENTINA,ARGENTINA,1
42,La Pampa,X,25 a 29,ARGENTINA,ARGENTINA,3
42,La Pampa,X,30 a 34,ARGENTINA,ARGENTINA,2
42,La Pampa,X,45 a 49,ARGENTINA,ARGENTINA,1
42,La Pampa,X,50 a 54,ARGENTINA,ARGENTINA,1
46,La Rioja,F,0 a 4,ARGENTINA,ARGENTINA,9237
46,La Rioja,F,0 a 4,OTRO PAIS,ARGENTINA,2
46,La Rioja,F,0 a 4,OTRO PAIS,EXTRANJERA,12
46,La Rioja,F,10 a 14,ARGENTINA,ARGENTINA,15700
46,La Rioja,F,10 a 14,OTRO PAIS,ARGENTINA,4
46,La Rioja,F,10 a 14,OTRO PAIS,EXTRANJERA,112
46,La Rioja,F,100 y +,ARGENTINA,ARGENTINA,37
46,La Rioja,F,15 a 19,ARGENTINA,ARGENTINA,15495
46,La Rioja,F,15 a 19,OTRO PAIS,ARGENTINA,8
46,La Rioja,F,15 a 19,OTRO PAIS,EXTRANJERA,148
46,La Rioja,F,20 a 24,ARGENTINA,ARGENTINA,16607
46,La Rioja,F,20 a 24,OTRO PAIS,ARGENTINA,15
46,La Rioja,F,20 a 24,OTRO PAIS,EXTRANJERA,368
46,La Rioja,F,25 a 29,ARGENTINA,ARGENTINA,16215
46,La Rioja,F,25 a 29,OTRO PAIS,ARGENTINA,10
46,La Rioja,F,25 a 29,OTRO PAIS,EXTRANJERA,432
46,La Rioja,F,30 a 34,ARGENTINA,ARGENTINA,17574
46,La Rioja,F,30 a 34,OTRO PAIS,ARGENTINA,8
46,La Rioja,F,30 a 34,OTRO PAIS,EXTRANJERA,445
46,La Rioja,F,35 a 39,ARGENTINA,ARGENTINA,14962
46,La Rioja,F,35 a 39,OTRO PAIS,ARGENTINA,13
46,La Rioja,F,35 a 39,OTRO PAIS,EXTRANJERA,406
46,La Rioja,F,40 a 44,ARGENTINA,ARGENTINA,13636
46,La Rioja,F,40 a 44,OTRO PAIS,ARGENTINA,10
46,La Rioja,F,40 a 44,OTRO PAIS,EXTRANJERA,342
46,La Rioja,F,45 a 49,ARGENTINA,ARGENTINA,14148
46,La Rioja,F,45 a 49,OTRO PAIS,ARGENTINA,16
46,La Rioja,F,45 a 49,OTRO PAIS,EXTRANJERA,234
46,La Rioja,F,5 a 9,ARGENTINA,ARGENTINA,12910
46,La Rioja,F,5 a 9,OTRO PAIS,ARGENTINA,5
46,La Rioja,F,5 a 9,OTRO PAIS,EXTRANJERA,57
46,La Rioja,F,50 a 54,ARGENTINA,ARGENTINA,11183
46,La Rioja,F,50 a 54,OTRO PAIS,ARGENTINA,24
46,La Rioja,F,50 a 54,OTRO PAIS,EXTRANJERA,225
46,La Rioja,F,55 a 59,ARGENTINA,ARGENTINA,9093
46,La Rioja,F,55 a 59,OTRO PAIS,ARGENTINA,29
46,La Rioja,F,55 a 59,OTRO PAIS,EXTRANJERA,173
46,La Rioja,F,60 a 64,ARGENTINA,ARGENTINA,8144
46,La Rioja,F,60 a 64,OTRO PAIS,ARGENTINA,15
46,La Rioja,F,60 a 64,OTRO PAIS,EXTRANJERA,132
46,La Rioja,F,65 a 69,ARGENTINA,ARGENTINA,6850
46,La Rioja,F,65 a 69,OTRO PAIS,ARGENTINA,17
46,La Rioja,F,65 a 69,OTRO PAIS,EXTRANJERA,86
46,La Rioja,F,70 a 74,ARGENTINA,ARGENTINA,5739
46,La Rioja,F,70 a 74,OTRO PAIS,ARGENTINA,17
46,La Rioja,F,70 a 74,OTRO PAIS,EXTRANJERA,70
46,La Rioja,F,75 a 79,ARGENTINA,ARGENTINA,4077
46,La Rioja,F,75 a 79,OTRO PAIS,ARGENTINA,16
46,La Rioja,F,75 a 79,OTRO PAIS,EXTRANJERA,65
46,La Rioja,F,80 a 84,ARGENTINA,ARGENTINA,2655
46,La Rioja,F,80 a 84,OTRO PAIS,ARGENTINA,18
46,La Rioja,F,80 a 84,OTRO PAIS,EXTRANJERA,23
46,La Rioja,F,85 a 89,ARGENTINA,ARGENTINA,1421
46,La Rioja,F,85 a 89,OTRO PAIS,ARGENTINA,9
46,La Rioja,F,85 a 89,OTRO PAIS,EXTRANJERA,21
46,La Rioja,F,90 a 94,ARGENTINA,ARGENTINA,597
46,La Rioja,F,90 a 94,OTRO PAIS,ARGENTINA,2
46,La Rioja,F,90 a 94,OTRO PAIS,EXTRANJERA,5
46,La Rioja,F,95 a 99,ARGENTINA,ARGENTINA,183
46,La Rioja,F,95 a 99,OTRO PAIS,EXTRANJERA,7
46,La Rioja,M,0 a 4,ARGENTINA,ARGENTINA,9599
46,La Rioja,M,0 a 4,OTRO PAIS,ARGENTINA,4
46,La Rioja,M,0 a 4,OTRO PAIS,EXTRANJERA,19
46,La Rioja,M,10 a 14,ARGENTINA,ARGENTINA,16300
46,La Rioja,M,10 a 14,OTRO PAIS,ARGENTINA,6
46,La Rioja,M,10 a 14,OTRO PAIS,EXTRANJERA,130
46,La Rioja,M,100 y +,ARGENTINA,ARGENTINA,12
46,La Rioja,M,15 a 19,ARGENTINA,ARGENTINA,16036
46,La Rioja,M,15 a 19,OTRO PAIS,ARGENTINA,5
46,La Rioja,M,15 a 19,OTRO PAIS,EXTRANJERA,157
46,La Rioja,M,20 a 24,ARGENTINA,ARGENTINA,16364
46,La Rioja,M,20 a 24,OTRO PAIS,ARGENTINA,11
46,La Rioja,M,20 a 24,OTRO PAIS,EXTRANJERA,328
46,La Rioja,M,25 a 29,ARGENTINA,ARGENTINA,16457
46,La Rioja,M,25 a 29,OTRO PAIS,ARGENTINA,9
46,La Rioja,M,25 a 29,OTRO PAIS,EXTRANJERA,459
46,La Rioja,M,30 a 34,ARGENTINA,ARGENTINA,17866
46,La Rioja,M,30 a 34,OTRO PAIS,ARGENTINA,11
46,La Rioja,M,30 a 34,OTRO PAIS,EXTRANJERA,541
46,La Rioja,M,35 a 39,ARGENTINA,ARGENTINA,14955
46,La Rioja,M,35 a 39,OTRO PAIS,ARGENTINA,15
46,La Rioja,M,35 a 39,OTRO PAIS,EXTRANJERA,493
46,La Rioja,M,40 a 44,ARGENTINA,ARGENTINA,13643
46,La Rioja,M,40 a 44,OTRO PAIS,ARGENTINA,22
46,La Rioja,M,40 a 44,OTRO PAIS,EXTRANJERA,358
46,La Rioja,M,45 a 49,ARGENTINA,ARGENTINA,14146
46,La Rioja,M,45 a 49,OTRO PAIS,ARGENTINA,22
46,La Rioja,M,45 a 49,OTRO PAIS,EXTRANJERA,269
46,La Rioja,M,5 a 9,ARGENTINA,ARGENTINA,13396
46,La Rioja,M,5 a 9,OTRO PAIS,ARGENTINA,8
46,La Rioja,M,5 a 9,OTRO PAIS,EXTRANJERA,49
46,La Rioja,M,50 a 54,ARGENTINA,ARGENTINA,11170
46,La Rioja,M,50 a 54,OTRO PAIS,ARGENTINA,13
46,La Rioja,M,50 a 54,OTRO PAIS,EXTRANJERA,240
46,La Rioja,M,55 a 59,ARGENTINA,ARGENTINA,9136
46,La Rioja,M,55 a 59,OTRO PAIS,ARGENTINA,26
46,La Rioja,M,55 a 59,OTRO PAIS,EXTRANJERA,197
46,La Rioja,M,60 a 64,ARGENTINA,ARGENTINA,8085
46,La Rioja,M,60 a 64,OTRO PAIS,ARGENTINA,14
46,La Rioja,M,60 a 64,OTRO PAIS,EXTRANJERA,165
46,La Rioja,M,65 a 69,ARGENTINA,ARGENTINA,6607
46,La Rioja,M,65 a 69,OTRO PAIS,ARGENTINA,22
46,La Rioja,M,65 a 69,OTRO PAIS,EXTRANJERA,95
46,La Rioja,M,70 a 74,ARGENTINA,ARGENTINA,5270
46,La Rioja,M,70 a 74,OTRO PAIS,ARGENTINA,20
46,La Rioja,M,70 a 74,OTRO PAIS,EXTRANJERA,95
46,La Rioja,M,75 a 79,ARGENTINA,ARGENTINA,3347
46,La Rioja,M,75 a 79,OTRO PAIS,ARGENTINA,23
46,La Rioja,M,75 a 79,OTRO PAIS,EXTRANJERA,52
46,La Rioja,M,80 a 84,ARGENTINA,ARGENTINA,1869
46,La Rioja,M,80 a 84,OTRO PAIS,ARGENTINA,13
46,La Rioja,M,80 a 84,OTRO PAIS,EXTRANJERA,27
46,La Rioja,M,85 a 89,ARGENTINA,ARGENTINA,813
46,La Rioja,M,85 a 89,OTRO PAIS,ARGENTINA,6
46,La Rioja,M,85 a 89,OTRO PAIS,EXTRANJERA,17
46,La Rioja,M,90 a 94,ARGENTINA,ARGENTINA,305
46,La Rioja,M,90 a 94,OTRO PAIS,ARGENTINA,2
46,La Rioja,M,90 a 94,OTRO PAIS,EXTRANJERA,4
46,La Rioja,M,95 a 99,ARGENTINA,ARGENTINA,101
46,La Rioja,M,95 a 99,OTRO PAIS,ARGENTINA,1
46,La Rioja,M,95 a 99,OTRO PAIS,EXTRANJERA,2
46,La Rioja,X,15 a 19,ARGENTINA,ARGENTINA,1
46,La Rioja,X,30 a 34,ARGENTINA,ARGENTINA,3
46,La Rioja,X,35 a 39,ARGENTINA,ARGENTINA,1
46,La Rioja,X,60 a 64,ARGENTINA,ARGENTINA,1
50,Mendoza,F,0 a 4,ARGENTINA,ARGENTINA,46059
50,Mendoza,F,0 a 4,OTRO PAIS,ARGENTINA,152
50,Mendoza,F,0 a 4,OTRO PAIS,EXTRANJERA,128
50,Mendoza,F,10 a 14,ARGENTINA,ARGENTINA,81716
50,Mendoza,F,10 a 14,OTRO PAIS,ARGENTINA,208
50,Mendoza,F,10 a 14,OTRO PAIS,EXTRANJERA,785
50,Mendoza,F,100 y +,ARGENTINA,ARGENTINA,161
50,Mendoza,F,100 y +,OTRO PAIS,ARGENTINA,3
50,Mendoza,F,100 y +,OTRO PAIS,EXTRANJERA,10
50,Mendoza,F,15 a 19,ARGENTINA,ARGENTINA,78651
50,Mendoza,F,15 a 19,OTRO PAIS,ARGENTINA,426
50,Mendoza,F,15 a 19,OTRO PAIS,EXTRANJERA,1220
50,Mendoza,F,20 a 24,ARGENTINA,ARGENTINA,70081
50,Mendoza,F,20 a 24,OTRO PAIS,ARGENTINA,514
50,Mendoza,F,20 a 24,OTRO PAIS,EXTRANJERA,2036
50,Mendoza,F,25 a 29,ARGENTINA,ARGENTINA,71314
50,Mendoza,F,25 a 29,OTRO PAIS,ARGENTINA,154
50,Mendoza,F,25 a 29,OTRO PAIS,EXTRANJERA,2260
50,Mendoza,F,30 a 34,ARGENTINA,ARGENTINA,74784
50,Mendoza,F,30 a 34,OTRO PAIS,ARGENTINA,159
50,Mendoza,F,30 a 34,OTRO PAIS,EXTRANJERA,2754
50,Mendoza,F,35 a 39,ARGENTINA,ARGENTINA,71906
50,Mendoza,F,35 a 39,OTRO PAIS,ARGENTINA,188
50,Mendoza,F,35 a 39,OTRO PAIS,EXTRANJERA,3061
50,Mendoza,F,40 a 44,ARGENTINA,ARGENTINA,66278
50,Mendoza,F,40 a 44,OTRO PAIS,ARGENTINA,191
50,Mendoza,F,40 a 44,OTRO PAIS,EXTRANJERA,2961
50,Mendoza,F,45 a 49,ARGENTINA,ARGENTINA,66010
50,Mendoza,F,45 a 49,OTRO PAIS,ARGENTINA,203
50,Mendoza,F,45 a 49,OTRO PAIS,EXTRANJERA,2929
50,Mendoza,F,5 a 9,ARGENTINA,ARGENTINA,66723
50,Mendoza,F,5 a 9,OTRO PAIS,ARGENTINA,170
50,Mendoza,F,5 a 9,OTRO PAIS,EXTRANJERA,364
50,Mendoza,F,50 a 54,ARGENTINA,ARGENTINA,56403
50,Mendoza,F,50 a 54,OTRO PAIS,ARGENTINA,204
50,Mendoza,F,50 a 54,OTRO PAIS,EXTRANJERA,2888
50,Mendoza,F,55 a 59,ARGENTINA,ARGENTINA,47325
50,Mendoza,F,55 a 59,OTRO PAIS,ARGENTINA,260
50,Mendoza,F,55 a 59,OTRO PAIS,EXTRANJERA,2928
50,Mendoza,F,60 a 64,ARGENTINA,ARGENTINA,42538
50,Mendoza,F,60 a 64,OTRO PAIS,ARGENTINA,228
50,Mendoza,F,60 a 64,OTRO PAIS,EXTRANJERA,2675
50,Mendoza,F,65 a 69,ARGENTINA,ARGENTINA,39104
50,Mendoza,F,65 a 69,OTRO PAIS,ARGENTINA,231
50,Mendoza,F,65 a 69,OTRO PAIS,EXTRANJERA,2288
50,Mendoza,F,70 a 74,ARGENTINA,ARGENTINA,35201
50,Mendoza,F,70 a 74,OTRO PAIS,ARGENTINA,245
50,Mendoza,F,70 a 74,OTRO PAIS,EXTRANJERA,2078
50,Mendoza,F,75 a 79,ARGENTINA,ARGENTINA,27367
50,Mendoza,F,75 a 79,OTRO PAIS,ARGENTINA,288
50,Mendoza,F,75 a 79,OTRO PAIS,EXTRANJERA,1890
50,Mendoza,F,80 a 84,ARGENTINA,ARGENTINA,18253
50,Mendoza,F,80 a 84,OTRO PAIS,ARGENTINA,260
50,Mendoza,F,80 a 84,OTRO PAIS,EXTRANJERA,1355
50,Mendoza,F,85 a 89,ARGENTINA,ARGENTINA,9900
50,Mendoza,F,85 a 89,OTRO PAIS,ARGENTINA,117
50,Mendoza,F,85 a 89,OTRO PAIS,EXTRANJERA,672
50,Mendoza,F,90 a 94,ARGENTINA,ARGENTINA,4195
50,Mendoza,F,90 a 94,OTRO PAIS,ARGENTINA,42
50,Mendoza,F,90 a 94,OTRO PAIS,EXTRANJERA,294
50,Mendoza,F,95 a 99,ARGENTINA,ARGENTINA,1241
50,Mendoza,F,95 a 99,OTRO PAIS,ARGENTINA,13
50,Mendoza,F,95 a 99,OTRO PAIS,EXTRANJERA,91
50,Mendoza,M,0 a 4,ARGENTINA,ARGENTINA,47823
50,Mendoza,M,0 a 4,OTRO PAIS,ARGENTINA,153
50,Mendoza,M,0 a 4,OTRO PAIS,EXTRANJERA,162
50,Mendoza,M,10 a 14,ARGENTINA,ARGENTINA,84502
50,Mendoza,M,10 a 14,OTRO PAIS,ARGENTINA,262
50,Mendoza,M,10 a 14,OTRO PAIS,EXTRANJERA,844
50,Mendoza,M,100 y +,ARGENTINA,ARGENTINA,57
50,Mendoza,M,100 y +,OTRO PAIS,ARGENTINA,2
50,Mendoza,M,100 y +,OTRO PAIS,EXTRANJERA,4
50,Mendoza,M,15 a 19,ARGENTINA,ARGENTINA,82124
50,Mendoza,M,15 a 19,OTRO PAIS,ARGENTINA,451
50,Mendoza,M,15 a 19,OTRO PAIS,EXTRANJERA,1377
50,Mendoza,M,20 a 24,ARGENTINA,ARGENTINA,72036
50,Mendoza,M,20 a 24,OTRO PAIS,ARGENTINA,448
50,Mendoza,M,20 a 24,OTRO PAIS,EXTRANJERA,2305
50,Mendoza,M,25 a 29,ARGENTINA,ARGENTINA,72438
50,Mendoza,M,25 a 29,OTRO PAIS,ARGENTINA,184
50,Mendoza,M,25 a 29,OTRO PAIS,EXTRANJERA,2275
50,Mendoza,M,30 a 34,ARGENTINA,ARGENTINA,74605
50,Mendoza,M,30 a 34,OTRO PAIS,ARGENTINA,170
50,Mendoza,M,30 a 34,OTRO PAIS,EXTRANJERA,2920
50,Mendoza,M,35 a 39,ARGENTINA,ARGENTINA,71554
50,Mendoza,M,35 a 39,OTRO PAIS,ARGENTINA,206
50,Mendoza,M,35 a 39,OTRO PAIS,EXTRANJERA,3207
50,Mendoza,M,40 a 44,ARGENTINA,ARGENTINA,65630
50,Mendoza,M,40 a 44,OTRO PAIS,ARGENTINA,166
50,Mendoza,M,40 a 44,OTRO PAIS,EXTRANJERA,3066
50,Mendoza,M,45 a 49,ARGENTINA,ARGENTINA,64321
50,Mendoza,M,45 a 49,OTRO PAIS,ARGENTINA,199
50,Mendoza,M,45 a 49,OTRO PAIS,EXTRANJERA,2703
50,Mendoza,M,5 a 9,ARGENTINA,ARGENTINA,68652
50,Mendoza,M,5 a 9,OTRO PAIS,ARGENTINA,199
50,Mendoza,M,5 a 9,OTRO PAIS,EXTRANJERA,443
50,Mendoza,M,50 a 54,ARGENTINA,ARGENTINA,54059
50,Mendoza,M,50 a 54,OTRO PAIS,ARGENTINA,175
50,Mendoza,M,50 a 54,OTRO PAIS,EXTRANJERA,2558
50,Mendoza,M,55 a 59,ARGENTINA,ARGENTINA,44093
50,Mendoza,M,55 a 59,OTRO PAIS,ARGENTINA,187
50,Mendoza,M,55 a 59,OTRO PAIS,EXTRANJERA,2365
50,Mendoza,M,60 a 64,ARGENTINA,ARGENTINA,38355
50,Mendoza,M,60 a 64,OTRO PAIS,ARGENTINA,156
50,Mendoza,M,60 a 64,OTRO PAIS,EXTRANJERA,2078
50,Mendoza,M,65 a 69,ARGENTINA,ARGENTINA,34384
50,Mendoza,M,65 a 69,OTRO PAIS,ARGENTINA,181
50,Mendoza,M,65 a 69,OTRO PAIS,EXTRANJERA,1693
50,Mendoza,M,70 a 74,ARGENTINA,ARGENTINA,28802
50,Mendoza,M,70 a 74,OTRO PAIS,ARGENTINA,206
50,Mendoza,M,70 a 74,OTRO PAIS,EXTRANJERA,1530
50,Mendoza,M,75 a 79,ARGENTINA,ARGENTINA,19708
50,Mendoza,M,75 a 79,OTRO PAIS,ARGENTINA,250
50,Mendoza,M,75 a 79,OTRO PAIS,EXTRANJERA,1487
50,Mendoza,M,80 a 84,ARGENTINA,ARGENTINA,11592
50,Mendoza,M,80 a 84,OTRO PAIS,ARGENTINA,187
50,Mendoza,M,80 a 84,OTRO PAIS,EXTRANJERA,973
50,Mendoza,M,85 a 89,ARGENTINA,ARGENTINA,5323
50,Mendoza,M,85 a 89,OTRO PAIS,ARGENTINA,114
50,Mendoza,M,85 a 89,OTRO PAIS,EXTRANJERA,472
50,Mendoza,M,90 a 94,ARGENTINA,ARGENTINA,1781
50,Mendoza,M,90 a 94,OTRO PAIS,ARGENTINA,47
50,Mendoza,M,90 a 94,OTRO PAIS,EXTRANJERA,187
50,Mendoza,M,95 a 99,ARGENTINA,ARGENTINA,482
50,Mendoza,M,95 a 99,OTRO PAIS,ARGENTINA,11
50,Mendoza,M,95 a 99,OTRO PAIS,EXTRANJERA,50
50,Mendoza,X,15 a 19,ARGENTINA,ARGENTINA,8
50,Mendoza,X,20 a 24,ARGENTINA,ARGENTINA,11
50,Mendoza,X,25 a 29,ARGENTINA,ARGENTINA,12
50,Mendoza,X,25 a 29,OTRO PAIS,ARGENTINA,1
50,Mendoza,X,25 a 29,OTRO PAIS,EXTRANJERA,1
50,Mendoza,X,30 a 34,ARGENTINA,ARGENTINA,17
50,Mendoza,X,35 a 39,ARGENTINA,ARGENTINA,15
50,Mendoza,X,40 a 44,ARGENTINA,ARGENTINA,6
50,Mendoza,X,45 a 49,ARGENTINA,ARGENTINA,6
50,Mendoza,X,50 a 54,ARGENTINA,ARGENTINA,1
50,Mendoza,X,55 a 59,ARGENTINA,ARGENTINA,1
50,Mendoza,X,60 a 64,ARGENTINA,ARGENTINA,2
54,Misiones,F,0 a 4,ARGENTINA,ARGENTINA,42291
54,Misiones,F,0 a 4,OTRO PAIS,ARGENTINA,67
54,Misiones,F,0 a 4,OTRO PAIS,EXTRANJERA,28
54,Misiones,F,10 a 14,ARGENTINA,ARGENTINA,62269
54,Misiones,F,10 a 14,OTRO PAIS,ARGENTINA,130
54,Misiones,F,10 a 14,OTRO PAIS,EXTRANJERA,240
54,Misiones,F,100 y +,ARGENTINA,ARGENTINA,49
54,Misiones,F,100 y +,OTRO PAIS,ARGENTINA,4
54,Misiones,F,100 y +,OTRO PAIS,EXTRANJERA,12
54,Misiones,F,15 a 19,ARGENTINA,ARGENTINA,59554
54,Misiones,F,15 a 19,OTRO PAIS,ARGENTINA,117
54,Misiones,F,15 a 19,OTRO PAIS,EXTRANJERA,367
54,Misiones,F,20 a 24,ARGENTINA,ARGENTINA,55101
54,Misiones,F,20 a 24,OTRO PAIS,ARGENTINA,137
54,Misiones,F,20 a 24,OTRO PAIS,EXTRANJERA,737
54,Misiones,F,25 a 29,ARGENTINA,ARGENTINA,57591
54,Misiones,F,25 a 29,OTRO PAIS,ARGENTINA,110
54,Misiones,F,25 a 29,OTRO PAIS,EXTRANJERA,1034
54,Misiones,F,30 a 34,ARGENTINA,ARGENTINA,55280
54,Misiones,F,30 a 34,OTRO PAIS,ARGENTINA,127
54,Misiones,F,30 a 34,OTRO PAIS,EXTRANJERA,1648
54,Misiones,F,35 a 39,ARGENTINA,ARGENTINA,48822
54,Misiones,F,35 a 39,OTRO PAIS,ARGENTINA,114
54,Misiones,F,35 a 39,OTRO PAIS,EXTRANJERA,2051
54,Misiones,F,40 a 44,ARGENTINA,ARGENTINA,43127
54,Misiones,F,40 a 44,OTRO PAIS,ARGENTINA,129
54,Misiones,F,40 a 44,OTRO PAIS,EXTRANJERA,2141
54,Misiones,F,45 a 49,ARGENTINA,ARGENTINA,39971
54,Misiones,F,45 a 49,OTRO PAIS,ARGENTINA,121
54,Misiones,F,45 a 49,OTRO PAIS,EXTRANJERA,1836
54,Misiones,F,5 a 9,ARGENTINA,ARGENTINA,55928
54,Misiones,F,5 a 9,OTRO PAIS,ARGENTINA,136
54,Misiones,F,5 a 9,OTRO PAIS,EXTRANJERA,128
54,Misiones,F,50 a 54,ARGENTINA,ARGENTINA,32760
54,Misiones,F,50 a 54,OTRO PAIS,ARGENTINA,145
54,Misiones,F,50 a 54,OTRO PAIS,EXTRANJERA,1699
54,Misiones,F,55 a 59,ARGENTINA,ARGENTINA,27818
54,Misiones,F,55 a 59,OTRO PAIS,ARGENTINA,201
54,Misiones,F,55 a 59,OTRO PAIS,EXTRANJERA,1726
54,Misiones,F,60 a 64,ARGENTINA,ARGENTINA,26096
54,Misiones,F,60 a 64,OTRO PAIS,ARGENTINA,250
54,Misiones,F,60 a 64,OTRO PAIS,EXTRANJERA,1742
54,Misiones,F,65 a 69,ARGENTINA,ARGENTINA,21742
54,Misiones,F,65 a 69,OTRO PAIS,ARGENTINA,413
54,Misiones,F,65 a 69,OTRO PAIS,EXTRANJERA,1978
54,Misiones,F,70 a 74,ARGENTINA,ARGENTINA,16424
54,Misiones,F,70 a 74,OTRO PAIS,ARGENTINA,490
54,Misiones,F,70 a 74,OTRO PAIS,EXTRANJERA,1938
54,Misiones,F,75 a 79,ARGENTINA,ARGENTINA,8952
54,Misiones,F,75 a 79,OTRO PAIS,ARGENTINA,454
54,Misiones,F,75 a 79,OTRO PAIS,EXTRANJERA,1865
54,Misiones,F,80 a 84,ARGENTINA,ARGENTINA,5222
54,Misiones,F,80 a 84,OTRO PAIS,ARGENTINA,427
54,Misiones,F,80 a 84,OTRO PAIS,EXTRANJERA,1383
54,Misiones,F,85 a 89,ARGENTINA,ARGENTINA,2925
54,Misiones,F,85 a 89,OTRO PAIS,ARGENTINA,268
54,Misiones,F,85 a 89,OTRO PAIS,EXTRANJERA,806
54,Misiones,F,90 a 94,ARGENTINA,ARGENTINA,1181
54,Misiones,F,90 a 94,OTRO PAIS,ARGENTINA,95
54,Misiones,F,90 a 94,OTRO PAIS,EXTRANJERA,311
54,Misiones,F,95 a 99,ARGENTINA,ARGENTINA,319
54,Misiones,F,95 a 99,OTRO PAIS,ARGENTINA,26
54,Misiones,F,95 a 99,OTRO PAIS,EXTRANJERA,104
54,Misiones,M,0 a 4,ARGENTINA,ARGENTINA,44145
54,Misiones,M,0 a 4,OTRO PAIS,ARGENTINA,62
54,Misiones,M,0 a 4,OTRO PAIS,EXTRANJERA,33
54,Misiones,M,10 a 14,ARGENTINA,ARGENTINA,65041
54,Misiones,M,10 a 14,OTRO PAIS,ARGENTINA,108
54,Misiones,M,10 a 14,OTRO PAIS,EXTRANJERA,226
54,Misiones,M,100 y +,ARGENTINA,ARGENTINA,25
54,Misiones,M,100 y +,OTRO PAIS,ARGENTINA,1
54,Misiones,M,100 y +,OTRO PAIS,EXTRANJERA,19
54,Misiones,M,15 a 19,ARGENTINA,ARGENTINA,61631
54,Misiones,M,15 a 19,OTRO PAIS,ARGENTINA,111
54,Misiones,M,15 a 19,OTRO PAIS,EXTRANJERA,370
54,Misiones,M,20 a 24,ARGENTINA,ARGENTINA,55501
54,Misiones,M,20 a 24,OTRO PAIS,ARGENTINA,151
54,Misiones,M,20 a 24,OTRO PAIS,EXTRANJERA,553
54,Misiones,M,25 a 29,ARGENTINA,ARGENTINA,55841
54,Misiones,M,25 a 29,OTRO PAIS,ARGENTINA,118
54,Misiones,M,25 a 29,OTRO PAIS,EXTRANJERA,724
54,Misiones,M,30 a 34,ARGENTINA,ARGENTINA,53039
54,Misiones,M,30 a 34,OTRO PAIS,ARGENTINA,92
54,Misiones,M,30 a 34,OTRO PAIS,EXTRANJERA,1233
54,Misiones,M,35 a 39,ARGENTINA,ARGENTINA,47923
54,Misiones,M,35 a 39,OTRO PAIS,ARGENTINA,99
54,Misiones,M,35 a 39,OTRO PAIS,EXTRANJERA,1625
54,Misiones,M,40 a 44,ARGENTINA,ARGENTINA,42809
54,Misiones,M,40 a 44,OTRO PAIS,ARGENTINA,86
54,Misiones,M,40 a 44,OTRO PAIS,EXTRANJERA,1759
54,Misiones,M,45 a 49,ARGENTINA,ARGENTINA,39614
54,Misiones,M,45 a 49,OTRO PAIS,ARGENTINA,88
54,Misiones,M,45 a 49,OTRO PAIS,EXTRANJERA,1526
54,Misiones,M,5 a 9,ARGENTINA,ARGENTINA,57936
54,Misiones,M,5 a 9,OTRO PAIS,ARGENTINA,144
54,Misiones,M,5 a 9,OTRO PAIS,EXTRANJERA,124
54,Misiones,M,50 a 54,ARGENTINA,ARGENTINA,32851
54,Misiones,M,50 a 54,OTRO PAIS,ARGENTINA,87
54,Misiones,M,50 a 54,OTRO PAIS,EXTRANJERA,1321
54,Misiones,M,55 a 59,ARGENTINA,ARGENTINA,26990
54,Misiones,M,55 a 59,OTRO PAIS,ARGENTINA,128
54,Misiones,M,55 a 59,OTRO PAIS,EXTRANJERA,1369
54,Misiones,M,60 a 64,ARGENTINA,ARGENTINA,25092
54,Misiones,M,60 a 64,OTRO PAIS,ARGENTINA,186
54,Misiones,M,60 a 64,OTRO PAIS,EXTRANJERA,1580
54,Misiones,M,65 a 69,ARGENTINA,ARGENTINA,21143
54,Misiones,M,65 a 69,OTRO PAIS,ARGENTINA,280
54,Misiones,M,65 a 69,OTRO PAIS,EXTRANJERA,1539
54,Misiones,M,70 a 74,ARGENTINA,ARGENTINA,14865
54,Misiones,M,70 a 74,OTRO PAIS,ARGENTINA,365
54,Misiones,M,70 a 74,OTRO PAIS,EXTRANJERA,1736
54,Misiones,M,75 a 79,ARGENTINA,ARGENTINA,7604
54,Misiones,M,75 a 79,OTRO PAIS,ARGENTINA,353
54,Misiones,M,75 a 79,OTRO PAIS,EXTRANJERA,1769
54,Misiones,M,80 a 84,ARGENTINA,ARGENTINA,3781
54,Misiones,M,80 a 84,OTRO PAIS,ARGENTINA,259
54,Misiones,M,80 a 84,OTRO PAIS,EXTRANJERA,1366
54,Misiones,M,85 a 89,ARGENTINA,ARGENTINA,1702
54,Misiones,M,85 a 89,OTRO PAIS,ARGENTINA,153
54,Misiones,M,85 a 89,OTRO PAIS,EXTRANJERA,719
54,Misiones,M,90 a 94,ARGENTINA,ARGENTINA,562
54,Misiones,M,90 a 94,OTRO PAIS,ARGENTINA,51
54,Misiones,M,90 a 94,OTRO PAIS,EXTRANJERA,257
54,Misiones,M,95 a 99,ARGENTINA,ARGENTINA,157
54,Misiones,M,95 a 99,OTRO PAIS,ARGENTINA,20
54,Misiones,M,95 a 99,OTRO PAIS,EXTRANJERA,79
54,Misiones,X,15 a 19,ARGENTINA,ARGENTINA,1
54,Misiones,X,20 a 24,ARGENTINA,ARGENTINA,5
54,Misiones,X,25 a 29,ARGENTINA,ARGENTINA,3
54,Misiones,X,25 a 29,OTRO PAIS,EXTRANJERA,1
54,Misiones,X,30 a 34,ARGENTINA,ARGENTINA,5
54,Misiones,X,35 a 39,ARGENTINA,ARGENTINA,2
54,Misiones,X,40 a 44,ARGENTINA,ARGENTINA,6
54,Misiones,X,60 a 64,ARGENTINA,ARGENTINA,2
58,Neuquén,F,0 a 4,ARGENTINA,ARGENTINA,16764
58,Neuquén,F,0 a 4,OTRO PAIS,ARGENTINA,22
58,Neuquén,F,0 a 4,OTRO PAIS,EXTRANJERA,63
58,Neuquén,F,10 a 14,ARGENTINA,ARGENTINA,29903
58,Neuquén,F,10 a 14,OTRO PAIS,ARGENTINA,71
58,Neuquén,F,10 a 14,OTRO PAIS,EXTRANJERA,460
58,Neuquén,F,100 y +,ARGENTINA,ARGENTINA,40
58,Neuquén,F,100 y +,OTRO PAIS,ARGENTINA,3
58,Neuquén,F,100 y +,OTRO PAIS,EXTRANJERA,6
58,Neuquén,F,15 a 19,ARGENTINA,ARGENTINA,29442
58,Neuquén,F,15 a 19,OTRO PAIS,ARGENTINA,99
58,Neuquén,F,15 a 19,OTRO PAIS,EXTRANJERA,521
58,Neuquén,F,20 a 24,ARGENTINA,ARGENTINA,26952
58,Neuquén,F,20 a 24,OTRO PAIS,ARGENTINA,94
58,Neuquén,F,20 a 24,OTRO PAIS,EXTRANJERA,807
58,Neuquén,F,25 a 29,ARGENTINA,ARGENTINA,29730
58,Neuquén,F,25 a 29,OTRO PAIS,ARGENTINA,65
58,Neuquén,F,25 a 29,OTRO PAIS,EXTRANJERA,964
58,Neuquén,F,30 a 34,ARGENTINA,ARGENTINA,32051
58,Neuquén,F,30 a 34,OTRO PAIS,ARGENTINA,110
58,Neuquén,F,30 a 34,OTRO PAIS,EXTRANJERA,1248
58,Neuquén,F,35 a 39,ARGENTINA,ARGENTINA,31152
58,Neuquén,F,35 a 39,OTRO PAIS,ARGENTINA,150
58,Neuquén,F,35 a 39,OTRO PAIS,EXTRANJERA,1529
58,Neuquén,F,40 a 44,ARGENTINA,ARGENTINA,27622
58,Neuquén,F,40 a 44,OTRO PAIS,ARGENTINA,249
58,Neuquén,F,40 a 44,OTRO PAIS,EXTRANJERA,1641
58,Neuquén,F,45 a 49,ARGENTINA,ARGENTINA,26671
58,Neuquén,F,45 a 49,OTRO PAIS,ARGENTINA,255
58,Neuquén,F,45 a 49,OTRO PAIS,EXTRANJERA,1568
58,Neuquén,F,5 a 9,ARGENTINA,ARGENTINA,24431
58,Neuquén,F,5 a 9,OTRO PAIS,ARGENTINA,40
58,Neuquén,F,5 a 9,OTRO PAIS,EXTRANJERA,216
58,Neuquén,F,50 a 54,ARGENTINA,ARGENTINA,21926
58,Neuquén,F,50 a 54,OTRO PAIS,ARGENTINA,339
58,Neuquén,F,50 a 54,OTRO PAIS,EXTRANJERA,1579
58,Neuquén,F,55 a 59,ARGENTINA,ARGENTINA,17456
58,Neuquén,F,55 a 59,OTRO PAIS,ARGENTINA,358
58,Neuquén,F,55 a 59,OTRO PAIS,EXTRANJERA,1868
58,Neuquén,F,60 a 64,ARGENTINA,ARGENTINA,15027
58,Neuquén,F,60 a 64,OTRO PAIS,ARGENTINA,345
58,Neuquén,F,60 a 64,OTRO PAIS,EXTRANJERA,2108
58,Neuquén,F,65 a 69,ARGENTINA,ARGENTINA,12221
58,Neuquén,F,65 a 69,OTRO PAIS,ARGENTINA,309
58,Neuquén,F,65 a 69,OTRO PAIS,EXTRANJERA,1883
58,Neuquén,F,70 a 74,ARGENTINA,ARGENTINA,9810
58,Neuquén,F,70 a 74,OTRO PAIS,ARGENTINA,373
58,Neuquén,F,70 a 74,OTRO PAIS,EXTRANJERA,1661
58,Neuquén,F,75 a 79,ARGENTINA,ARGENTINA,6697
58,Neuquén,F,75 a 79,OTRO PAIS,ARGENTINA,338
58,Neuquén,F,75 a 79,OTRO PAIS,EXTRANJERA,1159
58,Neuquén,F,80 a 84,ARGENTINA,ARGENTINA,4173
58,Neuquén,F,80 a 84,OTRO PAIS,ARGENTINA,211
58,Neuquén,F,80 a 84,OTRO PAIS,EXTRANJERA,702
58,Neuquén,F,85 a 89,ARGENTINA,ARGENTINA,2249
58,Neuquén,F,85 a 89,OTRO PAIS,ARGENTINA,114
58,Neuquén,F,85 a 89,OTRO PAIS,EXTRANJERA,380
58,Neuquén,F,90 a 94,ARGENTINA,ARGENTINA,973
58,Neuquén,F,90 a 94,OTRO PAIS,ARGENTINA,35
58,Neuquén,F,90 a 94,OTRO PAIS,EXTRANJERA,167
58,Neuquén,F,95 a 99,ARGENTINA,ARGENTINA,285
58,Neuquén,F,95 a 99,OTRO PAIS,ARGENTINA,12
58,Neuquén,F,95 a 99,OTRO PAIS,EXTRANJERA,46
58,Neuquén,M,0 a 4,ARGENTINA,ARGENTINA,17246
58,Neuquén,M,0 a 4,OTRO PAIS,ARGENTINA,25
58,Neuquén,M,0 a 4,OTRO PAIS,EXTRANJERA,71
58,Neuquén,M,10 a 14,ARGENTINA,ARGENTINA,30463
58,Neuquén,M,10 a 14,OTRO PAIS,ARGENTINA,64
58,Neuquén,M,10 a 14,OTRO PAIS,EXTRANJERA,479
58,Neuquén,M,100 y +,ARGENTINA,ARGENTINA,15
58,Neuquén,M,100 y +,OTRO PAIS,EXTRANJERA,3
58,Neuquén,M,15 a 19,ARGENTINA,ARGENTINA,30710
58,Neuquén,M,15 a 19,OTRO PAIS,ARGENTINA,80
58,Neuquén,M,15 a 19,OTRO PAIS,EXTRANJERA,578
58,Neuquén,M,20 a 24,ARGENTINA,ARGENTINA,28988
58,Neuquén,M,20 a 24,OTRO PAIS,ARGENTINA,74
58,Neuquén,M,20 a 24,OTRO PAIS,EXTRANJERA,940
58,Neuquén,M,25 a 29,ARGENTINA,ARGENTINA,32602
58,Neuquén,M,25 a 29,OTRO PAIS,ARGENTINA,76
58,Neuquén,M,25 a 29,OTRO PAIS,EXTRANJERA,1076
58,Neuquén,M,30 a 34,ARGENTINA,ARGENTINA,34509
58,Neuquén,M,30 a 34,OTRO PAIS,ARGENTINA,88
58,Neuquén,M,30 a 34,OTRO PAIS,EXTRANJERA,1368
58,Neuquén,M,35 a 39,ARGENTINA,ARGENTINA,33429
58,Neuquén,M,35 a 39,OTRO PAIS,ARGENTINA,111
58,Neuquén,M,35 a 39,OTRO PAIS,EXTRANJERA,1704
58,Neuquén,M,40 a 44,ARGENTINA,ARGENTINA,29428
58,Neuquén,M,40 a 44,OTRO PAIS,ARGENTINA,173
58,Neuquén,M,40 a 44,OTRO PAIS,EXTRANJERA,1924
58,Neuquén,M,45 a 49,ARGENTINA,ARGENTINA,28232
58,Neuquén,M,45 a 49,OTRO PAIS,ARGENTINA,205
58,Neuquén,M,45 a 49,OTRO PAIS,EXTRANJERA,1577
58,Neuquén,M,5 a 9,ARGENTINA,ARGENTINA,25017
58,Neuquén,M,5 a 9,OTRO PAIS,ARGENTINA,38
58,Neuquén,M,5 a 9,OTRO PAIS,EXTRANJERA,223
58,Neuquén,M,50 a 54,ARGENTINA,ARGENTINA,22437
58,Neuquén,M,50 a 54,OTRO PAIS,ARGENTINA,244
58,Neuquén,M,50 a 54,OTRO PAIS,EXTRANJERA,1613
58,Neuquén,M,55 a 59,ARGENTINA,ARGENTINA,17198
58,Neuquén,M,55 a 59,OTRO PAIS,ARGENTINA,307
58,Neuquén,M,55 a 59,OTRO PAIS,EXTRANJERA,1600
58,Neuquén,M,60 a 64,ARGENTINA,ARGENTINA,14321
58,Neuquén,M,60 a 64,OTRO PAIS,ARGENTINA,259
58,Neuquén,M,60 a 64,OTRO PAIS,EXTRANJERA,1729
58,Neuquén,M,65 a 69,ARGENTINA,ARGENTINA,11595
58,Neuquén,M,65 a 69,OTRO PAIS,ARGENTINA,244
58,Neuquén,M,65 a 69,OTRO PAIS,EXTRANJERA,1533
58,Neuquén,M,70 a 74,ARGENTINA,ARGENTINA,8572
58,Neuquén,M,70 a 74,OTRO PAIS,ARGENTINA,295
58,Neuquén,M,70 a 74,OTRO PAIS,EXTRANJERA,1377
58,Neuquén,M,75 a 79,ARGENTINA,ARGENTINA,5297
58,Neuquén,M,75 a 79,OTRO PAIS,ARGENTINA,276
58,Neuquén,M,75 a 79,OTRO PAIS,EXTRANJERA,1057
58,Neuquén,M,80 a 84,ARGENTINA,ARGENTINA,2826
58,Neuquén,M,80 a 84,OTRO PAIS,ARGENTINA,178
58,Neuquén,M,80 a 84,OTRO PAIS,EXTRANJERA,635
58,Neuquén,M,85 a 89,ARGENTINA,ARGENTINA,1271
58,Neuquén,M,85 a 89,OTRO PAIS,ARGENTINA,89
58,Neuquén,M,85 a 89,OTRO PAIS,EXTRANJERA,258
58,Neuquén,M,90 a 94,ARGENTINA,ARGENTINA,437
58,Neuquén,M,90 a 94,OTRO PAIS,ARGENTINA,27
58,Neuquén,M,90 a 94,OTRO PAIS,EXTRANJERA,89
58,Neuquén,M,95 a 99,ARGENTINA,ARGENTINA,87
58,Neuquén,M,95 a 99,OTRO PAIS,ARGENTINA,8
58,Neuquén,M,95 a 99,OTRO PAIS,EXTRANJERA,24
58,Neuquén,X,10 a 14,ARGENTINA,ARGENTINA,1
58,Neuquén,X,15 a 19,ARGENTINA,ARGENTINA,13
58,Neuquén,X,20 a 24,ARGENTINA,ARGENTINA,16
58,Neuquén,X,20 a 24,OTRO PAIS,EXTRANJERA,1
58,Neuquén,X,25 a 29,ARGENTINA,ARGENTINA,17
58,Neuquén,X,30 a 34,ARGENTINA,ARGENTINA,14
58,Neuquén,X,35 a 39,ARGENTINA,ARGENTINA,8
58,Neuquén,X,40 a 44,ARGENTINA,ARGENTINA,3
58,Neuquén,X,40 a 44,OTRO PAIS,ARGENTINA,1
58,Neuquén,X,45 a 49,ARGENTINA,ARGENTINA,4
58,Neuquén,X,50 a 54,ARGENTINA,ARGENTINA,2
58,Neuquén,X,55 a 59,ARGENTINA,ARGENTINA,1
62,Río Negro,F,0 a 4,ARGENTINA,ARGENTINA,16848
62,Río Negro,F,0 a 4,OTRO PAIS,ARGENTINA,41
62,Río Negro,F,0 a 4,OTRO PAIS,EXTRANJERA,62
62,Río Negro,F,10 a 14,ARGENTINA,ARGENTINA,31283
62,Río Negro,F,10 a 14,OTRO PAIS,ARGENTINA,83
62,Río Negro,F,10 a 14,OTRO PAIS,EXTRANJERA,313
62,Río Negro,F,100 y +,ARGENTINA,ARGENTINA,64
62,Río Negro,F,100 y +,OTRO PAIS,ARGENTINA,2
62,Río Negro,F,100 y +,OTRO PAIS,EXTRANJERA,17
62,Río Negro,F,15 a 19,ARGENTINA,ARGENTINA,29489
62,Río Negro,F,15 a 19,OTRO PAIS,ARGENTINA,80
62,Río Negro,F,15 a 19,OTRO PAIS,EXTRANJERA,388
62,Río Negro,F,20 a 24,ARGENTINA,ARGENTINA,27705
62,Río Negro,F,20 a 24,OTRO PAIS,ARGENTINA,112
62,Río Negro,F,20 a 24,OTRO PAIS,EXTRANJERA,650
62,Río Negro,F,25 a 29,ARGENTINA,ARGENTINA,29917
62,Río Negro,F,25 a 29,OTRO PAIS,ARGENTINA,81
62,Río Negro,F,25 a 29,OTRO PAIS,EXTRANJERA,901
62,Río Negro,F,30 a 34,ARGENTINA,ARGENTINA,31676
62,Río Negro,F,30 a 34,OTRO PAIS,ARGENTINA,84
62,Río Negro,F,30 a 34,OTRO PAIS,EXTRANJERA,1064
62,Río Negro,F,35 a 39,ARGENTINA,ARGENTINA,31477
62,Río Negro,F,35 a 39,OTRO PAIS,ARGENTINA,136
62,Río Negro,F,35 a 39,OTRO PAIS,EXTRANJERA,1146
62,Río Negro,F,40 a 44,ARGENTINA,ARGENTINA,28883
62,Río Negro,F,40 a 44,OTRO PAIS,ARGENTINA,226
62,Río Negro,F,40 a 44,OTRO PAIS,EXTRANJERA,1433
62,Río Negro,F,45 a 49,ARGENTINA,ARGENTINA,28158
62,Río Negro,F,45 a 49,OTRO PAIS,ARGENTINA,224
62,Río Negro,F,45 a 49,OTRO PAIS,EXTRANJERA,1350
62,Río Negro,F,5 a 9,ARGENTINA,ARGENTINA,25369
62,Río Negro,F,5 a 9,OTRO PAIS,ARGENTINA,49
62,Río Negro,F,5 a 9,OTRO PAIS,EXTRANJERA,154
62,Río Negro,F,50 a 54,ARGENTINA,ARGENTINA,22556
62,Río Negro,F,50 a 54,OTRO PAIS,ARGENTINA,339
62,Río Negro,F,50 a 54,OTRO PAIS,EXTRANJERA,1752
62,Río Negro,F,55 a 59,ARGENTINA,ARGENTINA,18271
62,Río Negro,F,55 a 59,OTRO PAIS,ARGENTINA,296
62,Río Negro,F,55 a 59,OTRO PAIS,EXTRANJERA,2019
62,Río Negro,F,60 a 64,ARGENTINA,ARGENTINA,16864
62,Río Negro,F,60 a 64,OTRO PAIS,ARGENTINA,336
62,Río Negro,F,60 a 64,OTRO PAIS,EXTRANJERA,2346
62,Río Negro,F,65 a 69,ARGENTINA,ARGENTINA,14250
62,Río Negro,F,65 a 69,OTRO PAIS,ARGENTINA,359
62,Río Negro,F,65 a 69,OTRO PAIS,EXTRANJERA,2256
62,Río Negro,F,70 a 74,ARGENTINA,ARGENTINA,11592
62,Río Negro,F,70 a 74,OTRO PAIS,ARGENTINA,426
62,Río Negro,F,70 a 74,OTRO PAIS,EXTRANJERA,2129
62,Río Negro,F,75 a 79,ARGENTINA,ARGENTINA,8423
62,Río Negro,F,75 a 79,OTRO PAIS,ARGENTINA,455
62,Río Negro,F,75 a 79,OTRO PAIS,EXTRANJERA,1686
62,Río Negro,F,80 a 84,ARGENTINA,ARGENTINA,5669
62,Río Negro,F,80 a 84,OTRO PAIS,ARGENTINA,298
62,Río Negro,F,80 a 84,OTRO PAIS,EXTRANJERA,1069
62,Río Negro,F,85 a 89,ARGENTINA,ARGENTINA,3190
62,Río Negro,F,85 a 89,OTRO PAIS,ARGENTINA,157
62,Río Negro,F,85 a 89,OTRO PAIS,EXTRANJERA,616
62,Río Negro,F,90 a 94,ARGENTINA,ARGENTINA,1420
62,Río Negro,F,90 a 94,OTRO PAIS,ARGENTINA,60
62,Río Negro,F,90 a 94,OTRO PAIS,EXTRANJERA,256
62,Río Negro,F,95 a 99,ARGENTINA,ARGENTINA,429
62,Río Negro,F,95 a 99,OTRO PAIS,ARGENTINA,21
62,Río Negro,F,95 a 99,OTRO PAIS,EXTRANJERA,91
62,Río Negro,M,0 a 4,ARGENTINA,ARGENTINA,17548
62,Río Negro,M,0 a 4,OTRO PAIS,ARGENTINA,35
62,Río Negro,M,0 a 4,OTRO PAIS,EXTRANJERA,64
62,Río Negro,M,10 a 14,ARGENTINA,ARGENTINA,32129
62,Río Negro,M,10 a 14,OTRO PAIS,ARGENTINA,76
62,Río Negro,M,10 a 14,OTRO PAIS,EXTRANJERA,331
62,Río Negro,M,100 y +,ARGENTINA,ARGENTINA,21
62,Río Negro,M,100 y +,OTRO PAIS,EXTRANJERA,6
62,Río Negro,M,15 a 19,ARGENTINA,ARGENTINA,31080
62,Río Negro,M,15 a 19,OTRO PAIS,ARGENTINA,98
62,Río Negro,M,15 a 19,OTRO PAIS,EXTRANJERA,439
62,Río Negro,M,20 a 24,ARGENTINA,ARGENTINA,29379
62,Río Negro,M,20 a 24,OTRO PAIS,ARGENTINA,103
62,Río Negro,M,20 a 24,OTRO PAIS,EXTRANJERA,811
62,Río Negro,M,25 a 29,ARGENTINA,ARGENTINA,31288
62,Río Negro,M,25 a 29,OTRO PAIS,ARGENTINA,70
62,Río Negro,M,25 a 29,OTRO PAIS,EXTRANJERA,968
62,Río Negro,M,30 a 34,ARGENTINA,ARGENTINA,32368
62,Río Negro,M,30 a 34,OTRO PAIS,ARGENTINA,77
62,Río Negro,M,30 a 34,OTRO PAIS,EXTRANJERA,1240
62,Río Negro,M,35 a 39,ARGENTINA,ARGENTINA,31786
62,Río Negro,M,35 a 39,OTRO PAIS,ARGENTINA,107
62,Río Negro,M,35 a 39,OTRO PAIS,EXTRANJERA,1361
62,Río Negro,M,40 a 44,ARGENTINA,ARGENTINA,29252
62,Río Negro,M,40 a 44,OTRO PAIS,ARGENTINA,175
62,Río Negro,M,40 a 44,OTRO PAIS,EXTRANJERA,1552
62,Río Negro,M,45 a 49,ARGENTINA,ARGENTINA,27830
62,Río Negro,M,45 a 49,OTRO PAIS,ARGENTINA,171
62,Río Negro,M,45 a 49,OTRO PAIS,EXTRANJERA,1438
62,Río Negro,M,5 a 9,ARGENTINA,ARGENTINA,26148
62,Río Negro,M,5 a 9,OTRO PAIS,ARGENTINA,60
62,Río Negro,M,5 a 9,OTRO PAIS,EXTRANJERA,184
62,Río Negro,M,50 a 54,ARGENTINA,ARGENTINA,22980
62,Río Negro,M,50 a 54,OTRO PAIS,ARGENTINA,230
62,Río Negro,M,50 a 54,OTRO PAIS,EXTRANJERA,1609
62,Río Negro,M,55 a 59,ARGENTINA,ARGENTINA,18187
62,Río Negro,M,55 a 59,OTRO PAIS,ARGENTINA,243
62,Río Negro,M,55 a 59,OTRO PAIS,EXTRANJERA,1816
62,Río Negro,M,60 a 64,ARGENTINA,ARGENTINA,16184
62,Río Negro,M,60 a 64,OTRO PAIS,ARGENTINA,251
62,Río Negro,M,60 a 64,OTRO PAIS,EXTRANJERA,2042
62,Río Negro,M,65 a 69,ARGENTINA,ARGENTINA,13281
62,Río Negro,M,65 a 69,OTRO PAIS,ARGENTINA,311
62,Río Negro,M,65 a 69,OTRO PAIS,EXTRANJERA,1930
62,Río Negro,M,70 a 74,ARGENTINA,ARGENTINA,10436
62,Río Negro,M,70 a 74,OTRO PAIS,ARGENTINA,365
62,Río Negro,M,70 a 74,OTRO PAIS,EXTRANJERA,1894
62,Río Negro,M,75 a 79,ARGENTINA,ARGENTINA,6648
62,Río Negro,M,75 a 79,OTRO PAIS,ARGENTINA,337
62,Río Negro,M,75 a 79,OTRO PAIS,EXTRANJERA,1526
62,Río Negro,M,80 a 84,ARGENTINA,ARGENTINA,3857
62,Río Negro,M,80 a 84,OTRO PAIS,ARGENTINA,247
62,Río Negro,M,80 a 84,OTRO PAIS,EXTRANJERA,937
62,Río Negro,M,85 a 89,ARGENTINA,ARGENTINA,1767
62,Río Negro,M,85 a 89,OTRO PAIS,ARGENTINA,136
62,Río Negro,M,85 a 89,OTRO PAIS,EXTRANJERA,459
62,Río Negro,M,90 a 94,ARGENTINA,ARGENTINA,569
62,Río Negro,M,90 a 94,OTRO PAIS,ARGENTINA,44
62,Río Negro,M,90 a 94,OTRO PAIS,EXTRANJERA,178
62,Río Negro,M,95 a 99,ARGENTINA,ARGENTINA,128
62,Río Negro,M,95 a 99,OTRO PAIS,ARGENTINA,8
62,Río Negro,M,95 a 99,OTRO PAIS,EXTRANJERA,41
62,Río Negro,X,15 a 19,ARGENTINA,ARGENTINA,6
62,Río Negro,X,20 a 24,ARGENTINA,ARGENTINA,7
62,Río Negro,X,25 a 29,ARGENTINA,ARGENTINA,14
62,Río Negro,X,30 a 34,ARGENTINA,ARGENTINA,9
62,Río Negro,X,35 a 39,ARGENTINA,ARGENTINA,5
62,Río Negro,X,40 a 44,ARGENTINA,ARGENTINA,1
62,Río Negro,X,45 a 49,ARGENTINA,ARGENTINA,3
62,Río Negro,X,50 a 54,ARGENTINA,ARGENTINA,1
62,Río Negro,X,60 a 64,ARGENTINA,ARGENTINA,5
66,Salta,F,0 a 4,ARGENTINA,ARGENTINA,37902
66,Salta,F,0 a 4,OTRO PAIS,ARGENTINA,59
66,Salta,F,0 a 4,OTRO PAIS,EXTRANJERA,27
66,Salta,F,10 a 14,ARGENTINA,ARGENTINA,64951
66,Salta,F,10 a 14,OTRO PAIS,ARGENTINA,93
66,Salta,F,10 a 14,OTRO PAIS,EXTRANJERA,381
66,Salta,F,100 y +,ARGENTINA,ARGENTINA,112
66,Salta,F,100 y +,OTRO PAIS,ARGENTINA,2
66,Salta,F,100 y +,OTRO PAIS,EXTRANJERA,8
66,Salta,F,15 a 19,ARGENTINA,ARGENTINA,62029
66,Salta,F,15 a 19,OTRO PAIS,ARGENTINA,119
66,Salta,F,15 a 19,OTRO PAIS,EXTRANJERA,430
66,Salta,F,20 a 24,ARGENTINA,ARGENTINA,59556
66,Salta,F,20 a 24,OTRO PAIS,ARGENTINA,95
66,Salta,F,20 a 24,OTRO PAIS,EXTRANJERA,650
66,Salta,F,25 a 29,ARGENTINA,ARGENTINA,59821
66,Salta,F,25 a 29,OTRO PAIS,ARGENTINA,70
66,Salta,F,25 a 29,OTRO PAIS,EXTRANJERA,925
66,Salta,F,30 a 34,ARGENTINA,ARGENTINA,59391
66,Salta,F,30 a 34,OTRO PAIS,ARGENTINA,62
66,Salta,F,30 a 34,OTRO PAIS,EXTRANJERA,1192
66,Salta,F,35 a 39,ARGENTINA,ARGENTINA,51663
66,Salta,F,35 a 39,OTRO PAIS,ARGENTINA,88
66,Salta,F,35 a 39,OTRO PAIS,EXTRANJERA,1514
66,Salta,F,40 a 44,ARGENTINA,ARGENTINA,48115
66,Salta,F,40 a 44,OTRO PAIS,ARGENTINA,104
66,Salta,F,40 a 44,OTRO PAIS,EXTRANJERA,1593
66,Salta,F,45 a 49,ARGENTINA,ARGENTINA,46022
66,Salta,F,45 a 49,OTRO PAIS,ARGENTINA,127
66,Salta,F,45 a 49,OTRO PAIS,EXTRANJERA,1780
66,Salta,F,5 a 9,ARGENTINA,ARGENTINA,55234
66,Salta,F,5 a 9,OTRO PAIS,ARGENTINA,94
66,Salta,F,5 a 9,OTRO PAIS,EXTRANJERA,168
66,Salta,F,50 a 54,ARGENTINA,ARGENTINA,38501
66,Salta,F,50 a 54,OTRO PAIS,ARGENTINA,122
66,Salta,F,50 a 54,OTRO PAIS,EXTRANJERA,1676
66,Salta,F,55 a 59,ARGENTINA,ARGENTINA,31277
66,Salta,F,55 a 59,OTRO PAIS,ARGENTINA,154
66,Salta,F,55 a 59,OTRO PAIS,EXTRANJERA,1531
66,Salta,F,60 a 64,ARGENTINA,ARGENTINA,27239
66,Salta,F,60 a 64,OTRO PAIS,ARGENTINA,181
66,Salta,F,60 a 64,OTRO PAIS,EXTRANJERA,1529
66,Salta,F,65 a 69,ARGENTINA,ARGENTINA,23132
66,Salta,F,65 a 69,OTRO PAIS,ARGENTINA,168
66,Salta,F,65 a 69,OTRO PAIS,EXTRANJERA,1313
66,Salta,F,70 a 74,ARGENTINA,ARGENTINA,19511
66,Salta,F,70 a 74,OTRO PAIS,ARGENTINA,243
66,Salta,F,70 a 74,OTRO PAIS,EXTRANJERA,1069
66,Salta,F,75 a 79,ARGENTINA,ARGENTINA,13990
66,Salta,F,75 a 79,OTRO PAIS,ARGENTINA,252
66,Salta,F,75 a 79,OTRO PAIS,EXTRANJERA,873
66,Salta,F,80 a 84,ARGENTINA,ARGENTINA,8818
66,Salta,F,80 a 84,OTRO PAIS,ARGENTINA,158
66,Salta,F,80 a 84,OTRO PAIS,EXTRANJERA,618
66,Salta,F,85 a 89,ARGENTINA,ARGENTINA,4894
66,Salta,F,85 a 89,OTRO PAIS,ARGENTINA,92
66,Salta,F,85 a 89,OTRO PAIS,EXTRANJERA,320
66,Salta,F,90 a 94,ARGENTINA,ARGENTINA,2076
66,Salta,F,90 a 94,OTRO PAIS,ARGENTINA,36
66,Salta,F,90 a 94,OTRO PAIS,EXTRANJERA,130
66,Salta,F,95 a 99,ARGENTINA,ARGENTINA,590
66,Salta,F,95 a 99,OTRO PAIS,ARGENTINA,15
66,Salta,F,95 a 99,OTRO PAIS,EXTRANJERA,63
66,Salta,M,0 a 4,ARGENTINA,ARGENTINA,39280
66,Salta,M,0 a 4,OTRO PAIS,ARGENTINA,51
66,Salta,M,0 a 4,OTRO PAIS,EXTRANJERA,44
66,Salta,M,10 a 14,ARGENTINA,ARGENTINA,66422
66,Salta,M,10 a 14,OTRO PAIS,ARGENTINA,117
66,Salta,M,10 a 14,OTRO PAIS,EXTRANJERA,393
66,Salta,M,100 y +,ARGENTINA,ARGENTINA,42
66,Salta,M,100 y +,OTRO PAIS,EXTRANJERA,8
66,Salta,M,15 a 19,ARGENTINA,ARGENTINA,64150
66,Salta,M,15 a 19,OTRO PAIS,ARGENTINA,135
66,Salta,M,15 a 19,OTRO PAIS,EXTRANJERA,502
66,Salta,M,20 a 24,ARGENTINA,ARGENTINA,61204
66,Salta,M,20 a 24,OTRO PAIS,ARGENTINA,111
66,Salta,M,20 a 24,OTRO PAIS,EXTRANJERA,706
66,Salta,M,25 a 29,ARGENTINA,ARGENTINA,60763
66,Salta,M,25 a 29,OTRO PAIS,ARGENTINA,64
66,Salta,M,25 a 29,OTRO PAIS,EXTRANJERA,893
66,Salta,M,30 a 34,ARGENTINA,ARGENTINA,59139
66,Salta,M,30 a 34,OTRO PAIS,ARGENTINA,71
66,Salta,M,30 a 34,OTRO PAIS,EXTRANJERA,1333
66,Salta,M,35 a 39,ARGENTINA,ARGENTINA,51200
66,Salta,M,35 a 39,OTRO PAIS,ARGENTINA,99
66,Salta,M,35 a 39,OTRO PAIS,EXTRANJERA,1529
66,Salta,M,40 a 44,ARGENTINA,ARGENTINA,47361
66,Salta,M,40 a 44,OTRO PAIS,ARGENTINA,96
66,Salta,M,40 a 44,OTRO PAIS,EXTRANJERA,1507
66,Salta,M,45 a 49,ARGENTINA,ARGENTINA,44699
66,Salta,M,45 a 49,OTRO PAIS,ARGENTINA,122
66,Salta,M,45 a 49,OTRO PAIS,EXTRANJERA,1556
66,Salta,M,5 a 9,ARGENTINA,ARGENTINA,56851
66,Salta,M,5 a 9,OTRO PAIS,ARGENTINA,112
66,Salta,M,5 a 9,OTRO PAIS,EXTRANJERA,230
66,Salta,M,50 a 54,ARGENTINA,ARGENTINA,37444
66,Salta,M,50 a 54,OTRO PAIS,ARGENTINA,99
66,Salta,M,50 a 54,OTRO PAIS,EXTRANJERA,1415
66,Salta,M,55 a 59,ARGENTINA,ARGENTINA,30348
66,Salta,M,55 a 59,OTRO PAIS,ARGENTINA,139
66,Salta,M,55 a 59,OTRO PAIS,EXTRANJERA,1271
66,Salta,M,60 a 64,ARGENTINA,ARGENTINA,26167
66,Salta,M,60 a 64,OTRO PAIS,ARGENTINA,116
66,Salta,M,60 a 64,OTRO PAIS,EXTRANJERA,1219
66,Salta,M,65 a 69,ARGENTINA,ARGENTINA,21497
66,Salta,M,65 a 69,OTRO PAIS,ARGENTINA,150
66,Salta,M,65 a 69,OTRO PAIS,EXTRANJERA,1053
66,Salta,M,70 a 74,ARGENTINA,ARGENTINA,17097
66,Salta,M,70 a 74,OTRO PAIS,ARGENTINA,193
66,Salta,M,70 a 74,OTRO PAIS,EXTRANJERA,929
66,Salta,M,75 a 79,ARGENTINA,ARGENTINA,10636
66,Salta,M,75 a 79,OTRO PAIS,ARGENTINA,209
66,Salta,M,75 a 79,OTRO PAIS,EXTRANJERA,819
66,Salta,M,80 a 84,ARGENTINA,ARGENTINA,5909
66,Salta,M,80 a 84,OTRO PAIS,ARGENTINA,159
66,Salta,M,80 a 84,OTRO PAIS,EXTRANJERA,537
66,Salta,M,85 a 89,ARGENTINA,ARGENTINA,2827
66,Salta,M,85 a 89,OTRO PAIS,ARGENTINA,73
66,Salta,M,85 a 89,OTRO PAIS,EXTRANJERA,316
66,Salta,M,90 a 94,ARGENTINA,ARGENTINA,1018
66,Salta,M,90 a 94,OTRO PAIS,ARGENTINA,32
66,Salta,M,90 a 94,OTRO PAIS,EXTRANJERA,122
66,Salta,M,95 a 99,ARGENTINA,ARGENTINA,270
66,Salta,M,95 a 99,OTRO PAIS,ARGENTINA,2
66,Salta,M,95 a 99,OTRO PAIS,EXTRANJERA,34
66,Salta,X,10 a 14,ARGENTINA,ARGENTINA,1
66,Salta,X,15 a 19,ARGENTINA,ARGENTINA,2
66,Salta,X,20 a 24,ARGENTINA,ARGENTINA,4
66,Salta,X,25 a 29,ARGENTINA,ARGENTINA,5
66,Salta,X,30 a 34,ARGENTINA,ARGENTINA,5
66,Salta,X,35 a 39,ARGENTINA,ARGENTINA,8
66,Salta,X,40 a 44,ARGENTINA,ARGENTINA,8
66,Salta,X,45 a 49,ARGENTINA,ARGENTINA,4
66,Salta,X,50 a 54,ARGENTINA,ARGENTINA,1
66,Salta,X,55 a 59,ARGENTINA,ARGENTINA,1
66,Salta,X,60 a 64,ARGENTINA,ARGENTINA,1
70,San Juan,F,0 a 4,ARGENTINA,ARGENTINA,22202
70,San Juan,F,0 a 4,OTRO PAIS,ARGENTINA,27
70,San Juan,F,0 a 4,OTRO PAIS,EXTRANJERA,13
70,San Juan,F,10 a 14,ARGENTINA,ARGENTINA,35579
70,San Juan,F,10 a 14,OTRO PAIS,ARGENTINA,26
70,San Juan,F,10 a 14,OTRO PAIS,EXTRANJERA,88
70,San Juan,F,100 y +,ARGENTINA,ARGENTINA,43
70,San Juan,F,100 y +,OTRO PAIS,EXTRANJERA,1
70,San Juan,F,15 a 19,ARGENTINA,ARGENTINA,34289
70,San Juan,F,15 a 19,OTRO PAIS,ARGENTINA,86
70,San Juan,F,15 a 19,OTRO PAIS,EXTRANJERA,97
70,San Juan,F,20 a 24,ARGENTINA,ARGENTINA,33383
70,San Juan,F,20 a 24,OTRO PAIS,ARGENTINA,80
70,San Juan,F,20 a 24,OTRO PAIS,EXTRANJERA,131
70,San Juan,F,25 a 29,ARGENTINA,ARGENTINA,31661
70,San Juan,F,25 a 29,OTRO PAIS,ARGENTINA,35
70,San Juan,F,25 a 29,OTRO PAIS,EXTRANJERA,201
70,San Juan,F,30 a 34,ARGENTINA,ARGENTINA,31619
70,San Juan,F,30 a 34,OTRO PAIS,ARGENTINA,40
70,San Juan,F,30 a 34,OTRO PAIS,EXTRANJERA,279
70,San Juan,F,35 a 39,ARGENTINA,ARGENTINA,28294
70,San Juan,F,35 a 39,OTRO PAIS,ARGENTINA,39
70,San Juan,F,35 a 39,OTRO PAIS,EXTRANJERA,256
70,San Juan,F,40 a 44,ARGENTINA,ARGENTINA,26804
70,San Juan,F,40 a 44,OTRO PAIS,ARGENTINA,31
70,San Juan,F,40 a 44,OTRO PAIS,EXTRANJERA,238
70,San Juan,F,45 a 49,ARGENTINA,ARGENTINA,26689
70,San Juan,F,45 a 49,OTRO PAIS,ARGENTINA,29
70,San Juan,F,45 a 49,OTRO PAIS,EXTRANJERA,192
70,San Juan,F,5 a 9,ARGENTINA,ARGENTINA,30550
70,San Juan,F,5 a 9,OTRO PAIS,ARGENTINA,30
70,San Juan,F,5 a 9,OTRO PAIS,EXTRANJERA,30
70,San Juan,F,50 a 54,ARGENTINA,ARGENTINA,23638
70,San Juan,F,50 a 54,OTRO PAIS,ARGENTINA,26
70,San Juan,F,50 a 54,OTRO PAIS,EXTRANJERA,188
70,San Juan,F,55 a 59,ARGENTINA,ARGENTINA,19499
70,San Juan,F,55 a 59,OTRO PAIS,ARGENTINA,36
70,San Juan,F,55 a 59,OTRO PAIS,EXTRANJERA,207
70,San Juan,F,60 a 64,ARGENTINA,ARGENTINA,16913
70,San Juan,F,60 a 64,OTRO PAIS,ARGENTINA,19
70,San Juan,F,60 a 64,OTRO PAIS,EXTRANJERA,178
70,San Juan,F,65 a 69,ARGENTINA,ARGENTINA,15720
70,San Juan,F,65 a 69,OTRO PAIS,ARGENTINA,25
70,San Juan,F,65 a 69,OTRO PAIS,EXTRANJERA,144
70,San Juan,F,70 a 74,ARGENTINA,ARGENTINA,13725
70,San Juan,F,70 a 74,OTRO PAIS,ARGENTINA,25
70,San Juan,F,70 a 74,OTRO PAIS,EXTRANJERA,143
70,San Juan,F,75 a 79,ARGENTINA,ARGENTINA,10796
70,San Juan,F,75 a 79,OTRO PAIS,ARGENTINA,55
70,San Juan,F,75 a 79,OTRO PAIS,EXTRANJERA,211
70,San Juan,F,80 a 84,ARGENTINA,ARGENTINA,6898
70,San Juan,F,80 a 84,OTRO PAIS,ARGENTINA,47
70,San Juan,F,80 a 84,OTRO PAIS,EXTRANJERA,164
70,San Juan,F,85 a 89,ARGENTINA,ARGENTINA,3505
70,San Juan,F,85 a 89,OTRO PAIS,ARGENTINA,17
70,San Juan,F,85 a 89,OTRO PAIS,EXTRANJERA,104
70,San Juan,F,90 a 94,ARGENTINA,ARGENTINA,1386
70,San Juan,F,90 a 94,OTRO PAIS,ARGENTINA,15
70,San Juan,F,90 a 94,OTRO PAIS,EXTRANJERA,49
70,San Juan,F,95 a 99,ARGENTINA,ARGENTINA,354
70,San Juan,F,95 a 99,OTRO PAIS,ARGENTINA,2
70,San Juan,F,95 a 99,OTRO PAIS,EXTRANJERA,18
70,San Juan,M,0 a 4,ARGENTINA,ARGENTINA,23113
70,San Juan,M,0 a 4,OTRO PAIS,ARGENTINA,17
70,San Juan,M,0 a 4,OTRO PAIS,EXTRANJERA,12
70,San Juan,M,10 a 14,ARGENTINA,ARGENTINA,36887
70,San Juan,M,10 a 14,OTRO PAIS,ARGENTINA,38
70,San Juan,M,10 a 14,OTRO PAIS,EXTRANJERA,111
70,San Juan,M,100 y +,ARGENTINA,ARGENTINA,19
70,San Juan,M,100 y +,OTRO PAIS,EXTRANJERA,4
70,San Juan,M,15 a 19,ARGENTINA,ARGENTINA,35819
70,San Juan,M,15 a 19,OTRO PAIS,ARGENTINA,75
70,San Juan,M,15 a 19,OTRO PAIS,EXTRANJERA,134
70,San Juan,M,20 a 24,ARGENTINA,ARGENTINA,34894
70,San Juan,M,20 a 24,OTRO PAIS,ARGENTINA,89
70,San Juan,M,20 a 24,OTRO PAIS,EXTRANJERA,175
70,San Juan,M,25 a 29,ARGENTINA,ARGENTINA,32546
70,San Juan,M,25 a 29,OTRO PAIS,ARGENTINA,30
70,San Juan,M,25 a 29,OTRO PAIS,EXTRANJERA,193
70,San Juan,M,30 a 34,ARGENTINA,ARGENTINA,31639
70,San Juan,M,30 a 34,OTRO PAIS,ARGENTINA,36
70,San Juan,M,30 a 34,OTRO PAIS,EXTRANJERA,292
70,San Juan,M,35 a 39,ARGENTINA,ARGENTINA,28589
70,San Juan,M,35 a 39,OTRO PAIS,ARGENTINA,51
70,San Juan,M,35 a 39,OTRO PAIS,EXTRANJERA,372
70,San Juan,M,40 a 44,ARGENTINA,ARGENTINA,26334
70,San Juan,M,40 a 44,OTRO PAIS,ARGENTINA,39
70,San Juan,M,40 a 44,OTRO PAIS,EXTRANJERA,320
70,San Juan,M,45 a 49,ARGENTINA,ARGENTINA,26164
70,San Juan,M,45 a 49,OTRO PAIS,ARGENTINA,33
70,San Juan,M,45 a 49,OTRO PAIS,EXTRANJERA,256
70,San Juan,M,5 a 9,ARGENTINA,ARGENTINA,31666
70,San Juan,M,5 a 9,OTRO PAIS,ARGENTINA,32
70,San Juan,M,5 a 9,OTRO PAIS,EXTRANJERA,39
70,San Juan,M,50 a 54,ARGENTINA,ARGENTINA,22656
70,San Juan,M,50 a 54,OTRO PAIS,ARGENTINA,32
70,San Juan,M,50 a 54,OTRO PAIS,EXTRANJERA,238
70,San Juan,M,55 a 59,ARGENTINA,ARGENTINA,17963
70,San Juan,M,55 a 59,OTRO PAIS,ARGENTINA,34
70,San Juan,M,55 a 59,OTRO PAIS,EXTRANJERA,236
70,San Juan,M,60 a 64,ARGENTINA,ARGENTINA,15474
70,San Juan,M,60 a 64,OTRO PAIS,ARGENTINA,30
70,San Juan,M,60 a 64,OTRO PAIS,EXTRANJERA,188
70,San Juan,M,65 a 69,ARGENTINA,ARGENTINA,13108
70,San Juan,M,65 a 69,OTRO PAIS,ARGENTINA,15
70,San Juan,M,65 a 69,OTRO PAIS,EXTRANJERA,137
70,San Juan,M,70 a 74,ARGENTINA,ARGENTINA,10936
70,San Juan,M,70 a 74,OTRO PAIS,ARGENTINA,31
70,San Juan,M,70 a 74,OTRO PAIS,EXTRANJERA,158
70,San Juan,M,75 a 79,ARGENTINA,ARGENTINA,7766
70,San Juan,M,75 a 79,OTRO PAIS,ARGENTINA,44
70,San Juan,M,75 a 79,OTRO PAIS,EXTRANJERA,177
70,San Juan,M,80 a 84,ARGENTINA,ARGENTINA,4242
70,San Juan,M,80 a 84,OTRO PAIS,ARGENTINA,45
70,San Juan,M,80 a 84,OTRO PAIS,EXTRANJERA,119
70,San Juan,M,85 a 89,ARGENTINA,ARGENTINA,1821
70,San Juan,M,85 a 89,OTRO PAIS,ARGENTINA,20
70,San Juan,M,85 a 89,OTRO PAIS,EXTRANJERA,56
70,San Juan,M,90 a 94,ARGENTINA,ARGENTINA,590
70,San Juan,M,90 a 94,OTRO PAIS,ARGENTINA,7
70,San Juan,M,90 a 94,OTRO PAIS,EXTRANJERA,21
70,San Juan,M,95 a 99,ARGENTINA,ARGENTINA,136
70,San Juan,M,95 a 99,OTRO PAIS,ARGENTINA,3
70,San Juan,M,95 a 99,OTRO PAIS,EXTRANJERA,8
70,San Juan,X,20 a 24,ARGENTINA,ARGENTINA,2
70,San Juan,X,25 a 29,ARGENTINA,ARGENTINA,5
70,San Juan,X,30 a 34,ARGENTINA,ARGENTINA,5
70,San Juan,X,35 a 39,ARGENTINA,ARGENTINA,4
74,San Luis,F,0 a 4,ARGENTINA,ARGENTINA,11421
74,San Luis,F,0 a 4,OTRO PAIS,ARGENTINA,10
74,San Luis,F,0 a 4,OTRO PAIS,EXTRANJERA,7
74,San Luis,F,10 a 14,ARGENTINA,ARGENTINA,20204
74,San Luis,F,10 a 14,OTRO PAIS,ARGENTINA,18
74,San Luis,F,10 a 14,OTRO PAIS,EXTRANJERA,88
74,San Luis,F,100 y +,ARGENTINA,ARGENTINA,37
74,San Luis,F,100 y +,OTRO PAIS,EXTRANJERA,1
74,San Luis,F,15 a 19,ARGENTINA,ARGENTINA,21177
74,San Luis,F,15 a 19,OTRO PAIS,ARGENTINA,30
74,San Luis,F,15 a 19,OTRO PAIS,EXTRANJERA,130
74,San Luis,F,20 a 24,ARGENTINA,ARGENTINA,21524
74,San Luis,F,20 a 24,OTRO PAIS,ARGENTINA,24
74,San Luis,F,20 a 24,OTRO PAIS,EXTRANJERA,181
74,San Luis,F,25 a 29,ARGENTINA,ARGENTINA,21695
74,San Luis,F,25 a 29,OTRO PAIS,ARGENTINA,8
74,San Luis,F,25 a 29,OTRO PAIS,EXTRANJERA,180
74,San Luis,F,30 a 34,ARGENTINA,ARGENTINA,21309
74,San Luis,F,30 a 34,OTRO PAIS,ARGENTINA,17
74,San Luis,F,30 a 34,OTRO PAIS,EXTRANJERA,214
74,San Luis,F,35 a 39,ARGENTINA,ARGENTINA,19905
74,San Luis,F,35 a 39,OTRO PAIS,ARGENTINA,39
74,San Luis,F,35 a 39,OTRO PAIS,EXTRANJERA,315
74,San Luis,F,40 a 44,ARGENTINA,ARGENTINA,18818
74,San Luis,F,40 a 44,OTRO PAIS,ARGENTINA,27
74,San Luis,F,40 a 44,OTRO PAIS,EXTRANJERA,382
74,San Luis,F,45 a 49,ARGENTINA,ARGENTINA,19258
74,San Luis,F,45 a 49,OTRO PAIS,ARGENTINA,50
74,San Luis,F,45 a 49,OTRO PAIS,EXTRANJERA,333
74,San Luis,F,5 a 9,ARGENTINA,ARGENTINA,16942
74,San Luis,F,5 a 9,OTRO PAIS,ARGENTINA,7
74,San Luis,F,5 a 9,OTRO PAIS,EXTRANJERA,31
74,San Luis,F,50 a 54,ARGENTINA,ARGENTINA,15578
74,San Luis,F,50 a 54,OTRO PAIS,ARGENTINA,35
74,San Luis,F,50 a 54,OTRO PAIS,EXTRANJERA,327
74,San Luis,F,55 a 59,ARGENTINA,ARGENTINA,13147
74,San Luis,F,55 a 59,OTRO PAIS,ARGENTINA,37
74,San Luis,F,55 a 59,OTRO PAIS,EXTRANJERA,339
74,San Luis,F,60 a 64,ARGENTINA,ARGENTINA,12019
74,San Luis,F,60 a 64,OTRO PAIS,ARGENTINA,45
74,San Luis,F,60 a 64,OTRO PAIS,EXTRANJERA,299
74,San Luis,F,65 a 69,ARGENTINA,ARGENTINA,10326
74,San Luis,F,65 a 69,OTRO PAIS,ARGENTINA,38
74,San Luis,F,65 a 69,OTRO PAIS,EXTRANJERA,231
74,San Luis,F,70 a 74,ARGENTINA,ARGENTINA,8627
74,San Luis,F,70 a 74,OTRO PAIS,ARGENTINA,30
74,San Luis,F,70 a 74,OTRO PAIS,EXTRANJERA,163
74,San Luis,F,75 a 79,ARGENTINA,ARGENTINA,6650
74,San Luis,F,75 a 79,OTRO PAIS,ARGENTINA,35
74,San Luis,F,75 a 79,OTRO PAIS,EXTRANJERA,156
74,San Luis,F,80 a 84,ARGENTINA,ARGENTINA,4428
74,San Luis,F,80 a 84,OTRO PAIS,ARGENTINA,29
74,San Luis,F,80 a 84,OTRO PAIS,EXTRANJERA,109
74,San Luis,F,85 a 89,ARGENTINA,ARGENTINA,2268
74,San Luis,F,85 a 89,OTRO PAIS,ARGENTINA,8
74,San Luis,F,85 a 89,OTRO PAIS,EXTRANJERA,57
74,San Luis,F,90 a 94,ARGENTINA,ARGENTINA,922
74,San Luis,F,90 a 94,OTRO PAIS,ARGENTINA,3
74,San Luis,F,90 a 94,OTRO PAIS,EXTRANJERA,26
74,San Luis,F,95 a 99,ARGENTINA,ARGENTINA,240
74,San Luis,F,95 a 99,OTRO PAIS,ARGENTINA,2
74,San Luis,F,95 a 99,OTRO PAIS,EXTRANJERA,3
74,San Luis,M,0 a 4,ARGENTINA,ARGENTINA,12008
74,San Luis,M,0 a 4,OTRO PAIS,ARGENTINA,6
74,San Luis,M,0 a 4,OTRO PAIS,EXTRANJERA,9
74,San Luis,M,10 a 14,ARGENTINA,ARGENTINA,21311
74,San Luis,M,10 a 14,OTRO PAIS,ARGENTINA,19
74,San Luis,M,10 a 14,OTRO PAIS,EXTRANJERA,85
74,San Luis,M,100 y +,ARGENTINA,ARGENTINA,9
74,San Luis,M,15 a 19,ARGENTINA,ARGENTINA,22129
74,San Luis,M,15 a 19,OTRO PAIS,ARGENTINA,39
74,San Luis,M,15 a 19,OTRO PAIS,EXTRANJERA,155
74,San Luis,M,20 a 24,ARGENTINA,ARGENTINA,21945
74,San Luis,M,20 a 24,OTRO PAIS,ARGENTINA,26
74,San Luis,M,20 a 24,OTRO PAIS,EXTRANJERA,165
74,San Luis,M,25 a 29,ARGENTINA,ARGENTINA,22452
74,San Luis,M,25 a 29,OTRO PAIS,ARGENTINA,11
74,San Luis,M,25 a 29,OTRO PAIS,EXTRANJERA,201
74,San Luis,M,30 a 34,ARGENTINA,ARGENTINA,21996
74,San Luis,M,30 a 34,OTRO PAIS,ARGENTINA,19
74,San Luis,M,30 a 34,OTRO PAIS,EXTRANJERA,243
74,San Luis,M,35 a 39,ARGENTINA,ARGENTINA,20115
74,San Luis,M,35 a 39,OTRO PAIS,ARGENTINA,20
74,San Luis,M,35 a 39,OTRO PAIS,EXTRANJERA,304
74,San Luis,M,40 a 44,ARGENTINA,ARGENTINA,19143
74,San Luis,M,40 a 44,OTRO PAIS,ARGENTINA,36
74,San Luis,M,40 a 44,OTRO PAIS,EXTRANJERA,299
74,San Luis,M,45 a 49,ARGENTINA,ARGENTINA,19706
74,San Luis,M,45 a 49,OTRO PAIS,ARGENTINA,37
74,San Luis,M,45 a 49,OTRO PAIS,EXTRANJERA,293
74,San Luis,M,5 a 9,ARGENTINA,ARGENTINA,17558
74,San Luis,M,5 a 9,OTRO PAIS,ARGENTINA,13
74,San Luis,M,5 a 9,OTRO PAIS,EXTRANJERA,54
74,San Luis,M,50 a 54,ARGENTINA,ARGENTINA,16071
74,San Luis,M,50 a 54,OTRO PAIS,ARGENTINA,41
74,San Luis,M,50 a 54,OTRO PAIS,EXTRANJERA,311
74,San Luis,M,55 a 59,ARGENTINA,ARGENTINA,13708
74,San Luis,M,55 a 59,OTRO PAIS,ARGENTINA,33
74,San Luis,M,55 a 59,OTRO PAIS,EXTRANJERA,264
74,San Luis,M,60 a 64,ARGENTINA,ARGENTINA,11872
74,San Luis,M,60 a 64,OTRO PAIS,ARGENTINA,45
74,San Luis,M,60 a 64,OTRO PAIS,EXTRANJERA,284
74,San Luis,M,65 a 69,ARGENTINA,ARGENTINA,9808
74,San Luis,M,65 a 69,OTRO PAIS,ARGENTINA,23
74,San Luis,M,65 a 69,OTRO PAIS,EXTRANJERA,219
74,San Luis,M,70 a 74,ARGENTINA,ARGENTINA,7816
74,San Luis,M,70 a 74,OTRO PAIS,ARGENTINA,35
74,San Luis,M,70 a 74,OTRO PAIS,EXTRANJERA,206
74,San Luis,M,75 a 79,ARGENTINA,ARGENTINA,5376
74,San Luis,M,75 a 79,OTRO PAIS,ARGENTINA,37
74,San Luis,M,75 a 79,OTRO PAIS,EXTRANJERA,156
74,San Luis,M,80 a 84,ARGENTINA,ARGENTINA,3101
74,San Luis,M,80 a 84,OTRO PAIS,ARGENTINA,29
74,San Luis,M,80 a 84,OTRO PAIS,EXTRANJERA,86
74,San Luis,M,85 a 89,ARGENTINA,ARGENTINA,1249
74,San Luis,M,85 a 89,OTRO PAIS,ARGENTINA,7
74,San Luis,M,85 a 89,OTRO PAIS,EXTRANJERA,30
74,San Luis,M,90 a 94,ARGENTINA,ARGENTINA,381
74,San Luis,M,90 a 94,OTRO PAIS,ARGENTINA,9
74,San Luis,M,90 a 94,OTRO PAIS,EXTRANJERA,10
74,San Luis,M,95 a 99,ARGENTINA,ARGENTINA,92
74,San Luis,M,95 a 99,OTRO PAIS,ARGENTINA,1
74,San Luis,M,95 a 99,OTRO PAIS,EXTRANJERA,2
74,San Luis,X,10 a 14,ARGENTINA,ARGENTINA,1
74,San Luis,X,15 a 19,ARGENTINA,ARGENTINA,4
74,San Luis,X,20 a 24,ARGENTINA,ARGENTINA,10
74,San Luis,X,25 a 29,ARGENTINA,ARGENTINA,3
74,San Luis,X,30 a 34,ARGENTINA,ARGENTINA,3
74,San Luis,X,35 a 39,ARGENTINA,ARGENTINA,2
74,San Luis,X,40 a 44,ARGENTINA,ARGENTINA,1
74,San Luis,X,45 a 49,ARGENTINA,ARGENTINA,1
78,Santa Cruz,F,0 a 4,ARGENTINA,ARGENTINA,7324
78,Santa Cruz,F,0 a 4,OTRO PAIS,ARGENTINA,11
78,Santa Cruz,F,0 a 4,OTRO PAIS,EXTRANJERA,35
78,Santa Cruz,F,10 a 14,ARGENTINA,ARGENTINA,14743
78,Santa Cruz,F,10 a 14,OTRO PAIS,ARGENTINA,16
78,Santa Cruz,F,10 a 14,OTRO PAIS,EXTRANJERA,154
78,Santa Cruz,F,100 y +,ARGENTINA,ARGENTINA,9
78,Santa Cruz,F,100 y +,OTRO PAIS,ARGENTINA,4
78,Santa Cruz,F,100 y +,OTRO PAIS,EXTRANJERA,2
78,Santa Cruz,F,15 a 19,ARGENTINA,ARGENTINA,14111
78,Santa Cruz,F,15 a 19,OTRO PAIS,ARGENTINA,21
78,Santa Cruz,F,15 a 19,OTRO PAIS,EXTRANJERA,280
78,Santa Cruz,F,20 a 24,ARGENTINA,ARGENTINA,13402
78,Santa Cruz,F,20 a 24,OTRO PAIS,ARGENTINA,60
78,Santa Cruz,F,20 a 24,OTRO PAIS,EXTRANJERA,394
78,Santa Cruz,F,25 a 29,ARGENTINA,ARGENTINA,13620
78,Santa Cruz,F,25 a 29,OTRO PAIS,ARGENTINA,71
78,Santa Cruz,F,25 a 29,OTRO PAIS,EXTRANJERA,483
78,Santa Cruz,F,30 a 34,ARGENTINA,ARGENTINA,14340
78,Santa Cruz,F,30 a 34,OTRO PAIS,ARGENTINA,156
78,Santa Cruz,F,30 a 34,OTRO PAIS,EXTRANJERA,629
78,Santa Cruz,F,35 a 39,ARGENTINA,ARGENTINA,14045
78,Santa Cruz,F,35 a 39,OTRO PAIS,ARGENTINA,232
78,Santa Cruz,F,35 a 39,OTRO PAIS,EXTRANJERA,797
78,Santa Cruz,F,40 a 44,ARGENTINA,ARGENTINA,12723
78,Santa Cruz,F,40 a 44,OTRO PAIS,ARGENTINA,379
78,Santa Cruz,F,40 a 44,OTRO PAIS,EXTRANJERA,766
78,Santa Cruz,F,45 a 49,ARGENTINA,ARGENTINA,11809
78,Santa Cruz,F,45 a 49,OTRO PAIS,ARGENTINA,422
78,Santa Cruz,F,45 a 49,OTRO PAIS,EXTRANJERA,633
78,Santa Cruz,F,5 a 9,ARGENTINA,ARGENTINA,11845
78,Santa Cruz,F,5 a 9,OTRO PAIS,ARGENTINA,9
78,Santa Cruz,F,5 a 9,OTRO PAIS,EXTRANJERA,58
78,Santa Cruz,F,50 a 54,ARGENTINA,ARGENTINA,9175
78,Santa Cruz,F,50 a 54,OTRO PAIS,ARGENTINA,555
78,Santa Cruz,F,50 a 54,OTRO PAIS,EXTRANJERA,565
78,Santa Cruz,F,55 a 59,ARGENTINA,ARGENTINA,7050
78,Santa Cruz,F,55 a 59,OTRO PAIS,ARGENTINA,681
78,Santa Cruz,F,55 a 59,OTRO PAIS,EXTRANJERA,546
78,Santa Cruz,F,60 a 64,ARGENTINA,ARGENTINA,5836
78,Santa Cruz,F,60 a 64,OTRO PAIS,ARGENTINA,761
78,Santa Cruz,F,60 a 64,OTRO PAIS,EXTRANJERA,570
78,Santa Cruz,F,65 a 69,ARGENTINA,ARGENTINA,4458
78,Santa Cruz,F,65 a 69,OTRO PAIS,ARGENTINA,813
78,Santa Cruz,F,65 a 69,OTRO PAIS,EXTRANJERA,501
78,Santa Cruz,F,70 a 74,ARGENTINA,ARGENTINA,3248
78,Santa Cruz,F,70 a 74,OTRO PAIS,ARGENTINA,774
78,Santa Cruz,F,70 a 74,OTRO PAIS,EXTRANJERA,477
78,Santa Cruz,F,75 a 79,ARGENTINA,ARGENTINA,1798
78,Santa Cruz,F,75 a 79,OTRO PAIS,ARGENTINA,659
78,Santa Cruz,F,75 a 79,OTRO PAIS,EXTRANJERA,379
78,Santa Cruz,F,80 a 84,ARGENTINA,ARGENTINA,1078
78,Santa Cruz,F,80 a 84,OTRO PAIS,ARGENTINA,462
78,Santa Cruz,F,80 a 84,OTRO PAIS,EXTRANJERA,296
78,Santa Cruz,F,85 a 89,ARGENTINA,ARGENTINA,563
78,Santa Cruz,F,85 a 89,OTRO PAIS,ARGENTINA,258
78,Santa Cruz,F,85 a 89,OTRO PAIS,EXTRANJERA,199
78,Santa Cruz,F,90 a 94,ARGENTINA,ARGENTINA,236
78,Santa Cruz,F,90 a 94,OTRO PAIS,ARGENTINA,87
78,Santa Cruz,F,90 a 94,OTRO PAIS,EXTRANJERA,78
78,Santa Cruz,F,95 a 99,ARGENTINA,ARGENTINA,67
78,Santa Cruz,F,95 a 99,OTRO PAIS,ARGENTINA,18
78,Santa Cruz,F,95 a 99,OTRO PAIS,EXTRANJERA,18
78,Santa Cruz,M,0 a 4,ARGENTINA,ARGENTINA,7579
78,Santa Cruz,M,0 a 4,OTRO PAIS,ARGENTINA,5
78,Santa Cruz,M,0 a 4,OTRO PAIS,EXTRANJERA,16
78,Santa Cruz,M,10 a 14,ARGENTINA,ARGENTINA,14909
78,Santa Cruz,M,10 a 14,OTRO PAIS,ARGENTINA,17
78,Santa Cruz,M,10 a 14,OTRO PAIS,EXTRANJERA,170
78,Santa Cruz,M,100 y +,ARGENTINA,ARGENTINA,5
78,Santa Cruz,M,100 y +,OTRO PAIS,ARGENTINA,1
78,Santa Cruz,M,100 y +,OTRO PAIS,EXTRANJERA,4
78,Santa Cruz,M,15 a 19,ARGENTINA,ARGENTINA,14745
78,Santa Cruz,M,15 a 19,OTRO PAIS,ARGENTINA,21
78,Santa Cruz,M,15 a 19,OTRO PAIS,EXTRANJERA,269
78,Santa Cruz,M,20 a 24,ARGENTINA,ARGENTINA,14088
78,Santa Cruz,M,20 a 24,OTRO PAIS,ARGENTINA,46
78,Santa Cruz,M,20 a 24,OTRO PAIS,EXTRANJERA,467
78,Santa Cruz,M,25 a 29,ARGENTINA,ARGENTINA,14682
78,Santa Cruz,M,25 a 29,OTRO PAIS,ARGENTINA,55
78,Santa Cruz,M,25 a 29,OTRO PAIS,EXTRANJERA,430
78,Santa Cruz,M,30 a 34,ARGENTINA,ARGENTINA,15235
78,Santa Cruz,M,30 a 34,OTRO PAIS,ARGENTINA,112
78,Santa Cruz,M,30 a 34,OTRO PAIS,EXTRANJERA,654
78,Santa Cruz,M,35 a 39,ARGENTINA,ARGENTINA,14827
78,Santa Cruz,M,35 a 39,OTRO PAIS,ARGENTINA,170
78,Santa Cruz,M,35 a 39,OTRO PAIS,EXTRANJERA,776
78,Santa Cruz,M,40 a 44,ARGENTINA,ARGENTINA,13764
78,Santa Cruz,M,40 a 44,OTRO PAIS,ARGENTINA,278
78,Santa Cruz,M,40 a 44,OTRO PAIS,EXTRANJERA,839
78,Santa Cruz,M,45 a 49,ARGENTINA,ARGENTINA,12799
78,Santa Cruz,M,45 a 49,OTRO PAIS,ARGENTINA,290
78,Santa Cruz,M,45 a 49,OTRO PAIS,EXTRANJERA,656
78,Santa Cruz,M,5 a 9,ARGENTINA,ARGENTINA,12376
78,Santa Cruz,M,5 a 9,OTRO PAIS,ARGENTINA,14
78,Santa Cruz,M,5 a 9,OTRO PAIS,EXTRANJERA,72
78,Santa Cruz,M,50 a 54,ARGENTINA,ARGENTINA,9659
78,Santa Cruz,M,50 a 54,OTRO PAIS,ARGENTINA,394
78,Santa Cruz,M,50 a 54,OTRO PAIS,EXTRANJERA,595
78,Santa Cruz,M,55 a 59,ARGENTINA,ARGENTINA,7303
78,Santa Cruz,M,55 a 59,OTRO PAIS,ARGENTINA,415
78,Santa Cruz,M,55 a 59,OTRO PAIS,EXTRANJERA,557
78,Santa Cruz,M,60 a 64,ARGENTINA,ARGENTINA,6035
78,Santa Cruz,M,60 a 64,OTRO PAIS,ARGENTINA,529
78,Santa Cruz,M,60 a 64,OTRO PAIS,EXTRANJERA,505
78,Santa Cruz,M,65 a 69,ARGENTINA,ARGENTINA,4640
78,Santa Cruz,M,65 a 69,OTRO PAIS,ARGENTINA,530
78,Santa Cruz,M,65 a 69,OTRO PAIS,EXTRANJERA,497
78,Santa Cruz,M,70 a 74,ARGENTINA,ARGENTINA,3219
78,Santa Cruz,M,70 a 74,OTRO PAIS,ARGENTINA,509
78,Santa Cruz,M,70 a 74,OTRO PAIS,EXTRANJERA,474
78,Santa Cruz,M,75 a 79,ARGENTINA,ARGENTINA,1571
78,Santa Cruz,M,75 a 79,OTRO PAIS,ARGENTINA,416
78,Santa Cruz,M,75 a 79,OTRO PAIS,EXTRANJERA,380
78,Santa Cruz,M,80 a 84,ARGENTINA,ARGENTINA,743
78,Santa Cruz,M,80 a 84,OTRO PAIS,ARGENTINA,269
78,Santa Cruz,M,80 a 84,OTRO PAIS,EXTRANJERA,267
78,Santa Cruz,M,85 a 89,ARGENTINA,ARGENTINA,350
78,Santa Cruz,M,85 a 89,OTRO PAIS,ARGENTINA,146
78,Santa Cruz,M,85 a 89,OTRO PAIS,EXTRANJERA,155
78,Santa Cruz,M,90 a 94,ARGENTINA,ARGENTINA,121
78,Santa Cruz,M,90 a 94,OTRO PAIS,ARGENTINA,58
78,Santa Cruz,M,90 a 94,OTRO PAIS,EXTRANJERA,56
78,Santa Cruz,M,95 a 99,ARGENTINA,ARGENTINA,29
78,Santa Cruz,M,95 a 99,OTRO PAIS,ARGENTINA,9
78,Santa Cruz,M,95 a 99,OTRO PAIS,EXTRANJERA,12
78,Santa Cruz,X,15 a 19,ARGENTINA,ARGENTINA,2
78,Santa Cruz,X,20 a 24,ARGENTINA,ARGENTINA,3
78,Santa Cruz,X,25 a 29,ARGENTINA,ARGENTINA,4
78,Santa Cruz,X,30 a 34,ARGENTINA,ARGENTINA,1
78,Santa Cruz,X,35 a 39,ARGENTINA,ARGENTINA,1
78,Santa Cruz,X,40 a 44,ARGENTINA,ARGENTINA,4
82,Santa Fe,F,0 a 4,ARGENTINA,ARGENTINA,83686
82,Santa Fe,F,0 a 4,OTRO PAIS,ARGENTINA,134
82,Santa Fe,F,0 a 4,OTRO PAIS,EXTRANJERA,55
82,Santa Fe,F,10 a 14,ARGENTINA,ARGENTINA,134503
82,Santa Fe,F,10 a 14,OTRO PAIS,ARGENTINA,191
82,Santa Fe,F,10 a 14,OTRO PAIS,EXTRANJERA,440
82,Santa Fe,F,100 y +,ARGENTINA,ARGENTINA,353
82,Santa Fe,F,100 y +,OTRO PAIS,ARGENTINA,3
82,Santa Fe,F,100 y +,OTRO PAIS,EXTRANJERA,19
82,Santa Fe,F,15 a 19,ARGENTINA,ARGENTINA,127431
82,Santa Fe,F,15 a 19,OTRO PAIS,ARGENTINA,329
82,Santa Fe,F,15 a 19,OTRO PAIS,EXTRANJERA,707
82,Santa Fe,F,20 a 24,ARGENTINA,ARGENTINA,127185
82,Santa Fe,F,20 a 24,OTRO PAIS,ARGENTINA,302
82,Santa Fe,F,20 a 24,OTRO PAIS,EXTRANJERA,2050
82,Santa Fe,F,25 a 29,ARGENTINA,ARGENTINA,128926
82,Santa Fe,F,25 a 29,OTRO PAIS,ARGENTINA,162
82,Santa Fe,F,25 a 29,OTRO PAIS,EXTRANJERA,2299
82,Santa Fe,F,30 a 34,ARGENTINA,ARGENTINA,135234
82,Santa Fe,F,30 a 34,OTRO PAIS,ARGENTINA,221
82,Santa Fe,F,30 a 34,OTRO PAIS,EXTRANJERA,2319
82,Santa Fe,F,35 a 39,ARGENTINA,ARGENTINA,134361
82,Santa Fe,F,35 a 39,OTRO PAIS,ARGENTINA,180
82,Santa Fe,F,35 a 39,OTRO PAIS,EXTRANJERA,2358
82,Santa Fe,F,40 a 44,ARGENTINA,ARGENTINA,130103
82,Santa Fe,F,40 a 44,OTRO PAIS,ARGENTINA,166
82,Santa Fe,F,40 a 44,OTRO PAIS,EXTRANJERA,1989
82,Santa Fe,F,45 a 49,ARGENTINA,ARGENTINA,129336
82,Santa Fe,F,45 a 49,OTRO PAIS,ARGENTINA,201
82,Santa Fe,F,45 a 49,OTRO PAIS,EXTRANJERA,1624
82,Santa Fe,F,5 a 9,ARGENTINA,ARGENTINA,115826
82,Santa Fe,F,5 a 9,OTRO PAIS,ARGENTINA,159
82,Santa Fe,F,5 a 9,OTRO PAIS,EXTRANJERA,192
82,Santa Fe,F,50 a 54,ARGENTINA,ARGENTINA,104071
82,Santa Fe,F,50 a 54,OTRO PAIS,ARGENTINA,168
82,Santa Fe,F,50 a 54,OTRO PAIS,EXTRANJERA,1411
82,Santa Fe,F,55 a 59,ARGENTINA,ARGENTINA,90021
82,Santa Fe,F,55 a 59,OTRO PAIS,ARGENTINA,198
82,Santa Fe,F,55 a 59,OTRO PAIS,EXTRANJERA,1255
82,Santa Fe,F,60 a 64,ARGENTINA,ARGENTINA,86429
82,Santa Fe,F,60 a 64,OTRO PAIS,ARGENTINA,157
82,Santa Fe,F,60 a 64,OTRO PAIS,EXTRANJERA,1101
82,Santa Fe,F,65 a 69,ARGENTINA,ARGENTINA,78077
82,Santa Fe,F,65 a 69,OTRO PAIS,ARGENTINA,128
82,Santa Fe,F,65 a 69,OTRO PAIS,EXTRANJERA,902
82,Santa Fe,F,70 a 74,ARGENTINA,ARGENTINA,68116
82,Santa Fe,F,70 a 74,OTRO PAIS,ARGENTINA,145
82,Santa Fe,F,70 a 74,OTRO PAIS,EXTRANJERA,780
82,Santa Fe,F,75 a 79,ARGENTINA,ARGENTINA,54195
82,Santa Fe,F,75 a 79,OTRO PAIS,ARGENTINA,203
82,Santa Fe,F,75 a 79,OTRO PAIS,EXTRANJERA,1047
82,Santa Fe,F,80 a 84,ARGENTINA,ARGENTINA,37605
82,Santa Fe,F,80 a 84,OTRO PAIS,ARGENTINA,166
82,Santa Fe,F,80 a 84,OTRO PAIS,EXTRANJERA,752
82,Santa Fe,F,85 a 89,ARGENTINA,ARGENTINA,22745
82,Santa Fe,F,85 a 89,OTRO PAIS,ARGENTINA,63
82,Santa Fe,F,85 a 89,OTRO PAIS,EXTRANJERA,511
82,Santa Fe,F,90 a 94,ARGENTINA,ARGENTINA,9553
82,Santa Fe,F,90 a 94,OTRO PAIS,ARGENTINA,32
82,Santa Fe,F,90 a 94,OTRO PAIS,EXTRANJERA,229
82,Santa Fe,F,95 a 99,ARGENTINA,ARGENTINA,2673
82,Santa Fe,F,95 a 99,OTRO PAIS,ARGENTINA,15
82,Santa Fe,F,95 a 99,OTRO PAIS,EXTRANJERA,72
82,Santa Fe,M,0 a 4,ARGENTINA,ARGENTINA,86758
82,Santa Fe,M,0 a 4,OTRO PAIS,ARGENTINA,158
82,Santa Fe,M,0 a 4,OTRO PAIS,EXTRANJERA,63
82,Santa Fe,M,10 a 14,ARGENTINA,ARGENTINA,139918
82,Santa Fe,M,10 a 14,OTRO PAIS,ARGENTINA,218
82,Santa Fe,M,10 a 14,OTRO PAIS,EXTRANJERA,430
82,Santa Fe,M,100 y +,ARGENTINA,ARGENTINA,67
82,Santa Fe,M,100 y +,OTRO PAIS,ARGENTINA,4
82,Santa Fe,M,100 y +,OTRO PAIS,EXTRANJERA,2
82,Santa Fe,M,15 a 19,ARGENTINA,ARGENTINA,133529
82,Santa Fe,M,15 a 19,OTRO PAIS,ARGENTINA,378
82,Santa Fe,M,15 a 19,OTRO PAIS,EXTRANJERA,818
82,Santa Fe,M,20 a 24,ARGENTINA,ARGENTINA,130805
82,Santa Fe,M,20 a 24,OTRO PAIS,ARGENTINA,325
82,Santa Fe,M,20 a 24,OTRO PAIS,EXTRANJERA,1765
82,Santa Fe,M,25 a 29,ARGENTINA,ARGENTINA,130709
82,Santa Fe,M,25 a 29,OTRO PAIS,ARGENTINA,136
82,Santa Fe,M,25 a 29,OTRO PAIS,EXTRANJERA,2087
82,Santa Fe,M,30 a 34,ARGENTINA,ARGENTINA,134431
82,Santa Fe,M,30 a 34,OTRO PAIS,ARGENTINA,229
82,Santa Fe,M,30 a 34,OTRO PAIS,EXTRANJERA,2394
82,Santa Fe,M,35 a 39,ARGENTINA,ARGENTINA,133205
82,Santa Fe,M,35 a 39,OTRO PAIS,ARGENTINA,203
82,Santa Fe,M,35 a 39,OTRO PAIS,EXTRANJERA,2471
82,Santa Fe,M,40 a 44,ARGENTINA,ARGENTINA,130166
82,Santa Fe,M,40 a 44,OTRO PAIS,ARGENTINA,192
82,Santa Fe,M,40 a 44,OTRO PAIS,EXTRANJERA,2219
82,Santa Fe,M,45 a 49,ARGENTINA,ARGENTINA,127811
82,Santa Fe,M,45 a 49,OTRO PAIS,ARGENTINA,201
82,Santa Fe,M,45 a 49,OTRO PAIS,EXTRANJERA,1601
82,Santa Fe,M,5 a 9,ARGENTINA,ARGENTINA,119843
82,Santa Fe,M,5 a 9,OTRO PAIS,ARGENTINA,159
82,Santa Fe,M,5 a 9,OTRO PAIS,EXTRANJERA,191
82,Santa Fe,M,50 a 54,ARGENTINA,ARGENTINA,101233
82,Santa Fe,M,50 a 54,OTRO PAIS,ARGENTINA,139
82,Santa Fe,M,50 a 54,OTRO PAIS,EXTRANJERA,1341
82,Santa Fe,M,55 a 59,ARGENTINA,ARGENTINA,85115
82,Santa Fe,M,55 a 59,OTRO PAIS,ARGENTINA,156
82,Santa Fe,M,55 a 59,OTRO PAIS,EXTRANJERA,1166
82,Santa Fe,M,60 a 64,ARGENTINA,ARGENTINA,79381
82,Santa Fe,M,60 a 64,OTRO PAIS,ARGENTINA,118
82,Santa Fe,M,60 a 64,OTRO PAIS,EXTRANJERA,954
82,Santa Fe,M,65 a 69,ARGENTINA,ARGENTINA,68361
82,Santa Fe,M,65 a 69,OTRO PAIS,ARGENTINA,97
82,Santa Fe,M,65 a 69,OTRO PAIS,EXTRANJERA,685
82,Santa Fe,M,70 a 74,ARGENTINA,ARGENTINA,55174
82,Santa Fe,M,70 a 74,OTRO PAIS,ARGENTINA,172
82,Santa Fe,M,70 a 74,OTRO PAIS,EXTRANJERA,744
82,Santa Fe,M,75 a 79,ARGENTINA,ARGENTINA,37920
82,Santa Fe,M,75 a 79,OTRO PAIS,ARGENTINA,154
82,Santa Fe,M,75 a 79,OTRO PAIS,EXTRANJERA,859
82,Santa Fe,M,80 a 84,ARGENTINA,ARGENTINA,22201
82,Santa Fe,M,80 a 84,OTRO PAIS,ARGENTINA,104
82,Santa Fe,M,80 a 84,OTRO PAIS,EXTRANJERA,533
82,Santa Fe,M,85 a 89,ARGENTINA,ARGENTINA,10548
82,Santa Fe,M,85 a 89,OTRO PAIS,ARGENTINA,62
82,Santa Fe,M,85 a 89,OTRO PAIS,EXTRANJERA,303
82,Santa Fe,M,90 a 94,ARGENTINA,ARGENTINA,3441
82,Santa Fe,M,90 a 94,OTRO PAIS,ARGENTINA,28
82,Santa Fe,M,90 a 94,OTRO PAIS,EXTRANJERA,109
82,Santa Fe,M,95 a 99,ARGENTINA,ARGENTINA,751
82,Santa Fe,M,95 a 99,OTRO PAIS,ARGENTINA,11
82,Santa Fe,M,95 a 99,OTRO PAIS,EXTRANJERA,29
82,Santa Fe,X,15 a 19,ARGENTINA,ARGENTINA,12
82,Santa Fe,X,20 a 24,ARGENTINA,ARGENTINA,34
82,Santa Fe,X,25 a 29,ARGENTINA,ARGENTINA,21
82,Santa Fe,X,30 a 34,ARGENTINA,ARGENTINA,24
82,Santa Fe,X,35 a 39,ARGENTINA,ARGENTINA,5
82,Santa Fe,X,40 a 44,ARGENTINA,ARGENTINA,6
82,Santa Fe,X,45 a 49,ARGENTINA,ARGENTINA,3
82,Santa Fe,X,50 a 54,ARGENTINA,ARGENTINA,9
82,Santa Fe,X,55 a 59,ARGENTINA,ARGENTINA,3
82,Santa Fe,X,60 a 64,ARGENTINA,ARGENTINA,1
86,Santiago del Estero,F,0 a 4,ARGENTINA,ARGENTINA,31730
86,Santiago del Estero,F,0 a 4,OTRO PAIS,ARGENTINA,5
86,Santiago del Estero,F,0 a 4,OTRO PAIS,EXTRANJERA,1
86,Santiago del Estero,F,10 a 14,ARGENTINA,ARGENTINA,46517
86,Santiago del Estero,F,10 a 14,OTRO PAIS,ARGENTINA,7
86,Santiago del Estero,F,10 a 14,OTRO PAIS,EXTRANJERA,23
86,Santiago del Estero,F,100 y +,ARGENTINA,ARGENTINA,160
86,Santiago del Estero,F,100 y +,OTRO PAIS,ARGENTINA,1
86,Santiago del Estero,F,100 y +,OTRO PAIS,EXTRANJERA,1
86,Santiago del Estero,F,15 a 19,ARGENTINA,ARGENTINA,46226
86,Santiago del Estero,F,15 a 19,OTRO PAIS,ARGENTINA,14
86,Santiago del Estero,F,15 a 19,OTRO PAIS,EXTRANJERA,34
86,Santiago del Estero,F,20 a 24,ARGENTINA,ARGENTINA,45181
86,Santiago del Estero,F,20 a 24,OTRO PAIS,ARGENTINA,14
86,Santiago del Estero,F,20 a 24,OTRO PAIS,EXTRANJERA,46
86,Santiago del Estero,F,25 a 29,ARGENTINA,ARGENTINA,46595
86,Santiago del Estero,F,25 a 29,OTRO PAIS,ARGENTINA,8
86,Santiago del Estero,F,25 a 29,OTRO PAIS,EXTRANJERA,63
86,Santiago del Estero,F,30 a 34,ARGENTINA,ARGENTINA,43985
86,Santiago del Estero,F,30 a 34,OTRO PAIS,ARGENTINA,7
86,Santiago del Estero,F,30 a 34,OTRO PAIS,EXTRANJERA,100
86,Santiago del Estero,F,35 a 39,ARGENTINA,ARGENTINA,38034
86,Santiago del Estero,F,35 a 39,OTRO PAIS,ARGENTINA,10
86,Santiago del Estero,F,35 a 39,OTRO PAIS,EXTRANJERA,150
86,Santiago del Estero,F,40 a 44,ARGENTINA,ARGENTINA,35673
86,Santiago del Estero,F,40 a 44,OTRO PAIS,ARGENTINA,8
86,Santiago del Estero,F,40 a 44,OTRO PAIS,EXTRANJERA,166
86,Santiago del Estero,F,45 a 49,ARGENTINA,ARGENTINA,34755
86,Santiago del Estero,F,45 a 49,OTRO PAIS,ARGENTINA,7
86,Santiago del Estero,F,45 a 49,OTRO PAIS,EXTRANJERA,125
86,Santiago del Estero,F,5 a 9,ARGENTINA,ARGENTINA,42374
86,Santiago del Estero,F,5 a 9,OTRO PAIS,ARGENTINA,8
86,Santiago del Estero,F,5 a 9,OTRO PAIS,EXTRANJERA,12
86,Santiago del Estero,F,50 a 54,ARGENTINA,ARGENTINA,27773
86,Santiago del Estero,F,50 a 54,OTRO PAIS,ARGENTINA,9
86,Santiago del Estero,F,50 a 54,OTRO PAIS,EXTRANJERA,117
86,Santiago del Estero,F,55 a 59,ARGENTINA,ARGENTINA,22157
86,Santiago del Estero,F,55 a 59,OTRO PAIS,ARGENTINA,8
86,Santiago del Estero,F,55 a 59,OTRO PAIS,EXTRANJERA,98
86,Santiago del Estero,F,60 a 64,ARGENTINA,ARGENTINA,19404
86,Santiago del Estero,F,60 a 64,OTRO PAIS,ARGENTINA,11
86,Santiago del Estero,F,60 a 64,OTRO PAIS,EXTRANJERA,96
86,Santiago del Estero,F,65 a 69,ARGENTINA,ARGENTINA,17670
86,Santiago del Estero,F,65 a 69,OTRO PAIS,ARGENTINA,10
86,Santiago del Estero,F,65 a 69,OTRO PAIS,EXTRANJERA,69
86,Santiago del Estero,F,70 a 74,ARGENTINA,ARGENTINA,14755
86,Santiago del Estero,F,70 a 74,OTRO PAIS,ARGENTINA,12
86,Santiago del Estero,F,70 a 74,OTRO PAIS,EXTRANJERA,48
86,Santiago del Estero,F,75 a 79,ARGENTINA,ARGENTINA,10916
86,Santiago del Estero,F,75 a 79,OTRO PAIS,ARGENTINA,18
86,Santiago del Estero,F,75 a 79,OTRO PAIS,EXTRANJERA,63
86,Santiago del Estero,F,80 a 84,ARGENTINA,ARGENTINA,7674
86,Santiago del Estero,F,80 a 84,OTRO PAIS,ARGENTINA,15
86,Santiago del Estero,F,80 a 84,OTRO PAIS,EXTRANJERA,26
86,Santiago del Estero,F,85 a 89,ARGENTINA,ARGENTINA,4699
86,Santiago del Estero,F,85 a 89,OTRO PAIS,ARGENTINA,8
86,Santiago del Estero,F,85 a 89,OTRO PAIS,EXTRANJERA,19
86,Santiago del Estero,F,90 a 94,ARGENTINA,ARGENTINA,2291
86,Santiago del Estero,F,90 a 94,OTRO PAIS,ARGENTINA,5
86,Santiago del Estero,F,90 a 94,OTRO PAIS,EXTRANJERA,6
86,Santiago del Estero,F,95 a 99,ARGENTINA,ARGENTINA,981
86,Santiago del Estero,F,95 a 99,OTRO PAIS,ARGENTINA,1
86,Santiago del Estero,F,95 a 99,OTRO PAIS,EXTRANJERA,7
86,Santiago del Estero,M,0 a 4,ARGENTINA,ARGENTINA,32582
86,Santiago del Estero,M,0 a 4,OTRO PAIS,ARGENTINA,8
86,Santiago del Estero,M,0 a 4,OTRO PAIS,EXTRANJERA,5
86,Santiago del Estero,M,10 a 14,ARGENTINA,ARGENTINA,48157
86,Santiago del Estero,M,10 a 14,OTRO PAIS,ARGENTINA,14
86,Santiago del Estero,M,10 a 14,OTRO PAIS,EXTRANJERA,27
86,Santiago del Estero,M,100 y +,ARGENTINA,ARGENTINA,68
86,Santiago del Estero,M,15 a 19,ARGENTINA,ARGENTINA,47506
86,Santiago del Estero,M,15 a 19,OTRO PAIS,ARGENTINA,21
86,Santiago del Estero,M,15 a 19,OTRO PAIS,EXTRANJERA,37
86,Santiago del Estero,M,20 a 24,ARGENTINA,ARGENTINA,46304
86,Santiago del Estero,M,20 a 24,OTRO PAIS,ARGENTINA,18
86,Santiago del Estero,M,20 a 24,OTRO PAIS,EXTRANJERA,63
86,Santiago del Estero,M,25 a 29,ARGENTINA,ARGENTINA,46940
86,Santiago del Estero,M,25 a 29,OTRO PAIS,ARGENTINA,9
86,Santiago del Estero,M,25 a 29,OTRO PAIS,EXTRANJERA,75
86,Santiago del Estero,M,30 a 34,ARGENTINA,ARGENTINA,44238
86,Santiago del Estero,M,30 a 34,OTRO PAIS,ARGENTINA,6
86,Santiago del Estero,M,30 a 34,OTRO PAIS,EXTRANJERA,149
86,Santiago del Estero,M,35 a 39,ARGENTINA,ARGENTINA,37985
86,Santiago del Estero,M,35 a 39,OTRO PAIS,ARGENTINA,9
86,Santiago del Estero,M,35 a 39,OTRO PAIS,EXTRANJERA,163
86,Santiago del Estero,M,40 a 44,ARGENTINA,ARGENTINA,35919
86,Santiago del Estero,M,40 a 44,OTRO PAIS,ARGENTINA,7
86,Santiago del Estero,M,40 a 44,OTRO PAIS,EXTRANJERA,143
86,Santiago del Estero,M,45 a 49,ARGENTINA,ARGENTINA,35364
86,Santiago del Estero,M,45 a 49,OTRO PAIS,ARGENTINA,13
86,Santiago del Estero,M,45 a 49,OTRO PAIS,EXTRANJERA,152
86,Santiago del Estero,M,5 a 9,ARGENTINA,ARGENTINA,43618
86,Santiago del Estero,M,5 a 9,OTRO PAIS,ARGENTINA,8
86,Santiago del Estero,M,5 a 9,OTRO PAIS,EXTRANJERA,16
86,Santiago del Estero,M,50 a 54,ARGENTINA,ARGENTINA,28616
86,Santiago del Estero,M,50 a 54,OTRO PAIS,ARGENTINA,13
86,Santiago del Estero,M,50 a 54,OTRO PAIS,EXTRANJERA,124
86,Santiago del Estero,M,55 a 59,ARGENTINA,ARGENTINA,23071
86,Santiago del Estero,M,55 a 59,OTRO PAIS,ARGENTINA,17
86,Santiago del Estero,M,55 a 59,OTRO PAIS,EXTRANJERA,106
86,Santiago del Estero,M,60 a 64,ARGENTINA,ARGENTINA,20270
86,Santiago del Estero,M,60 a 64,OTRO PAIS,ARGENTINA,12
86,Santiago del Estero,M,60 a 64,OTRO PAIS,EXTRANJERA,91
86,Santiago del Estero,M,65 a 69,ARGENTINA,ARGENTINA,17344
86,Santiago del Estero,M,65 a 69,OTRO PAIS,ARGENTINA,17
86,Santiago del Estero,M,65 a 69,OTRO PAIS,EXTRANJERA,67
86,Santiago del Estero,M,70 a 74,ARGENTINA,ARGENTINA,14389
86,Santiago del Estero,M,70 a 74,OTRO PAIS,ARGENTINA,16
86,Santiago del Estero,M,70 a 74,OTRO PAIS,EXTRANJERA,69
86,Santiago del Estero,M,75 a 79,ARGENTINA,ARGENTINA,9744
86,Santiago del Estero,M,75 a 79,OTRO PAIS,ARGENTINA,22
86,Santiago del Estero,M,75 a 79,OTRO PAIS,EXTRANJERA,68
86,Santiago del Estero,M,80 a 84,ARGENTINA,ARGENTINA,5457
86,Santiago del Estero,M,80 a 84,OTRO PAIS,ARGENTINA,12
86,Santiago del Estero,M,80 a 84,OTRO PAIS,EXTRANJERA,30
86,Santiago del Estero,M,85 a 89,ARGENTINA,ARGENTINA,2845
86,Santiago del Estero,M,85 a 89,OTRO PAIS,ARGENTINA,5
86,Santiago del Estero,M,85 a 89,OTRO PAIS,EXTRANJERA,20
86,Santiago del Estero,M,90 a 94,ARGENTINA,ARGENTINA,1227
86,Santiago del Estero,M,90 a 94,OTRO PAIS,ARGENTINA,6
86,Santiago del Estero,M,90 a 94,OTRO PAIS,EXTRANJERA,9
86,Santiago del Estero,M,95 a 99,ARGENTINA,ARGENTINA,452
86,Santiago del Estero,M,95 a 99,OTRO PAIS,ARGENTINA,1
86,Santiago del Estero,M,95 a 99,OTRO PAIS,EXTRANJERA,3
86,Santiago del Estero,X,20 a 24,ARGENTINA,ARGENTINA,3
86,Santiago del Estero,X,25 a 29,ARGENTINA,ARGENTINA,2
86,Santiago del Estero,X,30 a 34,ARGENTINA,ARGENTINA,2
86,Santiago del Estero,X,35 a 39,ARGENTINA,ARGENTINA,1
86,Santiago del Estero,X,45 a 49,ARGENTINA,ARGENTINA,2
90,Tucumán,F,0 a 4,ARGENTINA,ARGENTINA,42270
90,Tucumán,F,0 a 4,OTRO PAIS,ARGENTINA,34
90,Tucumán,F,0 a 4,OTRO PAIS,EXTRANJERA,11
90,Tucumán,F,10 a 14,ARGENTINA,ARGENTINA,71184
90,Tucumán,F,10 a 14,OTRO PAIS,ARGENTINA,45
90,Tucumán,F,10 a 14,OTRO PAIS,EXTRANJERA,77
90,Tucumán,F,100 y +,ARGENTINA,ARGENTINA,177
90,Tucumán,F,100 y +,OTRO PAIS,ARGENTINA,2
90,Tucumán,F,100 y +,OTRO PAIS,EXTRANJERA,1
90,Tucumán,F,15 a 19,ARGENTINA,ARGENTINA,69442
90,Tucumán,F,15 a 19,OTRO PAIS,ARGENTINA,73
90,Tucumán,F,15 a 19,OTRO PAIS,EXTRANJERA,121
90,Tucumán,F,20 a 24,ARGENTINA,ARGENTINA,69980
90,Tucumán,F,20 a 24,OTRO PAIS,ARGENTINA,59
90,Tucumán,F,20 a 24,OTRO PAIS,EXTRANJERA,188
90,Tucumán,F,25 a 29,ARGENTINA,ARGENTINA,71740
90,Tucumán,F,25 a 29,OTRO PAIS,ARGENTINA,38
90,Tucumán,F,25 a 29,OTRO PAIS,EXTRANJERA,239
90,Tucumán,F,30 a 34,ARGENTINA,ARGENTINA,69546
90,Tucumán,F,30 a 34,OTRO PAIS,ARGENTINA,32
90,Tucumán,F,30 a 34,OTRO PAIS,EXTRANJERA,295
90,Tucumán,F,35 a 39,ARGENTINA,ARGENTINA,62113
90,Tucumán,F,35 a 39,OTRO PAIS,ARGENTINA,31
90,Tucumán,F,35 a 39,OTRO PAIS,EXTRANJERA,357
90,Tucumán,F,40 a 44,ARGENTINA,ARGENTINA,58167
90,Tucumán,F,40 a 44,OTRO PAIS,ARGENTINA,29
90,Tucumán,F,40 a 44,OTRO PAIS,EXTRANJERA,347
90,Tucumán,F,45 a 49,ARGENTINA,ARGENTINA,61202
90,Tucumán,F,45 a 49,OTRO PAIS,ARGENTINA,51
90,Tucumán,F,45 a 49,OTRO PAIS,EXTRANJERA,301
90,Tucumán,F,5 a 9,ARGENTINA,ARGENTINA,60371
90,Tucumán,F,5 a 9,OTRO PAIS,ARGENTINA,33
90,Tucumán,F,5 a 9,OTRO PAIS,EXTRANJERA,32
90,Tucumán,F,50 a 54,ARGENTINA,ARGENTINA,47291
90,Tucumán,F,50 a 54,OTRO PAIS,ARGENTINA,56
90,Tucumán,F,50 a 54,OTRO PAIS,EXTRANJERA,312
90,Tucumán,F,55 a 59,ARGENTINA,ARGENTINA,39193
90,Tucumán,F,55 a 59,OTRO PAIS,ARGENTINA,78
90,Tucumán,F,55 a 59,OTRO PAIS,EXTRANJERA,327
90,Tucumán,F,60 a 64,ARGENTINA,ARGENTINA,36126
90,Tucumán,F,60 a 64,OTRO PAIS,ARGENTINA,53
90,Tucumán,F,60 a 64,OTRO PAIS,EXTRANJERA,270
90,Tucumán,F,65 a 69,ARGENTINA,ARGENTINA,33903
90,Tucumán,F,65 a 69,OTRO PAIS,ARGENTINA,52
90,Tucumán,F,65 a 69,OTRO PAIS,EXTRANJERA,182
90,Tucumán,F,70 a 74,ARGENTINA,ARGENTINA,29310
90,Tucumán,F,70 a 74,OTRO PAIS,ARGENTINA,72
90,Tucumán,F,70 a 74,OTRO PAIS,EXTRANJERA,167
90,Tucumán,F,75 a 79,ARGENTINA,ARGENTINA,20956
90,Tucumán,F,75 a 79,OTRO PAIS,ARGENTINA,85
90,Tucumán,F,75 a 79,OTRO PAIS,EXTRANJERA,151
90,Tucumán,F,80 a 84,ARGENTINA,ARGENTINA,12415
90,Tucumán,F,80 a 84,OTRO PAIS,ARGENTINA,59
90,Tucumán,F,80 a 84,OTRO PAIS,EXTRANJERA,108
90,Tucumán,F,85 a 89,ARGENTINA,ARGENTINA,7051
90,Tucumán,F,85 a 89,OTRO PAIS,ARGENTINA,25
90,Tucumán,F,85 a 89,OTRO PAIS,EXTRANJERA,62
90,Tucumán,F,90 a 94,ARGENTINA,ARGENTINA,3188
90,Tucumán,F,90 a 94,OTRO PAIS,ARGENTINA,6
90,Tucumán,F,90 a 94,OTRO PAIS,EXTRANJERA,20
90,Tucumán,F,95 a 99,ARGENTINA,ARGENTINA,995
90,Tucumán,F,95 a 99,OTRO PAIS,ARGENTINA,5
90,Tucumán,F,95 a 99,OTRO PAIS,EXTRANJERA,8
90,Tucumán,M,0 a 4,ARGENTINA,ARGENTINA,43226
90,Tucumán,M,0 a 4,OTRO PAIS,ARGENTINA,40
90,Tucumán,M,0 a 4,OTRO PAIS,EXTRANJERA,7
90,Tucumán,M,10 a 14,ARGENTINA,ARGENTINA,73650
90,Tucumán,M,10 a 14,OTRO PAIS,ARGENTINA,47
90,Tucumán,M,10 a 14,OTRO PAIS,EXTRANJERA,72
90,Tucumán,M,100 y +,ARGENTINA,ARGENTINA,72
90,Tucumán,M,100 y +,OTRO PAIS,ARGENTINA,1
90,Tucumán,M,100 y +,OTRO PAIS,EXTRANJERA,2
90,Tucumán,M,15 a 19,ARGENTINA,ARGENTINA,71521
90,Tucumán,M,15 a 19,OTRO PAIS,ARGENTINA,79
90,Tucumán,M,15 a 19,OTRO PAIS,EXTRANJERA,149
90,Tucumán,M,20 a 24,ARGENTINA,ARGENTINA,71152
90,Tucumán,M,20 a 24,OTRO PAIS,ARGENTINA,81
90,Tucumán,M,20 a 24,OTRO PAIS,EXTRANJERA,257
90,Tucumán,M,25 a 29,ARGENTINA,ARGENTINA,71566
90,Tucumán,M,25 a 29,OTRO PAIS,ARGENTINA,33
90,Tucumán,M,25 a 29,OTRO PAIS,EXTRANJERA,252
90,Tucumán,M,30 a 34,ARGENTINA,ARGENTINA,68605
90,Tucumán,M,30 a 34,OTRO PAIS,ARGENTINA,36
90,Tucumán,M,30 a 34,OTRO PAIS,EXTRANJERA,338
90,Tucumán,M,35 a 39,ARGENTINA,ARGENTINA,61119
90,Tucumán,M,35 a 39,OTRO PAIS,ARGENTINA,48
90,Tucumán,M,35 a 39,OTRO PAIS,EXTRANJERA,425
90,Tucumán,M,40 a 44,ARGENTINA,ARGENTINA,57049
90,Tucumán,M,40 a 44,OTRO PAIS,ARGENTINA,57
90,Tucumán,M,40 a 44,OTRO PAIS,EXTRANJERA,398
90,Tucumán,M,45 a 49,ARGENTINA,ARGENTINA,60141
90,Tucumán,M,45 a 49,OTRO PAIS,ARGENTINA,50
90,Tucumán,M,45 a 49,OTRO PAIS,EXTRANJERA,285
90,Tucumán,M,5 a 9,ARGENTINA,ARGENTINA,62850
90,Tucumán,M,5 a 9,OTRO PAIS,ARGENTINA,32
90,Tucumán,M,5 a 9,OTRO PAIS,EXTRANJERA,42
90,Tucumán,M,50 a 54,ARGENTINA,ARGENTINA,45789
90,Tucumán,M,50 a 54,OTRO PAIS,ARGENTINA,65
90,Tucumán,M,50 a 54,OTRO PAIS,EXTRANJERA,292
90,Tucumán,M,55 a 59,ARGENTINA,ARGENTINA,37206
90,Tucumán,M,55 a 59,OTRO PAIS,ARGENTINA,93
90,Tucumán,M,55 a 59,OTRO PAIS,EXTRANJERA,312
90,Tucumán,M,60 a 64,ARGENTINA,ARGENTINA,33225
90,Tucumán,M,60 a 64,OTRO PAIS,ARGENTINA,61
90,Tucumán,M,60 a 64,OTRO PAIS,EXTRANJERA,234
90,Tucumán,M,65 a 69,ARGENTINA,ARGENTINA,29724
90,Tucumán,M,65 a 69,OTRO PAIS,ARGENTINA,46
90,Tucumán,M,65 a 69,OTRO PAIS,EXTRANJERA,186
90,Tucumán,M,70 a 74,ARGENTINA,ARGENTINA,25052
90,Tucumán,M,70 a 74,OTRO PAIS,ARGENTINA,71
90,Tucumán,M,70 a 74,OTRO PAIS,EXTRANJERA,193
90,Tucumán,M,75 a 79,ARGENTINA,ARGENTINA,16274
90,Tucumán,M,75 a 79,OTRO PAIS,ARGENTINA,91
90,Tucumán,M,75 a 79,OTRO PAIS,EXTRANJERA,155
90,Tucumán,M,80 a 84,ARGENTINA,ARGENTINA,7906
90,Tucumán,M,80 a 84,OTRO PAIS,ARGENTINA,73
90,Tucumán,M,80 a 84,OTRO PAIS,EXTRANJERA,94
90,Tucumán,M,85 a 89,ARGENTINA,ARGENTINA,3682
90,Tucumán,M,85 a 89,OTRO PAIS,ARGENTINA,40
90,Tucumán,M,85 a 89,OTRO PAIS,EXTRANJERA,46
90,Tucumán,M,90 a 94,ARGENTINA,ARGENTINA,1363
90,Tucumán,M,90 a 94,OTRO PAIS,ARGENTINA,8
90,Tucumán,M,90 a 94,OTRO PAIS,EXTRANJERA,20
90,Tucumán,M,95 a 99,ARGENTINA,ARGENTINA,463
90,Tucumán,M,95 a 99,OTRO PAIS,ARGENTINA,4
90,Tucumán,M,95 a 99,OTRO PAIS,EXTRANJERA,9
90,Tucumán,X,15 a 19,ARGENTINA,ARGENTINA,2
90,Tucumán,X,20 a 24,ARGENTINA,ARGENTINA,8
90,Tucumán,X,25 a 29,ARGENTINA,ARGENTINA,5
90,Tucumán,X,30 a 34,ARGENTINA,ARGENTINA,7
90,Tucumán,X,35 a 39,ARGENTINA,ARGENTINA,7
90,Tucumán,X,40 a 44,ARGENTINA,ARGENTINA,3
90,Tucumán,X,50 a 54,ARGENTINA,ARGENTINA,3
90,Tucumán,X,60 a 64,ARGENTINA,ARGENTINA,1
94,Tierra del Fuego,F,0 a 4,ARGENTINA,ARGENTINA,3492
94,Tierra del Fuego,F,0 a 4,OTRO PAIS,ARGENTINA,5
94,Tierra del Fuego,F,0 a 4,OTRO PAIS,EXTRANJERA,17
94,Tierra del Fuego,F,10 a 14,ARGENTINA,ARGENTINA,7410
94,Tierra del Fuego,F,10 a 14,OTRO PAIS,ARGENTINA,11
94,Tierra del Fuego,F,10 a 14,OTRO PAIS,EXTRANJERA,74
94,Tierra del Fuego,F,100 y +,ARGENTINA,ARGENTINA,4
94,Tierra del Fuego,F,100 y +,OTRO PAIS,ARGENTINA,1
94,Tierra del Fuego,F,100 y +,OTRO PAIS,EXTRANJERA,2
94,Tierra del Fuego,F,15 a 19,ARGENTINA,ARGENTINA,6911
94,Tierra del Fuego,F,15 a 19,OTRO PAIS,ARGENTINA,13
94,Tierra del Fuego,F,15 a 19,OTRO PAIS,EXTRANJERA,130
94,Tierra del Fuego,F,20 a 24,ARGENTINA,ARGENTINA,6942
94,Tierra del Fuego,F,20 a 24,OTRO PAIS,ARGENTINA,32
94,Tierra del Fuego,F,20 a 24,OTRO PAIS,EXTRANJERA,203
94,Tierra del Fuego,F,25 a 29,ARGENTINA,ARGENTINA,7627
94,Tierra del Fuego,F,25 a 29,OTRO PAIS,ARGENTINA,59
94,Tierra del Fuego,F,25 a 29,OTRO PAIS,EXTRANJERA,234
94,Tierra del Fuego,F,30 a 34,ARGENTINA,ARGENTINA,8635
94,Tierra del Fuego,F,30 a 34,OTRO PAIS,ARGENTINA,112
94,Tierra del Fuego,F,30 a 34,OTRO PAIS,EXTRANJERA,313
94,Tierra del Fuego,F,35 a 39,ARGENTINA,ARGENTINA,8472
94,Tierra del Fuego,F,35 a 39,OTRO PAIS,ARGENTINA,157
94,Tierra del Fuego,F,35 a 39,OTRO PAIS,EXTRANJERA,335
94,Tierra del Fuego,F,40 a 44,ARGENTINA,ARGENTINA,7251
94,Tierra del Fuego,F,40 a 44,OTRO PAIS,ARGENTINA,227
94,Tierra del Fuego,F,40 a 44,OTRO PAIS,EXTRANJERA,357
94,Tierra del Fuego,F,45 a 49,ARGENTINA,ARGENTINA,6370
94,Tierra del Fuego,F,45 a 49,OTRO PAIS,ARGENTINA,266
94,Tierra del Fuego,F,45 a 49,OTRO PAIS,EXTRANJERA,297
94,Tierra del Fuego,F,5 a 9,ARGENTINA,ARGENTINA,6008
94,Tierra del Fuego,F,5 a 9,OTRO PAIS,ARGENTINA,10
94,Tierra del Fuego,F,5 a 9,OTRO PAIS,EXTRANJERA,36
94,Tierra del Fuego,F,50 a 54,ARGENTINA,ARGENTINA,5052
94,Tierra del Fuego,F,50 a 54,OTRO PAIS,ARGENTINA,298
94,Tierra del Fuego,F,50 a 54,OTRO PAIS,EXTRANJERA,311
94,Tierra del Fuego,F,55 a 59,ARGENTINA,ARGENTINA,4026
94,Tierra del Fuego,F,55 a 59,OTRO PAIS,ARGENTINA,335
94,Tierra del Fuego,F,55 a 59,OTRO PAIS,EXTRANJERA,312
94,Tierra del Fuego,F,60 a 64,ARGENTINA,ARGENTINA,3800
94,Tierra del Fuego,F,60 a 64,OTRO PAIS,ARGENTINA,401
94,Tierra del Fuego,F,60 a 64,OTRO PAIS,EXTRANJERA,340
94,Tierra del Fuego,F,65 a 69,ARGENTINA,ARGENTINA,2809
94,Tierra del Fuego,F,65 a 69,OTRO PAIS,ARGENTINA,383
94,Tierra del Fuego,F,65 a 69,OTRO PAIS,EXTRANJERA,286
94,Tierra del Fuego,F,70 a 74,ARGENTINA,ARGENTINA,1955
94,Tierra del Fuego,F,70 a 74,OTRO PAIS,ARGENTINA,294
94,Tierra del Fuego,F,70 a 74,OTRO PAIS,EXTRANJERA,185
94,Tierra del Fuego,F,75 a 79,ARGENTINA,ARGENTINA,884
94,Tierra del Fuego,F,75 a 79,OTRO PAIS,ARGENTINA,226
94,Tierra del Fuego,F,75 a 79,OTRO PAIS,EXTRANJERA,166
94,Tierra del Fuego,F,80 a 84,ARGENTINA,ARGENTINA,459
94,Tierra del Fuego,F,80 a 84,OTRO PAIS,ARGENTINA,165
94,Tierra del Fuego,F,80 a 84,OTRO PAIS,EXTRANJERA,102
94,Tierra del Fuego,F,85 a 89,ARGENTINA,ARGENTINA,243
94,Tierra del Fuego,F,85 a 89,OTRO PAIS,ARGENTINA,81
94,Tierra del Fuego,F,85 a 89,OTRO PAIS,EXTRANJERA,69
94,Tierra del Fuego,F,90 a 94,ARGENTINA,ARGENTINA,80
94,Tierra del Fuego,F,90 a 94,OTRO PAIS,ARGENTINA,27
94,Tierra del Fuego,F,90 a 94,OTRO PAIS,EXTRANJERA,29
94,Tierra del Fuego,F,95 a 99,ARGENTINA,ARGENTINA,25
94,Tierra del Fuego,F,95 a 99,OTRO PAIS,ARGENTINA,10
94,Tierra del Fuego,F,95 a 99,OTRO PAIS,EXTRANJERA,11
94,Tierra del Fuego,M,0 a 4,ARGENTINA,ARGENTINA,3578
94,Tierra del Fuego,M,0 a 4,OTRO PAIS,ARGENTINA,3
94,Tierra del Fuego,M,0 a 4,OTRO PAIS,EXTRANJERA,15
94,Tierra del Fuego,M,10 a 14,ARGENTINA,ARGENTINA,7402
94,Tierra del Fuego,M,10 a 14,OTRO PAIS,ARGENTINA,8
94,Tierra del Fuego,M,10 a 14,OTRO PAIS,EXTRANJERA,74
94,Tierra del Fuego,M,100 y +,ARGENTINA,ARGENTINA,1
94,Tierra del Fuego,M,100 y +,OTRO PAIS,ARGENTINA,1
94,Tierra del Fuego,M,15 a 19,ARGENTINA,ARGENTINA,7414
94,Tierra del Fuego,M,15 a 19,OTRO PAIS,ARGENTINA,15
94,Tierra del Fuego,M,15 a 19,OTRO PAIS,EXTRANJERA,110
94,Tierra del Fuego,M,20 a 24,ARGENTINA,ARGENTINA,7425
94,Tierra del Fuego,M,20 a 24,OTRO PAIS,ARGENTINA,38
94,Tierra del Fuego,M,20 a 24,OTRO PAIS,EXTRANJERA,219
94,Tierra del Fuego,M,25 a 29,ARGENTINA,ARGENTINA,8023
94,Tierra del Fuego,M,25 a 29,OTRO PAIS,ARGENTINA,27
94,Tierra del Fuego,M,25 a 29,OTRO PAIS,EXTRANJERA,242
94,Tierra del Fuego,M,30 a 34,ARGENTINA,ARGENTINA,8804
94,Tierra del Fuego,M,30 a 34,OTRO PAIS,ARGENTINA,76
94,Tierra del Fuego,M,30 a 34,OTRO PAIS,EXTRANJERA,364
94,Tierra del Fuego,M,35 a 39,ARGENTINA,ARGENTINA,9018
94,Tierra del Fuego,M,35 a 39,OTRO PAIS,ARGENTINA,124
94,Tierra del Fuego,M,35 a 39,OTRO PAIS,EXTRANJERA,404
94,Tierra del Fuego,M,40 a 44,ARGENTINA,ARGENTINA,7580
94,Tierra del Fuego,M,40 a 44,OTRO PAIS,ARGENTINA,158
94,Tierra del Fuego,M,40 a 44,OTRO PAIS,EXTRANJERA,399
94,Tierra del Fuego,M,45 a 49,ARGENTINA,ARGENTINA,6790
94,Tierra del Fuego,M,45 a 49,OTRO PAIS,ARGENTINA,161
94,Tierra del Fuego,M,45 a 49,OTRO PAIS,EXTRANJERA,347
94,Tierra del Fuego,M,5 a 9,ARGENTINA,ARGENTINA,6181
94,Tierra del Fuego,M,5 a 9,OTRO PAIS,ARGENTINA,7
94,Tierra del Fuego,M,5 a 9,OTRO PAIS,EXTRANJERA,33
94,Tierra del Fuego,M,50 a 54,ARGENTINA,ARGENTINA,5021
94,Tierra del Fuego,M,50 a 54,OTRO PAIS,ARGENTINA,198
94,Tierra del Fuego,M,50 a 54,OTRO PAIS,EXTRANJERA,283
94,Tierra del Fuego,M,55 a 59,ARGENTINA,ARGENTINA,4058
94,Tierra del Fuego,M,55 a 59,OTRO PAIS,ARGENTINA,211
94,Tierra del Fuego,M,55 a 59,OTRO PAIS,EXTRANJERA,284
94,Tierra del Fuego,M,60 a 64,ARGENTINA,ARGENTINA,3884
94,Tierra del Fuego,M,60 a 64,OTRO PAIS,ARGENTINA,252
94,Tierra del Fuego,M,60 a 64,OTRO PAIS,EXTRANJERA,316
94,Tierra del Fuego,M,65 a 69,ARGENTINA,ARGENTINA,3064
94,Tierra del Fuego,M,65 a 69,OTRO PAIS,ARGENTINA,297
94,Tierra del Fuego,M,65 a 69,OTRO PAIS,EXTRANJERA,280
94,Tierra del Fuego,M,70 a 74,ARGENTINA,ARGENTINA,1707
94,Tierra del Fuego,M,70 a 74,OTRO PAIS,ARGENTINA,254
94,Tierra del Fuego,M,70 a 74,OTRO PAIS,EXTRANJERA,266
94,Tierra del Fuego,M,75 a 79,ARGENTINA,ARGENTINA,725
94,Tierra del Fuego,M,75 a 79,OTRO PAIS,ARGENTINA,198
94,Tierra del Fuego,M,75 a 79,OTRO PAIS,EXTRANJERA,178
94,Tierra del Fuego,M,80 a 84,ARGENTINA,ARGENTINA,285
94,Tierra del Fuego,M,80 a 84,OTRO PAIS,ARGENTINA,103
94,Tierra del Fuego,M,80 a 84,OTRO PAIS,EXTRANJERA,95
94,Tierra del Fuego,M,85 a 89,ARGENTINA,ARGENTINA,121
94,Tierra del Fuego,M,85 a 89,OTRO PAIS,ARGENTINA,45
94,Tierra del Fuego,M,85 a 89,OTRO PAIS,EXTRANJERA,42
94,Tierra del Fuego,M,90 a 94,ARGENTINA,ARGENTINA,33
94,Tierra del Fuego,M,90 a 94,OTRO PAIS,ARGENTINA,18
94,Tierra del Fuego,M,90 a 94,OTRO PAIS,EXTRANJERA,18
94,Tierra del Fuego,M,95 a 99,ARGENTINA,ARGENTINA,8
94,Tierra del Fuego,M,95 a 99,OTRO PAIS,ARGENTINA,5
94,Tierra del Fuego,M,95 a 99,OTRO PAIS,EXTRANJERA,1
94,Tierra del Fuego,X,15 a 19,ARGENTINA,ARGENTINA,4
94,Tierra del Fuego,X,20 a 24,ARGENTINA,ARGENTINA,4
94,Tierra del Fuego,X,25 a 29,ARGENTINA,ARGENTINA,6
94,Tierra del Fuego,X,30 a 34,ARGENTINA,ARGENTINA,3
94,Tierra del Fuego,X,35 a 39,ARGENTINA,ARGENTINA,2
94,Tierra del Fuego,X,35 a 39,OTRO PAIS,ARGENTINA,1
94,Tierra del Fuego,X,50 a 54,ARGENTINA,ARGENTINA,1
