provincia_id,provincia_nombre,sexo,edad_quinquenal,pais_nacimiento,nacionalidad,cantidad
2,Ciudad Autonoma de Buenos Aires,F,0 a 4,ARGENTINA,ARGENTINA,51109
2,Ciudad Autonoma de Buenos Aires,F,0 a 4,OTRO PAIS,ARGENTINA,356
2,Ciudad Autonoma de Buenos Aires,F,0 a 4,OTRO PAIS,EXTRANJERA,657
2,Ciudad Autonoma de Buenos Aires,F,10 a 14,ARGENTINA,ARGENTINA,86999
2,Ciudad Autonoma de Buenos Aires,F,10 a 14,OTRO PAIS,ARGENTINA,713
2,Ciudad Autonoma de Buenos Aires,F,10 a 14,OTRO PAIS,EXTRANJERA,6183
2,Ciudad Autonoma de Buenos Aires,F,100 y +,ARGENTINA,ARGENTINA,729
2,Ciudad Autonoma de Buenos Aires,F,100 y +,OTRO PAIS,ARGENTINA,42
2,Ciudad Autonoma de Buenos Aires,F,100 y +,OTRO PAIS,EXTRANJERA,146
2,Ciudad Autonoma de Buenos Aires,F,15 a 19,ARGENTINA,ARGENTINA,83255
2,Ciudad Autonoma de Buenos Aires,F,15 a 19,OTRO PAIS,ARGENTINA,928
2,Ciudad Autonoma de Buenos Aires,F,15 a 19,OTRO PAIS,EXTRANJERA,9333
2,Ciudad Autonoma de Buenos Aires,F,20 a 24,ARGENTINA,ARGENTINA,82819
2,Ciudad Autonoma de Buenos Aires,F,20 a 24,OTRO PAIS,ARGENTINA,1040
2,Ciudad Autonoma de Buenos Aires,F,20 a 24,OTRO PAIS,EXTRANJERA,21340
2,Ciudad Autonoma de Buenos Aires,F,25 a 29,ARGENTINA,ARGENTINA,84855
2,Ciudad Autonoma de Buenos Aires,F,25 a 29,OTRO PAIS,ARGENTINA,1095
2,Ciudad Autonoma de Buenos Aires,F,25 a 29,OTRO PAIS,EXTRANJERA,28423
2,Ciudad Autonoma de Buenos Aires,F,30 a 34,ARGENTINA,ARGENTINA,87684
2,Ciudad Autonoma de Buenos Aires,F,30 a 34,OTRO PAIS,ARGENTINA,2048
2,Ciudad Autonoma de Buenos Aires,F,30 a 34,OTRO PAIS,EXTRANJERA,37189
2,Ciudad Autonoma de Buenos Aires,F,35 a 39,ARGENTINA,ARGENTINA,95736
2,Ciudad Autonoma de Buenos Aires,F,35 a 39,OTRO PAIS,ARGENTINA,2399
2,Ciudad Autonoma de Buenos Aires,F,35 a 39,OTRO PAIS,EXTRANJERA,36342
2,Ciudad Autonoma de Buenos Aires,F,40 a 44,ARGENTINA,ARGENTINA,97196
2,Ciudad Autonoma de Buenos Aires,F,40 a 44,OTRO PAIS,ARGENTINA,2129
2,Ciudad Autonoma de Buenos Aires,F,40 a 44,OTRO PAIS,EXTRANJERA,29785
2,Ciudad Autonoma de Buenos Aires,F,45 a 49,ARGENTINA,ARGENTINA,104069
2,Ciudad Autonoma de Buenos Aires,F,45 a 49,OTRO PAIS,ARGENTINA,1856
2,Ciudad Autonoma de Buenos Aires,F,45 a 49,OTRO PAIS,EXTRANJERA,23617
2,Ciudad Autonoma de Buenos Aires,F,5 a 9,ARGENTINA,ARGENTINA,76295
2,Ciudad Autonoma de Buenos Aires,F,5 a 9,OTRO PAIS,ARGENTINA,508
2,Ciudad Autonoma de Buenos Aires,F,5 a 9,OTRO PAIS,EXTRANJERA,3172
2,Ciudad Autonoma de Buenos Aires,F,50 a 54,ARGENTINA,ARGENTINA,94299
2,Ciudad Autonoma de Buenos Aires,F,50 a 54,OTRO PAIS,ARGENTINA,1635
2,Ciudad Autonoma de Buenos Aires,F,50 a 54,OTRO PAIS,EXTRANJERA,21381
2,Ciudad Autonoma de Buenos Aires,F,55 a 59,ARGENTINA,ARGENTINA,81977
2,Ciudad Autonoma de Buenos Aires,F,55 a 59,OTRO PAIS,ARGENTINA,1675
2,Ciudad Autonoma de Buenos Aires,F,55 a 59,OTRO PAIS,EXTRANJERA,19614
2,Ciudad Autonoma de Buenos Aires,F,60 a 64,ARGENTINA,ARGENTINA,80558
2,Ciudad Autonoma de Buenos Aires,F,60 a 64,OTRO PAIS,ARGENTINA,1684
2,Ciudad Autonoma de Buenos Aires,F,60 a 64,OTRO PAIS,EXTRANJERA,16052
2,Ciudad Autonoma de Buenos Aires,F,65 a 69,ARGENTINA,ARGENTINA,78547
2,Ciudad Autonoma de Buenos Aires,F,65 a 69,OTRO PAIS,ARGENTINA,1521
2,Ciudad Autonoma de Buenos Aires,F,65 a 69,OTRO PAIS,EXTRANJERA,12590
2,Ciudad Autonoma de Buenos Aires,F,70 a 74,ARGENTINA,ARGENTINA,73301
2,Ciudad Autonoma de Buenos Aires,F,70 a 74,OTRO PAIS,ARGENTINA,1472
2,Ciudad Autonoma de Buenos Aires,F,70 a 74,OTRO PAIS,EXTRANJERA,9912
2,Ciudad Autonoma de Buenos Aires,F,75 a 79,ARGENTINA,ARGENTINA,61375
2,Ciudad Autonoma de Buenos Aires,F,75 a 79,OTRO PAIS,ARGENTINA,1965
2,Ciudad Autonoma de Buenos Aires,F,75 a 79,OTRO PAIS,EXTRANJERA,9034
2,Ciudad Autonoma de Buenos Aires,F,80 a 84,ARGENTINA,ARGENTINA,47742
2,Ciudad Autonoma de Buenos Aires,F,80 a 84,OTRO PAIS,ARGENTINA,1196
2,Ciudad Autonoma de Buenos Aires,F,80 a 84,OTRO PAIS,EXTRANJERA,5953
2,Ciudad Autonoma de Buenos Aires,F,85 a 89,ARGENTINA,ARGENTINA,29504
2,Ciudad Autonoma de Buenos Aires,F,85 a 89,OTRO PAIS,ARGENTINA,723
2,Ciudad Autonoma de Buenos Aires,F,85 a 89,OTRO PAIS,EXTRANJERA,3666
2,Ciudad Autonoma de Buenos Aires,F,90 a 94,ARGENTINA,ARGENTINA,15487
2,Ciudad Autonoma de Buenos Aires,F,90 a 94,OTRO PAIS,ARGENTINA,378
2,Ciudad Autonoma de Buenos Aires,F,90 a 94,OTRO PAIS,EXTRANJERA,2103
2,Ciudad Autonoma de Buenos Aires,F,95 a 99,ARGENTINA,ARGENTINA,5068
2,Ciudad Autonoma de Buenos Aires,F,95 a 99,OTRO PAIS,ARGENTINA,182
2,Ciudad Autonoma de Buenos Aires,F,95 a 99,OTRO PAIS,EXTRANJERA,868
2,Ciudad Autonoma de Buenos Aires,M,0 a 4,ARGENTINA,ARGENTINA,53675
2,Ciudad Autonoma de Buenos Aires,M,0 a 4,OTRO PAIS,ARGENTINA,398
2,Ciudad Autonoma de Buenos Aires,M,0 a 4,OTRO PAIS,EXTRANJERA,678
2,Ciudad Autonoma de Buenos Aires,M,10 a 14,ARGENTINA,ARGENTINA,90624
2,Ciudad Autonoma de Buenos Aires,M,10 a 14,OTRO PAIS,ARGENTINA,721
2,Ciudad Autonoma de Buenos Aires,M,10 a 14,OTRO PAIS,EXTRANJERA,6269
2,Ciudad Autonoma de Buenos Aires,M,100 y +,ARGENTINA,ARGENTINA,151
2,Ciudad Autonoma de Buenos Aires,M,100 y +,OTRO PAIS,ARGENTINA,13
2,Ciudad Autonoma de Buenos Aires,M,100 y +,OTRO PAIS,EXTRANJERA,59
2,Ciudad Autonoma de Buenos Aires,M,15 a 19,ARGENTINA,ARGENTINA,86131
2,Ciudad Autonoma de Buenos Aires,M,15 a 19,OTRO PAIS,ARGENTINA,957
2,Ciudad Autonoma de Buenos Aires,M,15 a 19,OTRO PAIS,EXTRANJERA,9046
2,Ciudad Autonoma de Buenos Aires,M,20 a 24,ARGENTINA,ARGENTINA,83424
2,Ciudad Autonoma de Buenos Aires,M,20 a 24,OTRO PAIS,ARGENTINA,966
2,Ciudad Autonoma de Buenos Aires,M,20 a 24,OTRO PAIS,EXTRANJERA,17737
2,Ciudad Autonoma de Buenos Aires,M,25 a 29,ARGENTINA,ARGENTINA,84412
2,Ciudad Autonoma de Buenos Aires,M,25 a 29,OTRO PAIS,ARGENTINA,1074
2,Ciudad Autonoma de Buenos Aires,M,25 a 29,OTRO PAIS,EXTRANJERA,24241
2,Ciudad Autonoma de Buenos Aires,M,30 a 34,ARGENTINA,ARGENTINA,88016
2,Ciudad Autonoma de Buenos Aires,M,30 a 34,OTRO PAIS,ARGENTINA,2040
2,Ciudad Autonoma de Buenos Aires,M,30 a 34,OTRO PAIS,EXTRANJERA,33851
2,Ciudad Autonoma de Buenos Aires,M,35 a 39,ARGENTINA,ARGENTINA,95792
2,Ciudad Autonoma de Buenos Aires,M,35 a 39,OTRO PAIS,ARGENTINA,2417
2,Ciudad Autonoma de Buenos Aires,M,35 a 39,OTRO PAIS,EXTRANJERA,34531
2,Ciudad Autonoma de Buenos Aires,M,40 a 44,ARGENTINA,ARGENTINA,97744
2,Ciudad Autonoma de Buenos Aires,M,40 a 44,OTRO PAIS,ARGENTINA,1987
2,Ciudad Autonoma de Buenos Aires,M,40 a 44,OTRO PAIS,EXTRANJERA,27780
2,Ciudad Autonoma de Buenos Aires,M,45 a 49,ARGENTINA,ARGENTINA,101773
2,Ciudad Autonoma de Buenos Aires,M,45 a 49,OTRO PAIS,ARGENTINA,1663
2,Ciudad Autonoma de Buenos Aires,M,45 a 49,OTRO PAIS,EXTRANJERA,20021
2,Ciudad Autonoma de Buenos Aires,M,5 a 9,ARGENTINA,ARGENTINA,79296
2,Ciudad Autonoma de Buenos Aires,M,5 a 9,OTRO PAIS,ARGENTINA,588
2,Ciudad Autonoma de Buenos Aires,M,5 a 9,OTRO PAIS,EXTRANJERA,3331
2,Ciudad Autonoma de Buenos Aires,M,50 a 54,ARGENTINA,ARGENTINA,91687
2,Ciudad Autonoma de Buenos Aires,M,50 a 54,OTRO PAIS,ARGENTINA,1247
2,Ciudad Autonoma de Buenos Aires,M,50 a 54,OTRO PAIS,EXTRANJERA,16693
2,Ciudad Autonoma de Buenos Aires,M,55 a 59,ARGENTINA,ARGENTINA,78233
2,Ciudad Autonoma de Buenos Aires,M,55 a 59,OTRO PAIS,ARGENTINA,1268
2,Ciudad Autonoma de Buenos Aires,M,55 a 59,OTRO PAIS,EXTRANJERA,13829
2,Ciudad Autonoma de Buenos Aires,M,60 a 64,ARGENTINA,ARGENTINA,73772
2,Ciudad Autonoma de Buenos Aires,M,60 a 64,OTRO PAIS,ARGENTINA,1149
2,Ciudad Autonoma de Buenos Aires,M,60 a 64,OTRO PAIS,EXTRANJERA,11170
2,Ciudad Autonoma de Buenos Aires,M,65 a 69,ARGENTINA,ARGENTINA,67554
2,Ciudad Autonoma de Buenos Aires,M,65 a 69,OTRO PAIS,ARGENTINA,1043
2,Ciudad Autonoma de Buenos Aires,M,65 a 69,OTRO PAIS,EXTRANJERA,8073
2,Ciudad Autonoma de Buenos Aires,M,70 a 74,ARGENTINA,ARGENTINA,54551
2,Ciudad Autonoma de Buenos Aires,M,70 a 74,OTRO PAIS,ARGENTINA,937
2,Ciudad Autonoma de Buenos Aires,M,70 a 74,OTRO PAIS,EXTRANJERA,6479
2,Ciudad Autonoma de Buenos Aires,M,75 a 79,ARGENTINA,ARGENTINA,40809
2,Ciudad Autonoma de Buenos Aires,M,75 a 79,OTRO PAIS,ARGENTINA,1243
2,Ciudad Autonoma de Buenos Aires,M,75 a 79,OTRO PAIS,EXTRANJERA,5765
2,Ciudad Autonoma de Buenos Aires,M,80 a 84,ARGENTINA,ARGENTINA,26457
2,Ciudad Autonoma de Buenos Aires,M,80 a 84,OTRO PAIS,ARGENTINA,755
2,Ciudad Autonoma de Buenos Aires,M,80 a 84,OTRO PAIS,EXTRANJERA,3538
2,Ciudad Autonoma de Buenos Aires,M,85 a 89,ARGENTINA,ARGENTINA,13596
2,Ciudad Autonoma de Buenos Aires,M,85 a 89,OTRO PAIS,ARGENTINA,414
2,Ciudad Autonoma de Buenos Aires,M,85 a 89,OTRO PAIS,EXTRANJERA,1943
2,Ciudad Autonoma de Buenos Aires,M,90 a 94,ARGENTINA,ARGENTINA,5355
2,Ciudad Autonoma de Buenos Aires,M,90 a 94,OTRO PAIS,ARGENTINA,244
2,Ciudad Autonoma de Buenos Aires,M,90 a 94,OTRO PAIS,EXTRANJERA,958
2,Ciudad Autonoma de Buenos Aires,M,95 a 99,ARGENTINA,ARGENTINA,1374
2,Ciudad Autonoma de Buenos Aires,M,95 a 99,OTRO PAIS,ARGENTINA,103
2,Ciudad Autonoma de Buenos Aires,M,95 a 99,OTRO PAIS,EXTRANJERA,318
2,Ciudad Autonoma de Buenos Aires,X,10 a 14,ARGENTINA,ARGENTINA,1
2,Ciudad Autonoma de Buenos Aires,X,15 a 19,ARGENTINA,ARGENTINA,29
2,Ciudad Autonoma de Buenos Aires,X,15 a 19,OTRO PAIS,ARGENTINA,1
2,Ciudad Autonoma de Buenos Aires,X,20 a 24,ARGENTINA,ARGENTINA,77
2,Ciudad Autonoma de Buenos Aires,X,20 a 24,OTRO PAIS,ARGENTINA,1
2,Ciudad Autonoma de Buenos Aires,X,20 a 24,OTRO PAIS,EXTRANJERA,7
2,Ciudad Autonoma de Buenos Aires,X,25 a 29,ARGENTINA,ARGENTINA,71
2,Ciudad Autonoma de Buenos Aires,X,25 a 29,OTRO PAIS,EXTRANJERA,4
2,Ciudad Autonoma de Buenos Aires,X,30 a 34,ARGENTINA,ARGENTINA,73
2,Ciudad Autonoma de Buenos Aires,X,30 a 34,OTRO PAIS,ARGENTINA,1
2,Ciudad Autonoma de Buenos Aires,X,30 a 34,OTRO PAIS,EXTRANJERA,8
2,Ciudad Autonoma de Buenos Aires,X,35 a 39,ARGENTINA,ARGENTINA,38
2,Ciudad Autonoma de Buenos Aires,X,35 a 39,OTRO PAIS,EXTRANJERA,2
2,Ciudad Autonoma de Buenos Aires,X,40 a 44,ARGENTINA,ARGENTINA,22
2,Ciudad Autonoma de Buenos Aires,X,40 a 44,OTRO PAIS,ARGENTINA,1
2,Ciudad Autonoma de Buenos Aires,X,45 a 49,ARGENTINA,ARGENTINA,11
2,Ciudad Autonoma de Buenos Aires,X,45 a 49,OTRO PAIS,EXTRANJERA,2
2,Ciudad Autonoma de Buenos Aires,X,50 a 54,ARGENTINA,ARGENTINA,6
2,Ciudad Autonoma de Buenos Aires,X,55 a 59,ARGENTINA,ARGENTINA,8
2,Ciudad Autonoma de Buenos Aires,X,60 a 64,ARGENTINA,ARGENTINA,1
2,Ciudad Autonoma de Buenos Aires,X,70 a 74,ARGENTINA,ARGENTINA,1
6,Buenos Aires,F,0 a 4,ARGENTINA,ARGENTINA,376850
6,Buenos Aires,F,0 a 4,OTRO PAIS,ARGENTINA,490
6,Buenos Aires,F,0 a 4,OTRO PAIS,EXTRANJERA,1176
6,Buenos Aires,F,10 a 14,ARGENTINA,ARGENTINA,696625
6,Buenos Aires,F,10 a 14,OTRO PAIS,ARGENTINA,1055
6,Buenos Aires,F,10 a 14,OTRO PAIS,EXTRANJERA,10919
6,Buenos Aires,F,100 y +,ARGENTINA,ARGENTINA,1360
6,Buenos Aires,F,100 y +,OTRO PAIS,ARGENTINA,28
6,Buenos Aires,F,100 y +,OTRO PAIS,EXTRANJERA,266
6,Buenos Aires,F,15 a 19,ARGENTINA,ARGENTINA,663993
6,Buenos Aires,F,15 a 19,OTRO PAIS,ARGENTINA,1867
6,Buenos Aires,F,15 a 19,OTRO PAIS,EXTRANJERA,18292
6,Buenos Aires,F,20 a 24,ARGENTINA,ARGENTINA,636332
6,Buenos Aires,F,20 a 24,OTRO PAIS,ARGENTINA,1750
6,Buenos Aires,F,20 a 24,OTRO PAIS,EXTRANJERA,34681
6,Buenos Aires,F,25 a 29,ARGENTINA,ARGENTINA,626262
6,Buenos Aires,F,25 a 29,OTRO PAIS,ARGENTINA,1174
6,Buenos Aires,F,25 a 29,OTRO PAIS,EXTRANJERA,43167
6,Buenos Aires,F,30 a 34,ARGENTINA,ARGENTINA,620363
6,Buenos Aires,F,30 a 34,OTRO PAIS,ARGENTINA,1982
6,Buenos Aires,F,30 a 34,OTRO PAIS,EXTRANJERA,57520
6,Buenos Aires,F,35 a 39,ARGENTINA,ARGENTINA,587712
6,Buenos Aires,F,35 a 39,OTRO PAIS,ARGENTINA,2249
6,Buenos Aires,F,35 a 39,OTRO PAIS,EXTRANJERA,64303
6,Buenos Aires,F,40 a 44,ARGENTINA,ARGENTINA,561534
6,Buenos Aires,F,40 a 44,OTRO PAIS,ARGENTINA,2611
6,Buenos Aires,F,40 a 44,OTRO PAIS,EXTRANJERA,59321
6,Buenos Aires,F,45 a 49,ARGENTINA,ARGENTINA,566567
6,Buenos Aires,F,45 a 49,OTRO PAIS,ARGENTINA,2512
6,Buenos Aires,F,45 a 49,OTRO PAIS,EXTRANJERA,47373
6,Buenos Aires,F,5 a 9,ARGENTINA,ARGENTINA,607358
6,Buenos Aires,F,5 a 9,OTRO PAIS,ARGENTINA,762
6,Buenos Aires,F,5 a 9,OTRO PAIS,EXTRANJERA,5511
6,Buenos Aires,F,50 a 54,ARGENTINA,ARGENTINA,485544
6,Buenos Aires,F,50 a 54,OTRO PAIS,ARGENTINA,2780
6,Buenos Aires,F,50 a 54,OTRO PAIS,EXTRANJERA,42351
6,Buenos Aires,F,55 a 59,ARGENTINA,ARGENTINA,410643
6,Buenos Aires,F,55 a 59,OTRO PAIS,ARGENTINA,3017
6,Buenos Aires,F,55 a 59,OTRO PAIS,EXTRANJERA,38364
6,Buenos Aires,F,60 a 64,ARGENTINA,ARGENTINA,379532
6,Buenos Aires,F,60 a 64,OTRO PAIS,ARGENTINA,2833
6,Buenos Aires,F,60 a 64,OTRO PAIS,EXTRANJERA,32566
6,Buenos Aires,F,65 a 69,ARGENTINA,ARGENTINA,339335
6,Buenos Aires,F,65 a 69,OTRO PAIS,ARGENTINA,2752
6,Buenos Aires,F,65 a 69,OTRO PAIS,EXTRANJERA,27391
6,Buenos Aires,F,70 a 74,ARGENTINA,ARGENTINA,294032
6,Buenos Aires,F,70 a 74,OTRO PAIS,ARGENTINA,2707
6,Buenos Aires,F,70 a 74,OTRO PAIS,EXTRANJERA,24941
6,Buenos Aires,F,75 a 79,ARGENTINA,ARGENTINA,222936
6,Buenos Aires,F,75 a 79,OTRO PAIS,ARGENTINA,3908
6,Buenos Aires,F,75 a 79,OTRO PAIS,EXTRANJERA,28132
6,Buenos Aires,F,80 a 84,ARGENTINA,ARGENTINA,152745
6,Buenos Aires,F,80 a 84,OTRO PAIS,ARGENTINA,2101
6,Buenos Aires,F,80 a 84,OTRO PAIS,EXTRANJERA,18387
6,Buenos Aires,F,85 a 89,ARGENTINA,ARGENTINA,88470
6,Buenos Aires,F,85 a 89,OTRO PAIS,ARGENTINA,1040
6,Buenos Aires,F,85 a 89,OTRO PAIS,EXTRANJERA,11143
6,Buenos Aires,F,90 a 94,ARGENTINA,ARGENTINA,39158
6,Buenos Aires,F,90 a 94,OTRO PAIS,ARGENTINA,466
6,Buenos Aires,F,90 a 94,OTRO PAIS,EXTRANJERA,5054
6,Buenos Aires,F,95 a 99,ARGENTINA,ARGENTINA,10774
6,Buenos Aires,F,95 a 99,OTRO PAIS,ARGENTINA,149
6,Buenos Aires,F,95 a 99,OTRO PAIS,EXTRANJERA,1692
6,Buenos Aires,M,0 a 4,ARGENTINA,ARGENTINA,393276
6,Buenos Aires,M,0 a 4,OTRO PAIS,ARGENTINA,528
6,Buenos Aires,M,0 a 4,OTRO PAIS,EXTRANJERA,1267
6,Buenos Aires,M,10 a 14,ARGENTINA,ARGENTINA,725598
6,Buenos Aires,M,10 a 14,OTRO PAIS,ARGENTINA,1129
6,Buenos Aires,M,10 a 14,OTRO PAIS,EXTRANJERA,11125
6,Buenos Aires,M,100 y +,ARGENTINA,ARGENTINA,305
6,Buenos Aires,M,100 y +,OTRO PAIS,ARGENTINA,11
6,Buenos Aires,M,100 y +,OTRO PAIS,EXTRANJERA,107
6,Buenos Aires,M,15 a 19,ARGENTINA,ARGENTINA,693330
6,Buenos Aires,M,15 a 19,OTRO PAIS,ARGENTINA,1904
6,Buenos Aires,M,15 a 19,OTRO PAIS,EXTRANJERA,19033
6,Buenos Aires,M,20 a 24,ARGENTINA,ARGENTINA,663397
6,Buenos Aires,M,20 a 24,OTRO PAIS,ARGENTINA,1713
6,Buenos Aires,M,20 a 24,OTRO PAIS,EXTRANJERA,36159
6,Buenos Aires,M,25 a 29,ARGENTINA,ARGENTINA,652504
6,Buenos Aires,M,25 a 29,OTRO PAIS,ARGENTINA,1275
6,Buenos Aires,M,25 a 29,OTRO PAIS,EXTRANJERA,45670
6,Buenos Aires,M,30 a 34,ARGENTINA,ARGENTINA,637108
6,Buenos Aires,M,30 a 34,OTRO PAIS,ARGENTINA,1851
6,Buenos Aires,M,30 a 34,OTRO PAIS,EXTRANJERA,60153
6,Buenos Aires,M,35 a 39,ARGENTINA,ARGENTINA,600611
6,Buenos Aires,M,35 a 39,OTRO PAIS,ARGENTINA,2027
6,Buenos Aires,M,35 a 39,OTRO PAIS,EXTRANJERA,65818
6,Buenos Aires,M,40 a 44,ARGENTINA,ARGENTINA,566914
6,Buenos Aires,M,40 a 44,OTRO PAIS,ARGENTINA,2096
6,Buenos Aires,M,40 a 44,OTRO PAIS,EXTRANJERA,59975
6,Buenos Aires,M,45 a 49,ARGENTINA,ARGENTINA,563131
6,Buenos Aires,M,45 a 49,OTRO PAIS,ARGENTINA,1871
6,Buenos Aires,M,45 a 49,OTRO PAIS,EXTRANJERA,42757
6,Buenos Aires,M,5 a 9,ARGENTINA,ARGENTINA,631712
6,Buenos Aires,M,5 a 9,OTRO PAIS,ARGENTINA,821
6,Buenos Aires,M,5 a 9,OTRO PAIS,EXTRANJERA,5759
6,Buenos Aires,M,50 a 54,ARGENTINA,ARGENTINA,473808
6,Buenos Aires,M,50 a 54,OTRO PAIS,ARGENTINA,1828
6,Buenos Aires,M,50 a 54,OTRO PAIS,EXTRANJERA,36806
6,Buenos Aires,M,55 a 59,ARGENTINA,ARGENTINA,387808
6,Buenos Aires,M,55 a 59,OTRO PAIS,ARGENTINA,2119
6,Buenos Aires,M,55 a 59,OTRO PAIS,EXTRANJERA,31431
6,Buenos Aires,M,60 a 64,ARGENTINA,ARGENTINA,346102
6,Buenos Aires,M,60 a 64,OTRO PAIS,ARGENTINA,1978
6,Buenos Aires,M,60 a 64,OTRO PAIS,EXTRANJERA,25282
6,Buenos Aires,M,65 a 69,ARGENTINA,ARGENTINA,294784
6,Buenos Aires,M,65 a 69,OTRO PAIS,ARGENTINA,2001
6,Buenos Aires,M,65 a 69,OTRO PAIS,EXTRANJERA,19973
6,Buenos Aires,M,70 a 74,ARGENTINA,ARGENTINA,231827
6,Buenos Aires,M,70 a 74,OTRO PAIS,ARGENTINA,1983
6,Buenos Aires,M,70 a 74,OTRO PAIS,EXTRANJERA,17891
6,Buenos Aires,M,75 a 79,ARGENTINA,ARGENTINA,156086
6,Buenos Aires,M,75 a 79,OTRO PAIS,ARGENTINA,2712
6,Buenos Aires,M,75 a 79,OTRO PAIS,EXTRANJERA,20132
6,Buenos Aires,M,80 a 84,ARGENTINA,ARGENTINA,89390
6,Buenos Aires,M,80 a 84,OTRO PAIS,ARGENTINA,1634
6,Buenos Aires,M,80 a 84,OTRO PAIS,EXTRANJERA,11936
6,Buenos Aires,M,85 a 89,ARGENTINA,ARGENTINA,41437
6,Buenos Aires,M,85 a 89,OTRO PAIS,ARGENTINA,857
6,Buenos Aires,M,85 a 89,OTRO PAIS,EXTRANJERA,6068
6,Buenos Aires,M,90 a 94,ARGENTINA,ARGENTINA,14149
6,Buenos Aires,M,90 a 94,OTRO PAIS,ARGENTINA,363
6,Buenos Aires,M,90 a 94,OTRO PAIS,EXTRANJERA,2369
6,Buenos Aires,M,95 a 99,ARGENTINA,ARGENTINA,3066
6,Buenos Aires,M,95 a 99,OTRO PAIS,ARGENTINA,106
6,Buenos Aires,M,95 a 99,OTRO PAIS,EXTRANJERA,630
6,Buenos Aires,X,10 a 14,ARGENTINA,ARGENTINA,10
6,Buenos Aires,X,15 a 19,ARGENTINA,ARGENTINA,95
6,Buenos Aires,X,15 a 19,OTRO PAIS,EXTRANJERA,2
6,Buenos Aires,X,20 a 24,ARGENTINA,ARGENTINA,267
6,Buenos Aires,X,20 a 24,OTRO PAIS,EXTRANJERA,2
6,Buenos Aires,X,25 a 29,ARGENTINA,ARGENTINA,151
6,Buenos Aires,X,25 a 29,OTRO PAIS,EXTRANJERA,3
6,Buenos Aires,X,30 a 34,ARGENTINA,ARGENTINA,134
6,Buenos Aires,X,30 a 34,OTRO PAIS,EXTRANJERA,3
6,Buenos Aires,X,35 a 39,ARGENTINA,ARGENTINA,85
6,Buenos Aires,X,35 a 39,OTRO PAIS,EXTRANJERA,2
6,Buenos Aires,X,40 a 44,ARGENTINA,ARGENTINA,44
6,Buenos Aires,X,40 a 44,OTRO PAIS,EXTRANJERA,1
6,Buenos Aires,X,45 a 49,ARGENTINA,ARGENTINA,31
6,Buenos Aires,X,50 a 54,ARGENTINA,ARGENTINA,21
6,Buenos Aires,X,55 a 59,ARGENTINA,ARGENTINA,9
6,Buenos Aires,X,60 a 64,ARGENTINA,ARGENTINA,6
6,Buenos Aires,X,65 a 69,ARGENTINA,ARGENTINA,2
6,Buenos Aires,X,70 a 74,ARGENTINA,ARGENTINA,1
10,Catamarca,F,0 a 4,ARGENTINA,ARGENTINA,10012
10,Catamarca,F,0 a 4,OTRO PAIS,ARGENTINA,1
10,Catamarca,F,0 a 4,OTRO PAIS,EXTRANJERA,2
10,Catamarca,F,10 a 14,ARGENTINA,ARGENTINA,17099
10,Catamarca,F,10 a 14,OTRO PAIS,ARGENTINA,4
10,Catamarca,F,10 a 14,OTRO PAIS,EXTRANJERA,25
10,Catamarca,F,100 y +,ARGENTINA,ARGENTINA,69
10,Catamarca,F,15 a 19,ARGENTINA,ARGENTINA,17236
10,Catamarca,F,15 a 19,OTRO PAIS,ARGENTINA,8
10,Catamarca,F,15 a 19,OTRO PAIS,EXTRANJERA,38
10,Catamarca,F,20 a 24,ARGENTINA,ARGENTINA,18467
10,Catamarca,F,20 a 24,OTRO PAIS,ARGENTINA,4
10,Catamarca,F,20 a 24,OTRO PAIS,EXTRANJERA,33
10,Catamarca,F,25 a 29,ARGENTINA,ARGENTINA,19117
10,Catamarca,F,25 a 29,OTRO PAIS,ARGENTINA,1
10,Catamarca,F,25 a 29,OTRO PAIS,EXTRANJERA,52
10,Catamarca,F,30 a 34,ARGENTINA,ARGENTINA,18465
10,Catamarca,F,30 a 34,OTRO PAIS,ARGENTINA,4
10,Catamarca,F,30 a 34,OTRO PAIS,EXTRANJERA,75
10,Catamarca,F,35 a 39,ARGENTINA,ARGENTINA,16250
10,Catamarca,F,35 a 39,OTRO PAIS,ARGENTINA,11
10,Catamarca,F,35 a 39,OTRO PAIS,EXTRANJERA,99
10,Catamarca,F,40 a 44,ARGENTINA,ARGENTINA,15156
10,Catamarca,F,40 a 44,OTRO PAIS,ARGENTINA,11
10,Catamarca,F,40 a 44,OTRO PAIS,EXTRANJERA,80
10,Catamarca,F,45 a 49,ARGENTINA,ARGENTINA,15349
10,Catamarca,F,45 a 49,OTRO PAIS,ARGENTINA,11
10,Catamarca,F,45 a 49,OTRO PAIS,EXTRANJERA,95
10,Catamarca,F,5 a 9,ARGENTINA,ARGENTINA,15653
10,Catamarca,F,5 a 9,OTRO PAIS,ARGENTINA,1
10,Catamarca,F,5 a 9,OTRO PAIS,EXTRANJERA,15
10,Catamarca,F,50 a 54,ARGENTINA,ARGENTINA,12036
10,Catamarca,F,50 a 54,OTRO PAIS,ARGENTINA,13
10,Catamarca,F,50 a 54,OTRO PAIS,EXTRANJERA,67
10,Catamarca,F,55 a 59,ARGENTINA,ARGENTINA,9996
10,Catamarca,F,55 a 59,OTRO PAIS,ARGENTINA,13
10,Catamarca,F,55 a 59,OTRO PAIS,EXTRANJERA,54
10,Catamarca,F,60 a 64,ARGENTINA,ARGENTINA,8757
10,Catamarca,F,60 a 64,OTRO PAIS,ARGENTINA,12
10,Catamarca,F,60 a 64,OTRO PAIS,EXTRANJERA,56
10,Catamarca,F,65 a 69,ARGENTINA,ARGENTINA,7741
10,Catamarca,F,65 a 69,OTRO PAIS,ARGENTINA,8
10,Catamarca,F,65 a 69,OTRO PAIS,EXTRANJERA,52
10,Catamarca,F,70 a 74,ARGENTINA,ARGENTINA,6605
10,Catamarca,F,70 a 74,OTRO PAIS,ARGENTINA,16
10,Catamarca,F,70 a 74,OTRO PAIS,EXTRANJERA,34
10,Catamarca,F,75 a 79,ARGENTINA,ARGENTINA,4648
10,Catamarca,F,75 a 79,OTRO PAIS,ARGENTINA,10
10,Catamarca,F,75 a 79,OTRO PAIS,EXTRANJERA,35
10,Catamarca,F,80 a 84,ARGENTINA,ARGENTINA,3096
10,Catamarca,F,80 a 84,OTRO PAIS,ARGENTINA,6
10,Catamarca,F,80 a 84,OTRO PAIS,EXTRANJERA,21
10,Catamarca,F,85 a 89,ARGENTINA,ARGENTINA,1673
10,Catamarca,F,85 a 89,OTRO PAIS,ARGENTINA,6
10,Catamarca,F,85 a 89,OTRO PAIS,EXTRANJERA,7
10,Catamarca,F,90 a 94,ARGENTINA,ARGENTINA,852
10,Catamarca,F,90 a 94,OTRO PAIS,ARGENTINA,2
10,Catamarca,F,90 a 94,OTRO PAIS,EXTRANJERA,2
10,Catamarca,F,95 a 99,ARGENTINA,ARGENTINA,241
10,Catamarca,F,95 a 99,OTRO PAIS,EXTRANJERA,1
10,Catamarca,M,0 a 4,ARGENTINA,ARGENTINA,10440
10,Catamarca,M,0 a 4,OTRO PAIS,ARGENTINA,6
10,Catamarca,M,0 a 4,OTRO PAIS,EXTRANJERA,4
10,Catamarca,M,10 a 14,ARGENTINA,ARGENTINA,17471
10,Catamarca,M,10 a 14,OTRO PAIS,ARGENTINA,5
10,Catamarca,M,10 a 14,OTRO PAIS,EXTRANJERA,25
10,Catamarca,M,100 y +,ARGENTINA,ARGENTINA,11
10,Catamarca,M,15 a 19,ARGENTINA,ARGENTINA,17830
10,Catamarca,M,15 a 19,OTRO PAIS,ARGENTINA,9
10,Catamarca,M,15 a 19,OTRO PAIS,EXTRANJERA,44
10,Catamarca,M,20 a 24,ARGENTINA,ARGENTINA,18948
10,Catamarca,M,20 a 24,OTRO PAIS,ARGENTINA,8
10,Catamarca,M,20 a 24,OTRO PAIS,EXTRANJERA,34
10,Catamarca,M,25 a 29,ARGENTINA,ARGENTINA,19572
10,Catamarca,M,25 a 29,OTRO PAIS,ARGENTINA,11
10,Catamarca,M,25 a 29,OTRO PAIS,EXTRANJERA,54
10,Catamarca,M,30 a 34,ARGENTINA,ARGENTINA,18712
10,Catamarca,M,30 a 34,OTRO PAIS,ARGENTINA,6
10,Catamarca,M,30 a 34,OTRO PAIS,EXTRANJERA,99
10,Catamarca,M,35 a 39,ARGENTINA,ARGENTINA,16206
10,Catamarca,M,35 a 39,OTRO PAIS,ARGENTINA,9
10,Catamarca,M,35 a 39,OTRO PAIS,EXTRANJERA,105
10,Catamarca,M,40 a 44,ARGENTINA,ARGENTINA,15354
10,Catamarca,M,40 a 44,OTRO PAIS,ARGENTINA,10
10,Catamarca,M,40 a 44,OTRO PAIS,EXTRANJERA,128
10,Catamarca,M,45 a 49,ARGENTINA,ARGENTINA,15276
10,Catamarca,M,45 a 49,OTRO PAIS,ARGENTINA,11
10,Catamarca,M,45 a 49,OTRO PAIS,EXTRANJERA,85
10,Catamarca,M,5 a 9,ARGENTINA,ARGENTINA,16097
10,Catamarca,M,5 a 9,OTRO PAIS,ARGENTINA,5
10,Catamarca,M,5 a 9,OTRO PAIS,EXTRANJERA,14
10,Catamarca,M,50 a 54,ARGENTINA,ARGENTINA,12281
10,Catamarca,M,50 a 54,OTRO PAIS,ARGENTINA,12
10,Catamarca,M,50 a 54,OTRO PAIS,EXTRANJERA,76
10,Catamarca,M,55 a 59,ARGENTINA,ARGENTINA,9927
10,Catamarca,M,55 a 59,OTRO PAIS,ARGENTINA,13
10,Catamarca,M,55 a 59,OTRO PAIS,EXTRANJERA,67
10,Catamarca,M,60 a 64,ARGENTINA,ARGENTINA,8638
10,Catamarca,M,60 a 64,OTRO PAIS,ARGENTINA,13
10,Catamarca,M,60 a 64,OTRO PAIS,EXTRANJERA,41
10,Catamarca,M,65 a 69,ARGENTINA,ARGENTINA,7403
10,Catamarca,M,65 a 69,OTRO PAIS,ARGENTINA,10
10,Catamarca,M,65 a 69,OTRO PAIS,EXTRANJERA,46
10,Catamarca,M,70 a 74,ARGENTINA,ARGENTINA,6018
10,Catamarca,M,70 a 74,OTRO PAIS,ARGENTINA,19
10,Catamarca,M,70 a 74,OTRO PAIS,EXTRANJERA,47
10,Catamarca,M,75 a 79,ARGENTINA,ARGENTINA,3893
10,Catamarca,M,75 a 79,OTRO PAIS,ARGENTINA,9
10,Catamarca,M,75 a 79,OTRO PAIS,EXTRANJERA,37
10,Catamarca,M,80 a 84,ARGENTINA,ARGENTINA,2111
10,Catamarca,M,80 a 84,OTRO PAIS,ARGENTINA,5
10,Catamarca,M,80 a 84,OTRO PAIS,EXTRANJERA,17
10,Catamarca,M,85 a 89,ARGENTINA,ARGENTINA,1040
10,Catamarca,M,85 a 89,OTRO PAIS,ARGENTINA,4
10,Catamarca,M,85 a 89,OTRO PAIS,EXTRANJERA,9
10,Catamarca,M,90 a 94,ARGENTINA,ARGENTINA,369
10,Catamarca,M,90 a 94,OTRO PAIS,EXTRANJERA,4
10,Catamarca,M,95 a 99,ARGENTINA,ARGENTINA,100
10,Catamarca,M,95 a 99,OTRO PAIS,ARGENTINA,1
10,Catamarca,X,15 a 19,ARGENTINA,ARGENTINA,1
10,Catamarca,X,20 a 24,ARGENTINA,ARGENTINA,3
10,Catamarca,X,25 a 29,ARGENTINA,ARGENTINA,1
10,Catamarca,X,30 a 34,ARGENTINA,ARGENTINA,4
10,Catamarca,X,35 a 39,ARGENTINA,ARGENTINA,2
10,Catamarca,X,40 a 44,ARGENTINA,ARGENTINA,1
14,Córdoba,F,0 a 4,ARGENTINA,ARGENTINA,88779
14,Córdoba,F,0 a 4,OTRO PAIS,ARGENTINA,133
14,Córdoba,F,0 a 4,OTRO PAIS,EXTRANJERA,88
14,Córdoba,F,10 a 14,ARGENTINA,ARGENTINA,144457
14,Córdoba,F,10 a 14,OTRO PAIS,ARGENTINA,338
14,Córdoba,F,10 a 14,OTRO PAIS,EXTRANJERA,942
14,Córdoba,F,100 y +,ARGENTINA,ARGENTINA,268
14,Córdoba,F,100 y +,OTRO PAIS,ARGENTINA,1
14,Córdoba,F,100 y +,OTRO PAIS,EXTRANJERA,17
14,Córdoba,F,15 a 19,ARGENTINA,ARGENTINA,141231
14,Córdoba,F,15 a 19,OTRO PAIS,ARGENTINA,541
14,Córdoba,F,15 a 19,OTRO PAIS,EXTRANJERA,1495
14,Córdoba,F,20 a 24,ARGENTINA,ARGENTINA,142824
14,Córdoba,F,20 a 24,OTRO PAIS,ARGENTINA,435
14,Córdoba,F,20 a 24,OTRO PAIS,EXTRANJERA,2187
14,Córdoba,F,25 a 29,ARGENTINA,ARGENTINA,145892
14,Córdoba,F,25 a 29,OTRO PAIS,ARGENTINA,301
14,Córdoba,F,25 a 29,OTRO PAIS,EXTRANJERA,2722
14,Córdoba,F,30 a 34,ARGENTINA,ARGENTINA,145352
14,Córdoba,F,30 a 34,OTRO PAIS,ARGENTINA,363
14,Córdoba,F,30 a 34,OTRO PAIS,EXTRANJERA,3440
14,Córdoba,F,35 a 39,ARGENTINA,ARGENTINA,138285
14,Córdoba,F,35 a 39,OTRO PAIS,ARGENTINA,294
14,Córdoba,F,35 a 39,OTRO PAIS,EXTRANJERA,3797
14,Córdoba,F,40 a 44,ARGENTINA,ARGENTINA,136357
14,Córdoba,F,40 a 44,OTRO PAIS,ARGENTINA,316
14,Córdoba,F,40 a 44,OTRO PAIS,EXTRANJERA,3510
14,Córdoba,F,45 a 49,ARGENTINA,ARGENTINA,134146
14,Córdoba,F,45 a 49,OTRO PAIS,ARGENTINA,344
14,Córdoba,F,45 a 49,OTRO PAIS,EXTRANJERA,2918
14,Córdoba,F,5 a 9,ARGENTINA,ARGENTINA,132033
14,Córdoba,F,5 a 9,OTRO PAIS,ARGENTINA,183
14,Córdoba,F,5 a 9,OTRO PAIS,EXTRANJERA,435
14,Córdoba,F,50 a 54,ARGENTINA,ARGENTINA,111599
14,Córdoba,F,50 a 54,OTRO PAIS,ARGENTINA,309
14,Córdoba,F,50 a 54,OTRO PAIS,EXTRANJERA,2426
14,Córdoba,F,55 a 59,ARGENTINA,ARGENTINA,96287
14,Córdoba,F,55 a 59,OTRO PAIS,ARGENTINA,349
14,Córdoba,F,55 a 59,OTRO PAIS,EXTRANJERA,1995
14,Córdoba,F,60 a 64,ARGENTINA,ARGENTINA,92959
14,Córdoba,F,60 a 64,OTRO PAIS,ARGENTINA,327
14,Córdoba,F,60 a 64,OTRO PAIS,EXTRANJERA,1615
14,Córdoba,F,65 a 69,ARGENTINA,ARGENTINA,81716
14,Córdoba,F,65 a 69,OTRO PAIS,ARGENTINA,285
14,Córdoba,F,65 a 69,OTRO PAIS,EXTRANJERA,1266
14,Córdoba,F,70 a 74,ARGENTINA,ARGENTINA,72796
14,Córdoba,F,70 a 74,OTRO PAIS,ARGENTINA,290
14,Córdoba,F,70 a 74,OTRO PAIS,EXTRANJERA,960
14,Córdoba,F,75 a 79,ARGENTINA,ARGENTINA,58403
14,Córdoba,F,75 a 79,OTRO PAIS,ARGENTINA,332
14,Córdoba,F,75 a 79,OTRO PAIS,EXTRANJERA,953
14,Córdoba,F,80 a 84,ARGENTINA,ARGENTINA,39786
14,Córdoba,F,80 a 84,OTRO PAIS,ARGENTINA,226
14,Córdoba,F,80 a 84,OTRO PAIS,EXTRANJERA,655
14,Córdoba,F,85 a 89,ARGENTINA,ARGENTINA,22603
14,Córdoba,F,85 a 89,OTRO PAIS,ARGENTINA,110
14,Córdoba,F,85 a 89,OTRO PAIS,EXTRANJERA,465
14,Córdoba,F,90 a 94,ARGENTINA,ARGENTINA,9821
14,Córdoba,F,90 a 94,OTRO PAIS,ARGENTINA,44
14,Córdoba,F,90 a 94,OTRO PAIS,EXTRANJERA,181
14,Córdoba,F,95 a 99,ARGENTINA,ARGENTINA,2273
14,Córdoba,F,95 a 99,OTRO PAIS,ARGENTINA,12
14,Córdoba,F,95 a 99,OTRO PAIS,EXTRANJERA,64
14,Córdoba,M,0 a 4,ARGENTINA,ARGENTINA,92186
14,Córdoba,M,0 a 4,OTRO PAIS,ARGENTINA,146
14,Córdoba,M,0 a 4,OTRO PAIS,EXTRANJERA,83
14,Córdoba,M,10 a 14,ARGENTINA,ARGENTINA,149795
14,Córdoba,M,10 a 14,OTRO PAIS,ARGENTINA,317
14,Córdoba,M,10 a 14,OTRO PAIS,EXTRANJERA,1043
14,Córdoba,M,100 y +,ARGENTINA,ARGENTINA,75
14,Córdoba,M,100 y +,OTRO PAIS,ARGENTINA,3
14,Córdoba,M,100 y +,OTRO PAIS,EXTRANJERA,2
14,Córdoba,M,15 a 19,ARGENTINA,ARGENTINA,146693
14,Córdoba,M,15 a 19,OTRO PAIS,ARGENTINA,574
14,Córdoba,M,15 a 19,OTRO PAIS,EXTRANJERA,1595
14,Córdoba,M,20 a 24,ARGENTINA,ARGENTINA,148311
14,Córdoba,M,20 a 24,OTRO PAIS,ARGENTINA,453
14,Córdoba,M,20 a 24,OTRO PAIS,EXTRANJERA,2201
14,Córdoba,M,25 a 29,ARGENTINA,ARGENTINA,148629
14,Córdoba,M,25 a 29,OTRO PAIS,ARGENTINA,256
14,Córdoba,M,25 a 29,OTRO PAIS,EXTRANJERA,2798
14,Córdoba,M,30 a 34,ARGENTINA,ARGENTINA,146946
14,Córdoba,M,30 a 34,OTRO PAIS,ARGENTINA,375
14,Córdoba,M,30 a 34,OTRO PAIS,EXTRANJERA,3868
14,Córdoba,M,35 a 39,ARGENTINA,ARGENTINA,138730
14,Córdoba,M,35 a 39,OTRO PAIS,ARGENTINA,281
14,Córdoba,M,35 a 39,OTRO PAIS,EXTRANJERA,4322
14,Córdoba,M,40 a 44,ARGENTINA,ARGENTINA,136409
14,Córdoba,M,40 a 44,OTRO PAIS,ARGENTINA,328
14,Córdoba,M,40 a 44,OTRO PAIS,EXTRANJERA,3714
14,Córdoba,M,45 a 49,ARGENTINA,ARGENTINA,133267
14,Córdoba,M,45 a 49,OTRO PAIS,ARGENTINA,308
14,Córdoba,M,45 a 49,OTRO PAIS,EXTRANJERA,2787
14,Córdoba,M,5 a 9,ARGENTINA,ARGENTINA,136714
14,Córdoba,M,5 a 9,OTRO PAIS,ARGENTINA,221
14,Córdoba,M,5 a 9,OTRO PAIS,EXTRANJERA,506
14,Córdoba,M,50 a 54,ARGENTINA,ARGENTINA,110318
14,Córdoba,M,50 a 54,OTRO PAIS,ARGENTINA,266
14,Córdoba,M,50 a 54,OTRO PAIS,EXTRANJERA,2265
14,Córdoba,M,55 a 59,ARGENTINA,ARGENTINA,92700
14,Córdoba,M,55 a 59,OTRO PAIS,ARGENTINA,296
14,Córdoba,M,55 a 59,OTRO PAIS,EXTRANJERA,1763
14,Córdoba,M,60 a 64,ARGENTINA,ARGENTINA,85932
14,Córdoba,M,60 a 64,OTRO PAIS,ARGENTINA,227
14,Córdoba,M,60 a 64,OTRO PAIS,EXTRANJERA,1394
14,Córdoba,M,65 a 69,ARGENTINA,ARGENTINA,72263
14,Córdoba,M,65 a 69,OTRO PAIS,ARGENTINA,222
14,Córdoba,M,65 a 69,OTRO PAIS,EXTRANJERA,948
14,Córdoba,M,70 a 74,ARGENTINA,ARGENTINA,58485
14,Córdoba,M,70 a 74,OTRO PAIS,ARGENTINA,240
14,Córdoba,M,70 a 74,OTRO PAIS,EXTRANJERA,899
14,Córdoba,M,75 a 79,ARGENTINA,ARGENTINA,41585
14,Córdoba,M,75 a 79,OTRO PAIS,ARGENTINA,258
14,Córdoba,M,75 a 79,OTRO PAIS,EXTRANJERA,847
14,Córdoba,M,80 a 84,ARGENTINA,ARGENTINA,23596
14,Córdoba,M,80 a 84,OTRO PAIS,ARGENTINA,154
14,Córdoba,M,80 a 84,OTRO PAIS,EXTRANJERA,543
14,Córdoba,M,85 a 89,ARGENTINA,ARGENTINA,11005
14,Córdoba,M,85 a 89,OTRO PAIS,ARGENTINA,92
14,Córdoba,M,85 a 89,OTRO PAIS,EXTRANJERA,305
14,Córdoba,M,90 a 94,ARGENTINA,ARGENTINA,3612
14,Córdoba,M,90 a 94,OTRO PAIS,ARGENTINA,41
14,Córdoba,M,90 a 94,OTRO PAIS,EXTRANJERA,106
14,Córdoba,M,95 a 99,ARGENTINA,ARGENTINA,728
14,Córdoba,M,95 a 99,OTRO PAIS,ARGENTINA,10
14,Córdoba,M,95 a 99,OTRO PAIS,EXTRANJERA,17
14,Córdoba,X,15 a 19,ARGENTINA,ARGENTINA,8
14,Córdoba,X,20 a 24,ARGENTINA,ARGENTINA,19
14,Córdoba,X,25 a 29,ARGENTINA,ARGENTINA,33
14,Córdoba,X,30 a 34,ARGENTINA,ARGENTINA,25
14,Córdoba,X,35 a 39,ARGENTINA,ARGENTINA,17
14,Córdoba,X,40 a 44,ARGENTINA,ARGENTINA,3
14,Córdoba,X,45 a 49,ARGENTINA,ARGENTINA,5
14,Córdoba,X,50 a 54,ARGENTINA,ARGENTINA,1
14,Córdoba,X,55 a 59,ARGENTINA,ARGENTINA,1
14,Córdoba,X,60 a 64,ARGENTINA,ARGENTINA,1
18,Corrientes,F,0 a 4,ARGENTINA,ARGENTINA,32274
18,Corrientes,F,0 a 4,OTRO PAIS,ARGENTINA,34
18,Corrientes,F,0 a 4,OTRO PAIS,EXTRANJERA,12
18,Corrientes,F,10 a 14,ARGENTINA,ARGENTINA,48713
18,Corrientes,F,10 a 14,OTRO PAIS,ARGENTINA,65
18,Corrientes,F,10 a 14,OTRO PAIS,EXTRANJERA,127
18,Corrientes,F,100 y +,ARGENTINA,ARGENTINA,102
18,Corrientes,F,100 y +,OTRO PAIS,EXTRANJERA,3
18,Corrientes,F,15 a 19,ARGENTINA,ARGENTINA,47350
18,Corrientes,F,15 a 19,OTRO PAIS,ARGENTINA,57
18,Corrientes,F,15 a 19,OTRO PAIS,EXTRANJERA,198
18,Corrientes,F,20 a 24,ARGENTINA,ARGENTINA,49994
18,Corrientes,F,20 a 24,OTRO PAIS,ARGENTINA,57
18,Corrientes,F,20 a 24,OTRO PAIS,EXTRANJERA,668
18,Corrientes,F,25 a 29,ARGENTINA,ARGENTINA,50259
18,Corrientes,F,25 a 29,OTRO PAIS,ARGENTINA,38
18,Corrientes,F,25 a 29,OTRO PAIS,EXTRANJERA,618
18,Corrientes,F,30 a 34,ARGENTINA,ARGENTINA,49260
18,Corrientes,F,30 a 34,OTRO PAIS,ARGENTINA,41
18,Corrientes,F,30 a 34,OTRO PAIS,EXTRANJERA,572
18,Corrientes,F,35 a 39,ARGENTINA,ARGENTINA,43774
18,Corrientes,F,35 a 39,OTRO PAIS,ARGENTINA,31
18,Corrientes,F,35 a 39,OTRO PAIS,EXTRANJERA,558
18,Corrientes,F,40 a 44,ARGENTINA,ARGENTINA,39399
18,Corrientes,F,40 a 44,OTRO PAIS,ARGENTINA,41
18,Corrientes,F,40 a 44,OTRO PAIS,EXTRANJERA,475
18,Corrientes,F,45 a 49,ARGENTINA,ARGENTINA,37603
18,Corrientes,F,45 a 49,OTRO PAIS,ARGENTINA,27
18,Corrientes,F,45 a 49,OTRO PAIS,EXTRANJERA,426
18,Corrientes,F,5 a 9,ARGENTINA,ARGENTINA,46437
18,Corrientes,F,5 a 9,OTRO PAIS,ARGENTINA,95
18,Corrientes,F,5 a 9,OTRO PAIS,EXTRANJERA,61
18,Corrientes,F,50 a 54,ARGENTINA,ARGENTINA,30771
18,Corrientes,F,50 a 54,OTRO PAIS,ARGENTINA,40
18,Corrientes,F,50 a 54,OTRO PAIS,EXTRANJERA,394
18,Corrientes,F,55 a 59,ARGENTINA,ARGENTINA,27378
18,Corrientes,F,55 a 59,OTRO PAIS,ARGENTINA,47
18,Corrientes,F,55 a 59,OTRO PAIS,EXTRANJERA,369
18,Corrientes,F,60 a 64,ARGENTINA,ARGENTINA,25553
18,Corrientes,F,60 a 64,OTRO PAIS,ARGENTINA,62
18,Corrientes,F,60 a 64,OTRO PAIS,EXTRANJERA,344
18,Corrientes,F,65 a 69,ARGENTINA,ARGENTINA,21983
18,Corrientes,F,65 a 69,OTRO PAIS,ARGENTINA,69
18,Corrientes,F,65 a 69,OTRO PAIS,EXTRANJERA,291
18,Corrientes,F,70 a 74,ARGENTINA,ARGENTINA,17702
18,Corrientes,F,70 a 74,OTRO PAIS,ARGENTINA,81
18,Corrientes,F,70 a 74,OTRO PAIS,EXTRANJERA,289
18,Corrientes,F,75 a 79,ARGENTINA,ARGENTINA,12159
18,Corrientes,F,75 a 79,OTRO PAIS,ARGENTINA,91
18,Corrientes,F,75 a 79,OTRO PAIS,EXTRANJERA,236
18,Corrientes,F,80 a 84,ARGENTINA,ARGENTINA,7828
18,Corrientes,F,80 a 84,OTRO PAIS,ARGENTINA,69
18,Corrientes,F,80 a 84,OTRO PAIS,EXTRANJERA,161
18,Corrientes,F,85 a 89,ARGENTINA,ARGENTINA,4409
18,Corrientes,F,85 a 89,OTRO PAIS,ARGENTINA,54
18,Corrientes,F,85 a 89,OTRO PAIS,EXTRANJERA,86
18,Corrientes,F,90 a 94,ARGENTINA,ARGENTINA,1904
18,Corrientes,F,90 a 94,OTRO PAIS,ARGENTINA,19
18,Corrientes,F,90 a 94,OTRO PAIS,EXTRANJERA,35
18,Corrientes,F,95 a 99,ARGENTINA,ARGENTINA,587
18,Corrientes,F,95 a 99,OTRO PAIS,ARGENTINA,9
18,Corrientes,F,95 a 99,OTRO PAIS,EXTRANJERA,12
18,Corrientes,M,0 a 4,ARGENTINA,ARGENTINA,33458
18,Corrientes,M,0 a 4,OTRO PAIS,ARGENTINA,41
18,Corrientes,M,0 a 4,OTRO PAIS,EXTRANJERA,9
18,Corrientes,M,10 a 14,ARGENTINA,ARGENTINA,51077
18,Corrientes,M,10 a 14,OTRO PAIS,ARGENTINA,97
18,Corrientes,M,10 a 14,OTRO PAIS,EXTRANJERA,115
18,Corrientes,M,100 y +,ARGENTINA,ARGENTINA,46
18,Corrientes,M,100 y +,OTRO PAIS,ARGENTINA,1
18,Corrientes,M,100 y +,OTRO PAIS,EXTRANJERA,2
18,Corrientes,M,15 a 19,ARGENTINA,ARGENTINA,49661
18,Corrientes,M,15 a 19,OTRO PAIS,ARGENTINA,64
18,Corrientes,M,15 a 19,OTRO PAIS,EXTRANJERA,170
18,Corrientes,M,20 a 24,ARGENTINA,ARGENTINA,52158
18,Corrientes,M,20 a 24,OTRO PAIS,ARGENTINA,74
18,Corrientes,M,20 a 24,OTRO PAIS,EXTRANJERA,460
18,Corrientes,M,25 a 29,ARGENTINA,ARGENTINA,51938
18,Corrientes,M,25 a 29,OTRO PAIS,ARGENTINA,50
18,Corrientes,M,25 a 29,OTRO PAIS,EXTRANJERA,583
18,Corrientes,M,30 a 34,ARGENTINA,ARGENTINA,50331
18,Corrientes,M,30 a 34,OTRO PAIS,ARGENTINA,35
18,Corrientes,M,30 a 34,OTRO PAIS,EXTRANJERA,637
18,Corrientes,M,35 a 39,ARGENTINA,ARGENTINA,44578
18,Corrientes,M,35 a 39,OTRO PAIS,ARGENTINA,23
18,Corrientes,M,35 a 39,OTRO PAIS,EXTRANJERA,592
18,Corrientes,M,40 a 44,ARGENTINA,ARGENTINA,41009
18,Corrientes,M,40 a 44,OTRO PAIS,ARGENTINA,33
18,Corrientes,M,40 a 44,OTRO PAIS,EXTRANJERA,499
18,Corrientes,M,45 a 49,ARGENTINA,ARGENTINA,38519
18,Corrientes,M,45 a 49,OTRO PAIS,ARGENTINA,28
18,Corrientes,M,45 a 49,OTRO PAIS,EXTRANJERA,478
18,Corrientes,M,5 a 9,ARGENTINA,ARGENTINA,47925
18,Corrientes,M,5 a 9,OTRO PAIS,ARGENTINA,104
18,Corrientes,M,5 a 9,OTRO PAIS,EXTRANJERA,39
18,Corrientes,M,50 a 54,ARGENTINA,ARGENTINA,31452
18,Corrientes,M,50 a 54,OTRO PAIS,ARGENTINA,35
18,Corrientes,M,50 a 54,OTRO PAIS,EXTRANJERA,418
18,Corrientes,M,55 a 59,ARGENTINA,ARGENTINA,27390
18,Corrientes,M,55 a 59,OTRO PAIS,ARGENTINA,55
18,Corrientes,M,55 a 59,OTRO PAIS,EXTRANJERA,419
18,Corrientes,M,60 a 64,ARGENTINA,ARGENTINA,25189
18,Corrientes,M,60 a 64,OTRO PAIS,ARGENTINA,50
18,Corrientes,M,60 a 64,OTRO PAIS,EXTRANJERA,324
18,Corrientes,M,65 a 69,ARGENTINA,ARGENTINA,21201
18,Corrientes,M,65 a 69,OTRO PAIS,ARGENTINA,59
18,Corrientes,M,65 a 69,OTRO PAIS,EXTRANJERA,281
18,Corrientes,M,70 a 74,ARGENTINA,ARGENTINA,16580
18,Corrientes,M,70 a 74,OTRO PAIS,ARGENTINA,87
18,Corrientes,M,70 a 74,OTRO PAIS,EXTRANJERA,347
18,Corrientes,M,75 a 79,ARGENTINA,ARGENTINA,9820
18,Corrientes,M,75 a 79,OTRO PAIS,ARGENTINA,67
18,Corrientes,M,75 a 79,OTRO PAIS,EXTRANJERA,268
18,Corrientes,M,80 a 84,ARGENTINA,ARGENTINA,5226
18,Corrientes,M,80 a 84,OTRO PAIS,ARGENTINA,62
18,Corrientes,M,80 a 84,OTRO PAIS,EXTRANJERA,180
18,Corrientes,M,85 a 89,ARGENTINA,ARGENTINA,2364
18,Corrientes,M,85 a 89,OTRO PAIS,ARGENTINA,28
18,Corrientes,M,85 a 89,OTRO PAIS,EXTRANJERA,56
18,Corrientes,M,90 a 94,ARGENTINA,ARGENTINA,894
18,Corrientes,M,90 a 94,OTRO PAIS,ARGENTINA,4
18,Corrientes,M,90 a 94,OTRO PAIS,EXTRANJERA,31
18,Corrientes,M,95 a 99,ARGENTINA,ARGENTINA,228
18,Corrientes,M,95 a 99,OTRO PAIS,ARGENTINA,2
18,Corrientes,M,95 a 99,OTRO PAIS,EXTRANJERA,18
18,Corrientes,X,15 a 19,ARGENTINA,ARGENTINA,4
18,Corrientes,X,20 a 24,ARGENTINA,ARGENTINA,5
18,Corrientes,X,25 a 29,ARGENTINA,ARGENTINA,1
18,Corrientes,X,30 a 34,ARGENTINA,ARGENTINA,2
18,Corrientes,X,40 a 44,ARGENTINA,ARGENTINA,1
18,Corrientes,X,50 a 54,ARGENTINA,ARGENTINA,1
18,Corrientes,X,50 a 54,OTRO PAIS,EXTRANJERA,1
18,Corrientes,X,55 a 59,ARGENTINA,ARGENTINA,2
22,Chaco,F,0 a 4,ARGENTINA,ARGENTINA,33412
22,Chaco,F,0 a 4,OTRO PAIS,ARGENTINA,11
22,Chaco,F,0 a 4,OTRO PAIS,EXTRANJERA,15
22,Chaco,F,10 a 14,ARGENTINA,ARGENTINA,58223
22,Chaco,F,10 a 14,OTRO PAIS,ARGENTINA,16
22,Chaco,F,10 a 14,OTRO PAIS,EXTRANJERA,61
22,Chaco,F,100 y +,ARGENTINA,ARGENTINA,96
22,Chaco,F,100 y +,OTRO PAIS,ARGENTINA,2
22,Chaco,F,100 y +,OTRO PAIS,EXTRANJERA,2
22,Chaco,F,15 a 19,ARGENTINA,ARGENTINA,52757
22,Chaco,F,15 a 19,OTRO PAIS,ARGENTINA,34
22,Chaco,F,15 a 19,OTRO PAIS,EXTRANJERA,103
22,Chaco,F,20 a 24,ARGENTINA,ARGENTINA,55250
22,Chaco,F,20 a 24,OTRO PAIS,ARGENTINA,36
22,Chaco,F,20 a 24,OTRO PAIS,EXTRANJERA,174
22,Chaco,F,25 a 29,ARGENTINA,ARGENTINA,57268
22,Chaco,F,25 a 29,OTRO PAIS,ARGENTINA,22
22,Chaco,F,25 a 29,OTRO PAIS,EXTRANJERA,176
22,Chaco,F,30 a 34,ARGENTINA,ARGENTINA,56611
22,Chaco,F,30 a 34,OTRO PAIS,ARGENTINA,34
22,Chaco,F,30 a 34,OTRO PAIS,EXTRANJERA,231
22,Chaco,F,35 a 39,ARGENTINA,ARGENTINA,48257
22,Chaco,F,35 a 39,OTRO PAIS,ARGENTINA,9
22,Chaco,F,35 a 39,OTRO PAIS,EXTRANJERA,281
22,Chaco,F,40 a 44,ARGENTINA,ARGENTINA,44946
22,Chaco,F,40 a 44,OTRO PAIS,ARGENTINA,21
22,Chaco,F,40 a 44,OTRO PAIS,EXTRANJERA,248
22,Chaco,F,45 a 49,ARGENTINA,ARGENTINA,40627
22,Chaco,F,45 a 49,OTRO PAIS,ARGENTINA,15
22,Chaco,F,45 a 49,OTRO PAIS,EXTRANJERA,223
22,Chaco,F,5 a 9,ARGENTINA,ARGENTINA,55160
22,Chaco,F,5 a 9,OTRO PAIS,ARGENTINA,16
22,Chaco,F,5 a 9,OTRO PAIS,EXTRANJERA,28
22,Chaco,F,50 a 54,ARGENTINA,ARGENTINA,32409
22,Chaco,F,50 a 54,OTRO PAIS,ARGENTINA,18
22,Chaco,F,50 a 54,OTRO PAIS,EXTRANJERA,205
22,Chaco,F,55 a 59,ARGENTINA,ARGENTINA,28355
22,Chaco,F,55 a 59,OTRO PAIS,ARGENTINA,31
22,Chaco,F,55 a 59,OTRO PAIS,EXTRANJERA,218
22,Chaco,F,60 a 64,ARGENTINA,ARGENTINA,26012
22,Chaco,F,60 a 64,OTRO PAIS,ARGENTINA,35
22,Chaco,F,60 a 64,OTRO PAIS,EXTRANJERA,218
22,Chaco,F,65 a 69,ARGENTINA,ARGENTINA,22627
22,Chaco,F,65 a 69,OTRO PAIS,ARGENTINA,57
22,Chaco,F,65 a 69,OTRO PAIS,EXTRANJERA,222
22,Chaco,F,70 a 74,ARGENTINA,ARGENTINA,17604
22,Chaco,F,70 a 74,OTRO PAIS,ARGENTINA,60
22,Chaco,F,70 a 74,OTRO PAIS,EXTRANJERA,216
22,Chaco,F,75 a 79,ARGENTINA,ARGENTINA,11344
22,Chaco,F,75 a 79,OTRO PAIS,ARGENTINA,81
22,Chaco,F,75 a 79,OTRO PAIS,EXTRANJERA,184
22,Chaco,F,80 a 84,ARGENTINA,ARGENTINA,7740
22,Chaco,F,80 a 84,OTRO PAIS,ARGENTINA,50
22,Chaco,F,80 a 84,OTRO PAIS,EXTRANJERA,176
22,Chaco,F,85 a 89,ARGENTINA,ARGENTINA,4548
22,Chaco,F,85 a 89,OTRO PAIS,ARGENTINA,45
22,Chaco,F,85 a 89,OTRO PAIS,EXTRANJERA,87
22,Chaco,F,90 a 94,ARGENTINA,ARGENTINA,1814
22,Chaco,F,90 a 94,OTRO PAIS,ARGENTINA,18
22,Chaco,F,90 a 94,OTRO PAIS,EXTRANJERA,68
22,Chaco,F,95 a 99,ARGENTINA,ARGENTINA,565
22,Chaco,F,95 a 99,OTRO PAIS,ARGENTINA,13
22,Chaco,F,95 a 99,OTRO PAIS,EXTRANJERA,31
22,Chaco,M,0 a 4,ARGENTINA,ARGENTINA,34582
22,Chaco,M,0 a 4,OTRO PAIS,ARGENTINA,7
22,Chaco,M,0 a 4,OTRO PAIS,EXTRANJERA,5
22,Chaco,M,10 a 14,ARGENTINA,ARGENTINA,59931
22,Chaco,M,10 a 14,OTRO PAIS,ARGENTINA,14
22,Chaco,M,10 a 14,OTRO PAIS,EXTRANJERA,71
22,Chaco,M,100 y +,ARGENTINA,ARGENTINA,41
22,Chaco,M,100 y +,OTRO PAIS,ARGENTINA,1
22,Chaco,M,100 y +,OTRO PAIS,EXTRANJERA,3
22,Chaco,M,15 a 19,ARGENTINA,ARGENTINA,54114
22,Chaco,M,15 a 19,OTRO PAIS,ARGENTINA,32
22,Chaco,M,15 a 19,OTRO PAIS,EXTRANJERA,127
22,Chaco,M,20 a 24,ARGENTINA,ARGENTINA,56880
22,Chaco,M,20 a 24,OTRO PAIS,ARGENTINA,27
22,Chaco,M,20 a 24,OTRO PAIS,EXTRANJERA,223
22,Chaco,M,25 a 29,ARGENTINA,ARGENTINA,58634
22,Chaco,M,25 a 29,OTRO PAIS,ARGENTINA,23
22,Chaco,M,25 a 29,OTRO PAIS,EXTRANJERA,183
22,Chaco,M,30 a 34,ARGENTINA,ARGENTINA,56733
22,Chaco,M,30 a 34,OTRO PAIS,ARGENTINA,22
22,Chaco,M,30 a 34,OTRO PAIS,EXTRANJERA,316
22,Chaco,M,35 a 39,ARGENTINA,ARGENTINA,48387
22,Chaco,M,35 a 39,OTRO PAIS,ARGENTINA,20
22,Chaco,M,35 a 39,OTRO PAIS,EXTRANJERA,344
22,Chaco,M,40 a 44,ARGENTINA,ARGENTINA,45051
22,Chaco,M,40 a 44,OTRO PAIS,ARGENTINA,27
22,Chaco,M,40 a 44,OTRO PAIS,EXTRANJERA,280
22,Chaco,M,45 a 49,ARGENTINA,ARGENTINA,41719
22,Chaco,M,45 a 49,OTRO PAIS,ARGENTINA,23
22,Chaco,M,45 a 49,OTRO PAIS,EXTRANJERA,227
22,Chaco,M,5 a 9,ARGENTINA,ARGENTINA,56510
22,Chaco,M,5 a 9,OTRO PAIS,ARGENTINA,12
22,Chaco,M,5 a 9,OTRO PAIS,EXTRANJERA,31
22,Chaco,M,50 a 54,ARGENTINA,ARGENTINA,32832
22,Chaco,M,50 a 54,OTRO PAIS,ARGENTINA,17
22,Chaco,M,50 a 54,OTRO PAIS,EXTRANJERA,170
22,Chaco,M,55 a 59,ARGENTINA,ARGENTINA,28076
22,Chaco,M,55 a 59,OTRO PAIS,ARGENTINA,29
22,Chaco,M,55 a 59,OTRO PAIS,EXTRANJERA,174
22,Chaco,M,60 a 64,ARGENTINA,ARGENTINA,25840
22,Chaco,M,60 a 64,OTRO PAIS,ARGENTINA,31
22,Chaco,M,60 a 64,OTRO PAIS,EXTRANJERA,170
22,Chaco,M,65 a 69,ARGENTINA,ARGENTINA,21868
22,Chaco,M,65 a 69,OTRO PAIS,ARGENTINA,40
22,Chaco,M,65 a 69,OTRO PAIS,EXTRANJERA,169
22,Chaco,M,70 a 74,ARGENTINA,ARGENTINA,16236
22,Chaco,M,70 a 74,OTRO PAIS,ARGENTINA,55
22,Chaco,M,70 a 74,OTRO PAIS,EXTRANJERA,222
22,Chaco,M,75 a 79,ARGENTINA,ARGENTINA,9424
22,Chaco,M,75 a 79,OTRO PAIS,ARGENTINA,55
22,Chaco,M,75 a 79,OTRO PAIS,EXTRANJERA,164
22,Chaco,M,80 a 84,ARGENTINA,ARGENTINA,5177
22,Chaco,M,80 a 84,OTRO PAIS,ARGENTINA,40
22,Chaco,M,80 a 84,OTRO PAIS,EXTRANJERA,120
22,Chaco,M,85 a 89,ARGENTINA,ARGENTINA,2499
22,Chaco,M,85 a 89,OTRO PAIS,ARGENTINA,25
22,Chaco,M,85 a 89,OTRO PAIS,EXTRANJERA,64
22,Chaco,M,90 a 94,ARGENTINA,ARGENTINA,928
22,Chaco,M,90 a 94,OTRO PAIS,ARGENTINA,7
22,Chaco,M,90 a 94,OTRO PAIS,EXTRANJERA,42
22,Chaco,M,95 a 99,ARGENTINA,ARGENTINA,245
22,Chaco,M,95 a 99,OTRO PAIS,ARGENTINA,2
22,Chaco,M,95 a 99,OTRO PAIS,EXTRANJERA,22
22,Chaco,X,15 a 19,ARGENTINA,ARGENTINA,1
22,Chaco,X,20 a 24,ARGENTINA,ARGENTINA,6
22,Chaco,X,25 a 29,ARGENTINA,ARGENTINA,2
22,Chaco,X,30 a 34,ARGENTINA,ARGENTINA,4
22,Chaco,X,35 a 39,ARGENTINA,ARGENTINA,2
22,Chaco,X,40 a 44,ARGENTINA,ARGENTINA,1
26,Chubut,F,0 a 4,ARGENTINA,ARGENTINA,12759
26,Chubut,F,0 a 4,OTRO PAIS,ARGENTINA,13
26,Chubut,F,0 a 4,OTRO PAIS,EXTRANJERA,31
26,Chubut,F,10 a 14,ARGENTINA,ARGENTINA,24333
26,Chubut,F,10 a 14,OTRO PAIS,ARGENTINA,37
26,Chubut,F,10 a 14,OTRO PAIS,EXTRANJERA,293
26,Chubut,F,100 y +,ARGENTINA,ARGENTINA,73
26,Chubut,F,100 y +,OTRO PAIS,ARGENTINA,7
26,Chubut,F,100 y +,OTRO PAIS,EXTRANJERA,18
26,Chubut,F,15 a 19,ARGENTINA,ARGENTINA,23717
26,Chubut,F,15 a 19,OTRO PAIS,ARGENTINA,54
26,Chubut,F,15 a 19,OTRO PAIS,EXTRANJERA,520
26,Chubut,F,20 a 24,ARGENTINA,ARGENTINA,22063
26,Chubut,F,20 a 24,OTRO PAIS,ARGENTINA,75
26,Chubut,F,20 a 24,OTRO PAIS,EXTRANJERA,736
26,Chubut,F,25 a 29,ARGENTINA,ARGENTINA,23037
26,Chubut,F,25 a 29,OTRO PAIS,ARGENTINA,77
26,Chubut,F,25 a 29,OTRO PAIS,EXTRANJERA,838
26,Chubut,F,30 a 34,ARGENTINA,ARGENTINA,23860
26,Chubut,F,30 a 34,OTRO PAIS,ARGENTINA,92
26,Chubut,F,30 a 34,OTRO PAIS,EXTRANJERA,1122
26,Chubut,F,35 a 39,ARGENTINA,ARGENTINA,23386
26,Chubut,F,35 a 39,OTRO PAIS,ARGENTINA,140
26,Chubut,F,35 a 39,OTRO PAIS,EXTRANJERA,1237
26,Chubut,F,40 a 44,ARGENTINA,ARGENTINA,22414
26,Chubut,F,40 a 44,OTRO PAIS,ARGENTINA,245
26,Chubut,F,40 a 44,OTRO PAIS,EXTRANJERA,1219
26,Chubut,F,45 a 49,ARGENTINA,ARGENTINA,21738
26,Chubut,F,45 a 49,OTRO PAIS,ARGENTINA,258
26,Chubut,F,45 a 49,OTRO PAIS,EXTRANJERA,974
26,Chubut,F,5 a 9,ARGENTINA,ARGENTINA,21188
26,Chubut,F,5 a 9,OTRO PAIS,ARGENTINA,21
26,Chubut,F,5 a 9,OTRO PAIS,EXTRANJERA,138
26,Chubut,F,50 a 54,ARGENTINA,ARGENTINA,16962
26,Chubut,F,50 a 54,OTRO PAIS,ARGENTINA,342
26,Chubut,F,50 a 54,OTRO PAIS,EXTRANJERA,894
26,Chubut,F,55 a 59,ARGENTINA,ARGENTINA,13898
26,Chubut,F,55 a 59,OTRO PAIS,ARGENTINA,373
26,Chubut,F,55 a 59,OTRO PAIS,EXTRANJERA,913
26,Chubut,F,60 a 64,ARGENTINA,ARGENTINA,12619
26,Chubut,F,60 a 64,OTRO PAIS,ARGENTINA,451
26,Chubut,F,60 a 64,OTRO PAIS,EXTRANJERA,962
26,Chubut,F,65 a 69,ARGENTINA,ARGENTINA,10467
26,Chubut,F,65 a 69,OTRO PAIS,ARGENTINA,654
26,Chubut,F,65 a 69,OTRO PAIS,EXTRANJERA,896
26,Chubut,F,70 a 74,ARGENTINA,ARGENTINA,8490
26,Chubut,F,70 a 74,OTRO PAIS,ARGENTINA,677
26,Chubut,F,70 a 74,OTRO PAIS,EXTRANJERA,751
26,Chubut,F,75 a 79,ARGENTINA,ARGENTINA,5770
26,Chubut,F,75 a 79,OTRO PAIS,ARGENTINA,590
26,Chubut,F,75 a 79,OTRO PAIS,EXTRANJERA,639
26,Chubut,F,80 a 84,ARGENTINA,ARGENTINA,3889
26,Chubut,F,80 a 84,OTRO PAIS,ARGENTINA,482
26,Chubut,F,80 a 84,OTRO PAIS,EXTRANJERA,498
26,Chubut,F,85 a 89,ARGENTINA,ARGENTINA,2253
26,Chubut,F,85 a 89,OTRO PAIS,ARGENTINA,293
26,Chubut,F,85 a 89,OTRO PAIS,EXTRANJERA,359
26,Chubut,F,90 a 94,ARGENTINA,ARGENTINA,1172
26,Chubut,F,90 a 94,OTRO PAIS,ARGENTINA,121
26,Chubut,F,90 a 94,OTRO PAIS,EXTRANJERA,199
26,Chubut,F,95 a 99,ARGENTINA,ARGENTINA,411
26,Chubut,F,95 a 99,OTRO PAIS,ARGENTINA,40
26,Chubut,F,95 a 99,OTRO PAIS,EXTRANJERA,61
26,Chubut,M,0 a 4,ARGENTINA,ARGENTINA,13364
26,Chubut,M,0 a 4,OTRO PAIS,ARGENTINA,15
26,Chubut,M,0 a 4,OTRO PAIS,EXTRANJERA,35
26,Chubut,M,10 a 14,ARGENTINA,ARGENTINA,25207
26,Chubut,M,10 a 14,OTRO PAIS,ARGENTINA,54
26,Chubut,M,10 a 14,OTRO PAIS,EXTRANJERA,305
26,Chubut,M,100 y +,ARGENTINA,ARGENTINA,18
26,Chubut,M,100 y +,OTRO PAIS,ARGENTINA,7
26,Chubut,M,100 y +,OTRO PAIS,EXTRANJERA,6
26,Chubut,M,15 a 19,ARGENTINA,ARGENTINA,24353
26,Chubut,M,15 a 19,OTRO PAIS,ARGENTINA,55
26,Chubut,M,15 a 19,OTRO PAIS,EXTRANJERA,519
26,Chubut,M,20 a 24,ARGENTINA,ARGENTINA,22821
26,Chubut,M,20 a 24,OTRO PAIS,ARGENTINA,78
26,Chubut,M,20 a 24,OTRO PAIS,EXTRANJERA,770
26,Chubut,M,25 a 29,ARGENTINA,ARGENTINA,24093
26,Chubut,M,25 a 29,OTRO PAIS,ARGENTINA,56
26,Chubut,M,25 a 29,OTRO PAIS,EXTRANJERA,874
26,Chubut,M,30 a 34,ARGENTINA,ARGENTINA,24595
26,Chubut,M,30 a 34,OTRO PAIS,ARGENTINA,81
26,Chubut,M,30 a 34,OTRO PAIS,EXTRANJERA,1164
26,Chubut,M,35 a 39,ARGENTINA,ARGENTINA,23811
26,Chubut,M,35 a 39,OTRO PAIS,ARGENTINA,139
26,Chubut,M,35 a 39,OTRO PAIS,EXTRANJERA,1331
26,Chubut,M,40 a 44,ARGENTINA,ARGENTINA,23253
26,Chubut,M,40 a 44,OTRO PAIS,ARGENTINA,171
26,Chubut,M,40 a 44,OTRO PAIS,EXTRANJERA,1306
26,Chubut,M,45 a 49,ARGENTINA,ARGENTINA,22268
26,Chubut,M,45 a 49,OTRO PAIS,ARGENTINA,168
26,Chubut,M,45 a 49,OTRO PAIS,EXTRANJERA,1030
26,Chubut,M,5 a 9,ARGENTINA,ARGENTINA,21869
26,Chubut,M,5 a 9,OTRO PAIS,ARGENTINA,29
26,Chubut,M,5 a 9,OTRO PAIS,EXTRANJERA,135
26,Chubut,M,50 a 54,ARGENTINA,ARGENTINA,17289
26,Chubut,M,50 a 54,OTRO PAIS,ARGENTINA,202
26,Chubut,M,50 a 54,OTRO PAIS,EXTRANJERA,937
26,Chubut,M,55 a 59,ARGENTINA,ARGENTINA,13541
26,Chubut,M,55 a 59,OTRO PAIS,ARGENTINA,263
26,Chubut,M,55 a 59,OTRO PAIS,EXTRANJERA,916
26,Chubut,M,60 a 64,ARGENTINA,ARGENTINA,12543
26,Chubut,M,60 a 64,OTRO PAIS,ARGENTINA,316
26,Chubut,M,60 a 64,OTRO PAIS,EXTRANJERA,906
26,Chubut,M,65 a 69,ARGENTINA,ARGENTINA,10198
26,Chubut,M,65 a 69,OTRO PAIS,ARGENTINA,446
26,Chubut,M,65 a 69,OTRO PAIS,EXTRANJERA,760
26,Chubut,M,70 a 74,ARGENTINA,ARGENTINA,7526
26,Chubut,M,70 a 74,OTRO PAIS,ARGENTINA,517
26,Chubut,M,70 a 74,OTRO PAIS,EXTRANJERA,702
26,Chubut,M,75 a 79,ARGENTINA,ARGENTINA,4771
26,Chubut,M,75 a 79,OTRO PAIS,ARGENTINA,465
26,Chubut,M,75 a 79,OTRO PAIS,EXTRANJERA,546
26,Chubut,M,80 a 84,ARGENTINA,ARGENTINA,2700
26,Chubut,M,80 a 84,OTRO PAIS,ARGENTINA,338
26,Chubut,M,80 a 84,OTRO PAIS,EXTRANJERA,363
26,Chubut,M,85 a 89,ARGENTINA,ARGENTINA,1353
26,Chubut,M,85 a 89,OTRO PAIS,ARGENTINA,211
26,Chubut,M,85 a 89,OTRO PAIS,EXTRANJERA,190
26,Chubut,M,90 a 94,ARGENTINA,ARGENTINA,489
26,Chubut,M,90 a 94,OTRO PAIS,ARGENTINA,89
26,Chubut,M,90 a 94,OTRO PAIS,EXTRANJERA,89
26,Chubut,M,95 a 99,ARGENTINA,ARGENTINA,145
26,Chubut,M,95 a 99,OTRO PAIS,ARGENTINA,29
26,Chubut,M,95 a 99,OTRO PAIS,EXTRANJERA,33
26,Chubut,X,15 a 19,ARGENTINA,ARGENTINA,8
26,Chubut,X,20 a 24,ARGENTINA,ARGENTINA,13
26,Chubut,X,25 a 29,ARGENTINA,ARGENTINA,16
26,Chubut,X,30 a 34,ARGENTINA,ARGENTINA,8
26,Chubut,X,35 a 39,ARGENTINA,ARGENTINA,6
26,Chubut,X,45 a 49,ARGENTINA,ARGENTINA,1
26,Chubut,X,50 a 54,ARGENTINA,ARGENTINA,2
26,Chubut,X,65 a 69,ARGENTINA,ARGENTINA,1
30,Entre Ríos,F,0 a 4,ARGENTINA,ARGENTINA,32870
30,Entre Ríos,F,0 a 4,OTRO PAIS,ARGENTINA,29
30,Entre Ríos,F,0 a 4,OTRO PAIS,EXTRANJERA,21
30,Entre Ríos,F,10 a 14,ARGENTINA,ARGENTINA,55667
30,Entre Ríos,F,10 a 14,OTRO PAIS,ARGENTINA,58
30,Entre Ríos,F,10 a 14,OTRO PAIS,EXTRANJERA,136
30,Entre Ríos,F,100 y +,ARGENTINA,ARGENTINA,112
30,Entre Ríos,F,100 y +,OTRO PAIS,EXTRANJERA,12
30,Entre Ríos,F,15 a 19,ARGENTINA,ARGENTINA,53359
30,Entre Ríos,F,15 a 19,OTRO PAIS,ARGENTINA,101
30,Entre Ríos,F,15 a 19,OTRO PAIS,EXTRANJERA,266
30,Entre Ríos,F,20 a 24,ARGENTINA,ARGENTINA,56099
30,Entre Ríos,F,20 a 24,OTRO PAIS,ARGENTINA,91
30,Entre Ríos,F,20 a 24,OTRO PAIS,EXTRANJERA,639
30,Entre Ríos,F,25 a 29,ARGENTINA,ARGENTINA,56548
30,Entre Ríos,F,25 a 29,OTRO PAIS,ARGENTINA,69
30,Entre Ríos,F,25 a 29,OTRO PAIS,EXTRANJERA,612
30,Entre Ríos,F,30 a 34,ARGENTINA,ARGENTINA,55507
30,Entre Ríos,F,30 a 34,OTRO PAIS,ARGENTINA,69
30,Entre Ríos,F,30 a 34,OTRO PAIS,EXTRANJERA,605
30,Entre Ríos,F,35 a 39,ARGENTINA,ARGENTINA,52164
30,Entre Ríos,F,35 a 39,OTRO PAIS,ARGENTINA,61
30,Entre Ríos,F,35 a 39,OTRO PAIS,EXTRANJERA,534
30,Entre Ríos,F,40 a 44,ARGENTINA,ARGENTINA,49922
30,Entre Ríos,F,40 a 44,OTRO PAIS,ARGENTINA,95
30,Entre Ríos,F,40 a 44,OTRO PAIS,EXTRANJERA,532
30,Entre Ríos,F,45 a 49,ARGENTINA,ARGENTINA,48470
30,Entre Ríos,F,45 a 49,OTRO PAIS,ARGENTINA,101
30,Entre Ríos,F,45 a 49,OTRO PAIS,EXTRANJERA,475
30,Entre Ríos,F,5 a 9,ARGENTINA,ARGENTINA,50693
30,Entre Ríos,F,5 a 9,OTRO PAIS,ARGENTINA,36
30,Entre Ríos,F,5 a 9,OTRO PAIS,EXTRANJERA,70
30,Entre Ríos,F,50 a 54,ARGENTINA,ARGENTINA,40446
30,Entre Ríos,F,50 a 54,OTRO PAIS,ARGENTINA,123
30,Entre Ríos,F,50 a 54,OTRO PAIS,EXTRANJERA,499
30,Entre Ríos,F,55 a 59,ARGENTINA,ARGENTINA,34957
30,Entre Ríos,F,55 a 59,OTRO PAIS,ARGENTINA,130
30,Entre Ríos,F,55 a 59,OTRO PAIS,EXTRANJERA,403
30,Entre Ríos,F,60 a 64,ARGENTINA,ARGENTINA,33593
30,Entre Ríos,F,60 a 64,OTRO PAIS,ARGENTINA,100
30,Entre Ríos,F,60 a 64,OTRO PAIS,EXTRANJERA,403
30,Entre Ríos,F,65 a 69,ARGENTINA,ARGENTINA,30057
30,Entre Ríos,F,65 a 69,OTRO PAIS,ARGENTINA,105
30,Entre Ríos,F,65 a 69,OTRO PAIS,EXTRANJERA,330
30,Entre Ríos,F,70 a 74,ARGENTINA,ARGENTINA,25656
30,Entre Ríos,F,70 a 74,OTRO PAIS,ARGENTINA,108
30,Entre Ríos,F,70 a 74,OTRO PAIS,EXTRANJERA,302
30,Entre Ríos,F,75 a 79,ARGENTINA,ARGENTINA,19275
30,Entre Ríos,F,75 a 79,OTRO PAIS,ARGENTINA,105
30,Entre Ríos,F,75 a 79,OTRO PAIS,EXTRANJERA,268
30,Entre Ríos,F,80 a 84,ARGENTINA,ARGENTINA,13707
30,Entre Ríos,F,80 a 84,OTRO PAIS,ARGENTINA,70
30,Entre Ríos,F,80 a 84,OTRO PAIS,EXTRANJERA,193
30,Entre Ríos,F,85 a 89,ARGENTINA,ARGENTINA,8347
30,Entre Ríos,F,85 a 89,OTRO PAIS,ARGENTINA,34
30,Entre Ríos,F,85 a 89,OTRO PAIS,EXTRANJERA,114
30,Entre Ríos,F,90 a 94,ARGENTINA,ARGENTINA,3637
30,Entre Ríos,F,90 a 94,OTRO PAIS,ARGENTINA,22
30,Entre Ríos,F,90 a 94,OTRO PAIS,EXTRANJERA,58
30,Entre Ríos,F,95 a 99,ARGENTINA,ARGENTINA,993
30,Entre Ríos,F,95 a 99,OTRO PAIS,ARGENTINA,7
30,Entre Ríos,F,95 a 99,OTRO PAIS,EXTRANJERA,26
30,Entre Ríos,M,0 a 4,ARGENTINA,ARGENTINA,34201
30,Entre Ríos,M,0 a 4,OTRO PAIS,ARGENTINA,29
30,Entre Ríos,M,0 a 4,OTRO PAIS,EXTRANJERA,17
30,Entre Ríos,M,10 a 14,ARGENTINA,ARGENTINA,58616
30,Entre Ríos,M,10 a 14,OTRO PAIS,ARGENTINA,60
30,Entre Ríos,M,10 a 14,OTRO PAIS,EXTRANJERA,178
30,Entre Ríos,M,100 y +,ARGENTINA,ARGENTINA,37
30,Entre Ríos,M,100 y +,OTRO PAIS,ARGENTINA,1
30,Entre Ríos,M,100 y +,OTRO PAIS,EXTRANJERA,5
30,Entre Ríos,M,15 a 19,ARGENTINA,ARGENTINA,55574
30,Entre Ríos,M,15 a 19,OTRO PAIS,ARGENTINA,92
30,Entre Ríos,M,15 a 19,OTRO PAIS,EXTRANJERA,261
30,Entre Ríos,M,20 a 24,ARGENTINA,ARGENTINA,57368
30,Entre Ríos,M,20 a 24,OTRO PAIS,ARGENTINA,103
30,Entre Ríos,M,20 a 24,OTRO PAIS,EXTRANJERA,576
30,Entre Ríos,M,25 a 29,ARGENTINA,ARGENTINA,58137
30,Entre Ríos,M,25 a 29,OTRO PAIS,ARGENTINA,60
30,Entre Ríos,M,25 a 29,OTRO PAIS,EXTRANJERA,555
30,Entre Ríos,M,30 a 34,ARGENTINA,ARGENTINA,56582
30,Entre Ríos,M,30 a 34,OTRO PAIS,ARGENTINA,57
30,Entre Ríos,M,30 a 34,OTRO PAIS,EXTRANJERA,666
30,Entre Ríos,M,35 a 39,ARGENTINA,ARGENTINA,52069
30,Entre Ríos,M,35 a 39,OTRO PAIS,ARGENTINA,88
30,Entre Ríos,M,35 a 39,OTRO PAIS,EXTRANJERA,673
30,Entre Ríos,M,40 a 44,ARGENTINA,ARGENTINA,50300
30,Entre Ríos,M,40 a 44,OTRO PAIS,ARGENTINA,117
30,Entre Ríos,M,40 a 44,OTRO PAIS,EXTRANJERA,660
30,Entre Ríos,M,45 a 49,ARGENTINA,ARGENTINA,48791
30,Entre Ríos,M,45 a 49,OTRO PAIS,ARGENTINA,112
30,Entre Ríos,M,45 a 49,OTRO PAIS,EXTRANJERA,540
30,Entre Ríos,M,5 a 9,ARGENTINA,ARGENTINA,52776
30,Entre Ríos,M,5 a 9,OTRO PAIS,ARGENTINA,43
30,Entre Ríos,M,5 a 9,OTRO PAIS,EXTRANJERA,105
30,Entre Ríos,M,50 a 54,ARGENTINA,ARGENTINA,40725
30,Entre Ríos,M,50 a 54,OTRO PAIS,ARGENTINA,107
30,Entre Ríos,M,50 a 54,OTRO PAIS,EXTRANJERA,520
30,Entre Ríos,M,55 a 59,ARGENTINA,ARGENTINA,34320
30,Entre Ríos,M,55 a 59,OTRO PAIS,ARGENTINA,103
30,Entre Ríos,M,55 a 59,OTRO PAIS,EXTRANJERA,479
30,Entre Ríos,M,60 a 64,ARGENTINA,ARGENTINA,31828
30,Entre Ríos,M,60 a 64,OTRO PAIS,ARGENTINA,112
30,Entre Ríos,M,60 a 64,OTRO PAIS,EXTRANJERA,434
30,Entre Ríos,M,65 a 69,ARGENTINA,ARGENTINA,26431
30,Entre Ríos,M,65 a 69,OTRO PAIS,ARGENTINA,74
30,Entre Ríos,M,65 a 69,OTRO PAIS,EXTRANJERA,371
30,Entre Ríos,M,70 a 74,ARGENTINA,ARGENTINA,21656
30,Entre Ríos,M,70 a 74,OTRO PAIS,ARGENTINA,70
30,Entre Ríos,M,70 a 74,OTRO PAIS,EXTRANJERA,359
30,Entre Ríos,M,75 a 79,ARGENTINA,ARGENTINA,14393
30,Entre Ríos,M,75 a 79,OTRO PAIS,ARGENTINA,84
30,Entre Ríos,M,75 a 79,OTRO PAIS,EXTRANJERA,316
30,Entre Ríos,M,80 a 84,ARGENTINA,ARGENTINA,8339
30,Entre Ríos,M,80 a 84,OTRO PAIS,ARGENTINA,59
30,Entre Ríos,M,80 a 84,OTRO PAIS,EXTRANJERA,193
30,Entre Ríos,M,85 a 89,ARGENTINA,ARGENTINA,3926
30,Entre Ríos,M,85 a 89,OTRO PAIS,ARGENTINA,21
30,Entre Ríos,M,85 a 89,OTRO PAIS,EXTRANJERA,97
30,Entre Ríos,M,90 a 94,ARGENTINA,ARGENTINA,1316
30,Entre Ríos,M,90 a 94,OTRO PAIS,ARGENTINA,14
30,Entre Ríos,M,90 a 94,OTRO PAIS,EXTRANJERA,56
30,Entre Ríos,M,95 a 99,ARGENTINA,ARGENTINA,298
30,Entre Ríos,M,95 a 99,OTRO PAIS,ARGENTINA,4
30,Entre Ríos,M,95 a 99,OTRO PAIS,EXTRANJERA,18
30,Entre Ríos,X,15 a 19,ARGENTINA,ARGENTINA,2
30,Entre Ríos,X,20 a 24,ARGENTINA,ARGENTINA,16
30,Entre Ríos,X,25 a 29,ARGENTINA,ARGENTINA,11
30,Entre Ríos,X,30 a 34,ARGENTINA,ARGENTINA,6
30,Entre Ríos,X,35 a 39,ARGENTINA,ARGENTINA,6
30,Entre Ríos,X,45 a 49,ARGENTINA,ARGENTINA,3
30,Entre Ríos,X,50 a 54,ARGENTINA,ARGENTINA,1
30,Entre Ríos,X,55 a 59,ARGENTINA,ARGENTINA,1
30,Entre Ríos,X,60 a 64,ARGENTINA,ARGENTINA,1
34,Formosa,F,0 a 4,ARGENTINA,ARGENTINA,17457
34,Formosa,F,0 a 4,OTRO PAIS,ARGENTINA,8
34,Formosa,F,0 a 4,OTRO PAIS,EXTRANJERA,6
34,Formosa,F,10 a 14,ARGENTINA,ARGENTINA,27974
34,Formosa,F,10 a 14,OTRO PAIS,ARGENTINA,24
34,Formosa,F,10 a 14,OTRO PAIS,EXTRANJERA,81
34,Formosa,F,100 y +,ARGENTINA,ARGENTINA,40
34,Formosa,F,100 y +,OTRO PAIS,ARGENTINA,8
34,Formosa,F,100 y +,OTRO PAIS,EXTRANJERA,30
34,Formosa,F,15 a 19,ARGENTINA,ARGENTINA,26594
34,Formosa,F,15 a 19,OTRO PAIS,ARGENTINA,41
34,Formosa,F,15 a 19,OTRO PAIS,EXTRANJERA,98
34,Formosa,F,20 a 24,ARGENTINA,ARGENTINA,26165
34,Formosa,F,20 a 24,OTRO PAIS,ARGENTINA,26
34,Formosa,F,20 a 24,OTRO PAIS,EXTRANJERA,167
34,Formosa,F,25 a 29,ARGENTINA,ARGENTINA,26851
34,Formosa,F,25 a 29,OTRO PAIS,ARGENTINA,51
34,Formosa,F,25 a 29,OTRO PAIS,EXTRANJERA,345
34,Formosa,F,30 a 34,ARGENTINA,ARGENTINA,25415
34,Formosa,F,30 a 34,OTRO PAIS,ARGENTINA,47
34,Formosa,F,30 a 34,OTRO PAIS,EXTRANJERA,585
34,Formosa,F,35 a 39,ARGENTINA,ARGENTINA,21527
34,Formosa,F,35 a 39,OTRO PAIS,ARGENTINA,52
34,Formosa,F,35 a 39,OTRO PAIS,EXTRANJERA,805
34,Formosa,F,40 a 44,ARGENTINA,ARGENTINA,19341
34,Formosa,F,40 a 44,OTRO PAIS,ARGENTINA,59
34,Formosa,F,40 a 44,OTRO PAIS,EXTRANJERA,905
34,Formosa,F,45 a 49,ARGENTINA,ARGENTINA,18497
34,Formosa,F,45 a 49,OTRO PAIS,ARGENTINA,70
34,Formosa,F,45 a 49,OTRO PAIS,EXTRANJERA,844
34,Formosa,F,5 a 9,ARGENTINA,ARGENTINA,26040
34,Formosa,F,5 a 9,OTRO PAIS,ARGENTINA,19
34,Formosa,F,5 a 9,OTRO PAIS,EXTRANJERA,40
34,Formosa,F,50 a 54,ARGENTINA,ARGENTINA,15055
34,Formosa,F,50 a 54,OTRO PAIS,ARGENTINA,92
34,Formosa,F,50 a 54,OTRO PAIS,EXTRANJERA,826
34,Formosa,F,55 a 59,ARGENTINA,ARGENTINA,13363
34,Formosa,F,55 a 59,OTRO PAIS,ARGENTINA,136
34,Formosa,F,55 a 59,OTRO PAIS,EXTRANJERA,1019
34,Formosa,F,60 a 64,ARGENTINA,ARGENTINA,11696
34,Formosa,F,60 a 64,OTRO PAIS,ARGENTINA,167
34,Formosa,F,60 a 64,OTRO PAIS,EXTRANJERA,1035
34,Formosa,F,65 a 69,ARGENTINA,ARGENTINA,10427
34,Formosa,F,65 a 69,OTRO PAIS,ARGENTINA,222
34,Formosa,F,65 a 69,OTRO PAIS,EXTRANJERA,1032
34,Formosa,F,70 a 74,ARGENTINA,ARGENTINA,7896
34,Formosa,F,70 a 74,OTRO PAIS,ARGENTINA,272
34,Formosa,F,70 a 74,OTRO PAIS,EXTRANJERA,1232
34,Formosa,F,75 a 79,ARGENTINA,ARGENTINA,4613
34,Formosa,F,75 a 79,OTRO PAIS,ARGENTINA,230
34,Formosa,F,75 a 79,OTRO PAIS,EXTRANJERA,1281
34,Formosa,F,80 a 84,ARGENTINA,ARGENTINA,2930
34,Formosa,F,80 a 84,OTRO PAIS,ARGENTINA,257
34,Formosa,F,80 a 84,OTRO PAIS,EXTRANJERA,1134
34,Formosa,F,85 a 89,ARGENTINA,ARGENTINA,1666
34,Formosa,F,85 a 89,OTRO PAIS,ARGENTINA,209
34,Formosa,F,85 a 89,OTRO PAIS,EXTRANJERA,689
34,Formosa,F,90 a 94,ARGENTINA,ARGENTINA,665
34,Formosa,F,90 a 94,OTRO PAIS,ARGENTINA,91
34,Formosa,F,90 a 94,OTRO PAIS,EXTRANJERA,357
34,Formosa,F,95 a 99,ARGENTINA,ARGENTINA,236
34,Formosa,F,95 a 99,OTRO PAIS,ARGENTINA,35
34,Formosa,F,95 a 99,OTRO PAIS,EXTRANJERA,163
34,Formosa,M,0 a 4,ARGENTINA,ARGENTINA,18050
34,Formosa,M,0 a 4,OTRO PAIS,ARGENTINA,10
34,Formosa,M,0 a 4,OTRO PAIS,EXTRANJERA,4
34,Formosa,M,10 a 14,ARGENTINA,ARGENTINA,28950
34,Formosa,M,10 a 14,OTRO PAIS,ARGENTINA,18
34,Formosa,M,10 a 14,OTRO PAIS,EXTRANJERA,80
34,Formosa,M,100 y +,ARGENTINA,ARGENTINA,18
34,Formosa,M,100 y +,OTRO PAIS,ARGENTINA,1
34,Formosa,M,100 y +,OTRO PAIS,EXTRANJERA,22
34,Formosa,M,15 a 19,ARGENTINA,ARGENTINA,27709
34,Formosa,M,15 a 19,OTRO PAIS,ARGENTINA,37
34,Formosa,M,15 a 19,OTRO PAIS,EXTRANJERA,109
34,Formosa,M,20 a 24,ARGENTINA,ARGENTINA,26750
34,Formosa,M,20 a 24,OTRO PAIS,ARGENTINA,30
34,Formosa,M,20 a 24,OTRO PAIS,EXTRANJERA,157
34,Formosa,M,25 a 29,ARGENTINA,ARGENTINA,26898
34,Formosa,M,25 a 29,OTRO PAIS,ARGENTINA,48
34,Formosa,M,25 a 29,OTRO PAIS,EXTRANJERA,263
34,Formosa,M,30 a 34,ARGENTINA,ARGENTINA,25174
34,Formosa,M,30 a 34,OTRO PAIS,ARGENTINA,44
34,Formosa,M,30 a 34,OTRO PAIS,EXTRANJERA,385
34,Formosa,M,35 a 39,ARGENTINA,ARGENTINA,21184
34,Formosa,M,35 a 39,OTRO PAIS,ARGENTINA,42
34,Formosa,M,35 a 39,OTRO PAIS,EXTRANJERA,549
34,Formosa,M,40 a 44,ARGENTINA,ARGENTINA,19022
34,Formosa,M,40 a 44,OTRO PAIS,ARGENTINA,55
34,Formosa,M,40 a 44,OTRO PAIS,EXTRANJERA,625
34,Formosa,M,45 a 49,ARGENTINA,ARGENTINA,18283
34,Formosa,M,45 a 49,OTRO PAIS,ARGENTINA,50
34,Formosa,M,45 a 49,OTRO PAIS,EXTRANJERA,504
34,Formosa,M,5 a 9,ARGENTINA,ARGENTINA,27060
34,Formosa,M,5 a 9,OTRO PAIS,ARGENTINA,25
34,Formosa,M,5 a 9,OTRO PAIS,EXTRANJERA,41
34,Formosa,M,50 a 54,ARGENTINA,ARGENTINA,14954
34,Formosa,M,50 a 54,OTRO PAIS,ARGENTINA,46
34,Formosa,M,50 a 54,OTRO PAIS,EXTRANJERA,566
34,Formosa,M,55 a 59,ARGENTINA,ARGENTINA,13266
34,Formosa,M,55 a 59,OTRO PAIS,ARGENTINA,72
34,Formosa,M,55 a 59,OTRO PAIS,EXTRANJERA,658
34,Formosa,M,60 a 64,ARGENTINA,ARGENTINA,11998
34,Formosa,M,60 a 64,OTRO PAIS,ARGENTINA,104
34,Formosa,M,60 a 64,OTRO PAIS,EXTRANJERA,712
34,Formosa,M,65 a 69,ARGENTINA,ARGENTINA,10361
34,Formosa,M,65 a 69,OTRO PAIS,ARGENTINA,108
34,Formosa,M,65 a 69,OTRO PAIS,EXTRANJERA,773
34,Formosa,M,70 a 74,ARGENTINA,ARGENTINA,7417
34,Formosa,M,70 a 74,OTRO PAIS,ARGENTINA,176
34,Formosa,M,70 a 74,OTRO PAIS,EXTRANJERA,1054
34,Formosa,M,75 a 79,ARGENTINA,ARGENTINA,4264
34,Formosa,M,75 a 79,OTRO PAIS,ARGENTINA,153
34,Formosa,M,75 a 79,OTRO PAIS,EXTRANJERA,1363
34,Formosa,M,80 a 84,ARGENTINA,ARGENTINA,2306
34,Formosa,M,80 a 84,OTRO PAIS,ARGENTINA,153
34,Formosa,M,80 a 84,OTRO PAIS,EXTRANJERA,1107
34,Formosa,M,85 a 89,ARGENTINA,ARGENTINA,1144
34,Formosa,M,85 a 89,OTRO PAIS,ARGENTINA,72
34,Formosa,M,85 a 89,OTRO PAIS,EXTRANJERA,660
34,Formosa,M,90 a 94,ARGENTINA,ARGENTINA,397
34,Formosa,M,90 a 94,OTRO PAIS,ARGENTINA,33
34,Formosa,M,90 a 94,OTRO PAIS,EXTRANJERA,268
34,Formosa,M,95 a 99,ARGENTINA,ARGENTINA,143
34,Formosa,M,95 a 99,OTRO PAIS,ARGENTINA,10
34,Formosa,M,95 a 99,OTRO PAIS,EXTRANJERA,117
34,Formosa,X,20 a 24,ARGENTINA,ARGENTINA,3
34,Formosa,X,25 a 29,ARGENTINA,ARGENTINA,1
34,Formosa,X,45 a 49,ARGENTINA,ARGENTINA,1
38,Jujuy,F,0 a 4,ARGENTINA,ARGENTINA,15992
38,Jujuy,F,0 a 4,OTRO PAIS,ARGENTINA,14
38,Jujuy,F,0 a 4,OTRO PAIS,EXTRANJERA,26
38,Jujuy,F,10 a 14,ARGENTINA,ARGENTINA,32242
38,Jujuy,F,10 a 14,OTRO PAIS,ARGENTINA,43
38,Jujuy,F,10 a 14,OTRO PAIS,EXTRANJERA,275
38,Jujuy,F,100 y +,ARGENTINA,ARGENTINA,24
38,Jujuy,F,100 y +,OTRO PAIS,ARGENTINA,1
38,Jujuy,F,100 y +,OTRO PAIS,EXTRANJERA,5
38,Jujuy,F,15 a 19,ARGENTINA,ARGENTINA,30954
38,Jujuy,F,15 a 19,OTRO PAIS,ARGENTINA,44
38,Jujuy,F,15 a 19,OTRO PAIS,EXTRANJERA,384
38,Jujuy,F,20 a 24,ARGENTINA,ARGENTINA,30418
38,Jujuy,F,20 a 24,OTRO PAIS,ARGENTINA,51
38,Jujuy,F,20 a 24,OTRO PAIS,EXTRANJERA,557
38,Jujuy,F,25 a 29,ARGENTINA,ARGENTINA,31302
38,Jujuy,F,25 a 29,OTRO PAIS,ARGENTINA,43
38,Jujuy,F,25 a 29,OTRO PAIS,EXTRANJERA,763
38,Jujuy,F,30 a 34,ARGENTINA,ARGENTINA,30387
38,Jujuy,F,30 a 34,OTRO PAIS,ARGENTINA,52
38,Jujuy,F,30 a 34,OTRO PAIS,EXTRANJERA,1052
38,Jujuy,F,35 a 39,ARGENTINA,ARGENTINA,26800
38,Jujuy,F,35 a 39,OTRO PAIS,ARGENTINA,57
38,Jujuy,F,35 a 39,OTRO PAIS,EXTRANJERA,1186
38,Jujuy,F,40 a 44,ARGENTINA,ARGENTINA,26446
38,Jujuy,F,40 a 44,OTRO PAIS,ARGENTINA,87
38,Jujuy,F,40 a 44,OTRO PAIS,EXTRANJERA,1245
38,Jujuy,F,45 a 49,ARGENTINA,ARGENTINA,25397
38,Jujuy,F,45 a 49,OTRO PAIS,ARGENTINA,136
38,Jujuy,F,45 a 49,OTRO PAIS,EXTRANJERA,1326
38,Jujuy,F,5 a 9,ARGENTINA,ARGENTINA,27401
38,Jujuy,F,5 a 9,OTRO PAIS,ARGENTINA,27
38,Jujuy,F,5 a 9,OTRO PAIS,EXTRANJERA,99
38,Jujuy,F,50 a 54,ARGENTINA,ARGENTINA,20633
38,Jujuy,F,50 a 54,OTRO PAIS,ARGENTINA,137
38,Jujuy,F,50 a 54,OTRO PAIS,EXTRANJERA,1212
38,Jujuy,F,55 a 59,ARGENTINA,ARGENTINA,16441
38,Jujuy,F,55 a 59,OTRO PAIS,ARGENTINA,163
38,Jujuy,F,55 a 59,OTRO PAIS,EXTRANJERA,1285
38,Jujuy,F,60 a 64,ARGENTINA,ARGENTINA,14691
38,Jujuy,F,60 a 64,OTRO PAIS,ARGENTINA,238
38,Jujuy,F,60 a 64,OTRO PAIS,EXTRANJERA,1212
38,Jujuy,F,65 a 69,ARGENTINA,ARGENTINA,12660
38,Jujuy,F,65 a 69,OTRO PAIS,ARGENTINA,211
38,Jujuy,F,65 a 69,OTRO PAIS,EXTRANJERA,1152
38,Jujuy,F,70 a 74,ARGENTINA,ARGENTINA,10311
38,Jujuy,F,70 a 74,OTRO PAIS,ARGENTINA,187
38,Jujuy,F,70 a 74,OTRO PAIS,EXTRANJERA,1067
38,Jujuy,F,75 a 79,ARGENTINA,ARGENTINA,6902
38,Jujuy,F,75 a 79,OTRO PAIS,ARGENTINA,256
38,Jujuy,F,75 a 79,OTRO PAIS,EXTRANJERA,995
38,Jujuy,F,80 a 84,ARGENTINA,ARGENTINA,4357
38,Jujuy,F,80 a 84,OTRO PAIS,ARGENTINA,158
38,Jujuy,F,80 a 84,OTRO PAIS,EXTRANJERA,732
38,Jujuy,F,85 a 89,ARGENTINA,ARGENTINA,2356
38,Jujuy,F,85 a 89,OTRO PAIS,ARGENTINA,91
38,Jujuy,F,85 a 89,OTRO PAIS,EXTRANJERA,377
38,Jujuy,F,90 a 94,ARGENTINA,ARGENTINA,950
38,Jujuy,F,90 a 94,OTRO PAIS,ARGENTINA,23
38,Jujuy,F,90 a 94,OTRO PAIS,EXTRANJERA,164
38,Jujuy,F,95 a 99,ARGENTINA,ARGENTINA,203
38,Jujuy,F,95 a 99,OTRO PAIS,ARGENTINA,7
38,Jujuy,F,95 a 99,OTRO PAIS,EXTRANJERA,53
38,Jujuy,M,0 a 4,ARGENTINA,ARGENTINA,16443
38,Jujuy,M,0 a 4,OTRO PAIS,ARGENTINA,18
38,Jujuy,M,0 a 4,OTRO PAIS,EXTRANJERA,38
38,Jujuy,M,10 a 14,ARGENTINA,ARGENTINA,32980
38,Jujuy,M,10 a 14,OTRO PAIS,ARGENTINA,29
38,Jujuy,M,10 a 14,OTRO PAIS,EXTRANJERA,271
38,Jujuy,M,100 y +,ARGENTINA,ARGENTINA,8
38,Jujuy,M,100 y +,OTRO PAIS,EXTRANJERA,3
38,Jujuy,M,15 a 19,ARGENTINA,ARGENTINA,31866
38,Jujuy,M,15 a 19,OTRO PAIS,ARGENTINA,48
38,Jujuy,M,15 a 19,OTRO PAIS,EXTRANJERA,363
38,Jujuy,M,20 a 24,ARGENTINA,ARGENTINA,31382
38,Jujuy,M,20 a 24,OTRO PAIS,ARGENTINA,45
38,Jujuy,M,20 a 24,OTRO PAIS,EXTRANJERA,530
38,Jujuy,M,25 a 29,ARGENTINA,ARGENTINA,31564
38,Jujuy,M,25 a 29,OTRO PAIS,ARGENTINA,49
38,Jujuy,M,25 a 29,OTRO PAIS,EXTRANJERA,674
38,Jujuy,M,30 a 34,ARGENTINA,ARGENTINA,30326
38,Jujuy,M,30 a 34,OTRO PAIS,ARGENTINA,30
38,Jujuy,M,30 a 34,OTRO PAIS,EXTRANJERA,951
38,Jujuy,M,35 a 39,ARGENTINA,ARGENTINA,26499
38,Jujuy,M,35 a 39,OTRO PAIS,ARGENTINA,40
38,Jujuy,M,35 a 39,OTRO PAIS,EXTRANJERA,1019
38,Jujuy,M,40 a 44,ARGENTINA,ARGENTINA,26159
38,Jujuy,M,40 a 44,OTRO PAIS,ARGENTINA,65
38,Jujuy,M,40 a 44,OTRO PAIS,EXTRANJERA,1155
38,Jujuy,M,45 a 49,ARGENTINA,ARGENTINA,25579
38,Jujuy,M,45 a 49,OTRO PAIS,ARGENTINA,78
38,Jujuy,M,45 a 49,OTRO PAIS,EXTRANJERA,1183
38,Jujuy,M,5 a 9,ARGENTINA,ARGENTINA,28503
38,Jujuy,M,5 a 9,OTRO PAIS,ARGENTINA,37
38,Jujuy,M,5 a 9,OTRO PAIS,EXTRANJERA,130
38,Jujuy,M,50 a 54,ARGENTINA,ARGENTINA,20218
38,Jujuy,M,50 a 54,OTRO PAIS,ARGENTINA,72
38,Jujuy,M,50 a 54,OTRO PAIS,EXTRANJERA,976
38,Jujuy,M,55 a 59,ARGENTINA,ARGENTINA,15573
38,Jujuy,M,55 a 59,OTRO PAIS,ARGENTINA,83
38,Jujuy,M,55 a 59,OTRO PAIS,EXTRANJERA,989
38,Jujuy,M,60 a 64,ARGENTINA,ARGENTINA,13335
38,Jujuy,M,60 a 64,OTRO PAIS,ARGENTINA,128
38,Jujuy,M,60 a 64,OTRO PAIS,EXTRANJERA,1002
38,Jujuy,M,65 a 69,ARGENTINA,ARGENTINA,11197
38,Jujuy,M,65 a 69,OTRO PAIS,ARGENTINA,156
38,Jujuy,M,65 a 69,OTRO PAIS,EXTRANJERA,931
38,Jujuy,M,70 a 74,ARGENTINA,ARGENTINA,8572
38,Jujuy,M,70 a 74,OTRO PAIS,ARGENTINA,187
38,Jujuy,M,70 a 74,OTRO PAIS,EXTRANJERA,933
38,Jujuy,M,75 a 79,ARGENTINA,ARGENTINA,5225
38,Jujuy,M,75 a 79,OTRO PAIS,ARGENTINA,181
38,Jujuy,M,75 a 79,OTRO PAIS,EXTRANJERA,869
38,Jujuy,M,80 a 84,ARGENTINA,ARGENTINA,2925
38,Jujuy,M,80 a 84,OTRO PAIS,ARGENTINA,151
38,Jujuy,M,80 a 84,OTRO PAIS,EXTRANJERA,614
38,Jujuy,M,85 a 89,ARGENTINA,ARGENTINA,1299
38,Jujuy,M,85 a 89,OTRO PAIS,ARGENTINA,70
38,Jujuy,M,85 a 89,OTRO PAIS,EXTRANJERA,321
38,Jujuy,M,90 a 94,ARGENTINA,ARGENTINA,410
38,Jujuy,M,90 a 94,OTRO PAIS,ARGENTINA,26
38,Jujuy,M,90 a 94,OTRO PAIS,EXTRANJERA,132
38,Jujuy,M,95 a 99,ARGENTINA,ARGENTINA,89
38,Jujuy,M,95 a 99,OTRO PAIS,ARGENTINA,6
38,Jujuy,M,95 a 99,OTRO PAIS,EXTRANJERA,40
38,Jujuy,X,10 a 14,ARGENTINA,ARGENTINA,1
38,Jujuy,X,15 a 19,ARGENTINA,ARGENTINA,4
38,Jujuy,X,20 a 24,ARGENTINA,ARGENTINA,3
38,Jujuy,X,20 a 24,OTRO PAIS,EXTRANJERA,1
38,Jujuy,X,25 a 29,ARGENTINA,ARGENTINA,1
38,Jujuy,X,30 a 34,ARGENTINA,ARGENTINA,5
38,Jujuy,X,35 a 39,ARGENTINA,ARGENTINA,3
38,Jujuy,X,40 a 44,ARGENTINA,ARGENTINA,2
38,Jujuy,X,45 a 49,ARGENTINA,ARGENTINA,1
42,La Pampa,F,0 a 4,ARGENTINA,ARGENTINA,7833
42,La Pampa,F,0 a 4,OTRO PAIS,ARGENTINA,11
42,La Pampa,F,0 a 4,OTRO PAIS,EXTRANJERA,8
42,La Pampa,F,10 a 14,ARGENTINA,ARGENTINA,14205
42,La Pampa,F,10 a 14,OTRO PAIS,ARGENTINA,11
42,La Pampa,F,10 a 14,OTRO PAIS,EXTRANJERA,38
42,La Pampa,F,100 y +,ARGENTINA,ARGENTINA,35
42,La Pampa,F,100 y +,OTRO PAIS,EXTRANJERA,2
42,La Pampa,F,15 a 19,ARGENTINA,ARGENTINA,13850
42,La Pampa,F,15 a 19,OTRO PAIS,ARGENTINA,33
42,La Pampa,F,15 a 19,OTRO PAIS,EXTRANJERA,56
42,La Pampa,F,20 a 24,ARGENTINA,ARGENTINA,13759
42,La Pampa,F,20 a 24,OTRO PAIS,ARGENTINA,33
42,La Pampa,F,20 a 24,OTRO PAIS,EXTRANJERA,97
42,La Pampa,F,25 a 29,ARGENTINA,ARGENTINA,13730
42,La Pampa,F,25 a 29,OTRO PAIS,ARGENTINA,11
42,La Pampa,F,25 a 29,OTRO PAIS,EXTRANJERA,130
42,La Pampa,F,30 a 34,ARGENTINA,ARGENTINA,14469
42,La Pampa,F,30 a 34,OTRO PAIS,ARGENTINA,15
42,La Pampa,F,30 a 34,OTRO PAIS,EXTRANJERA,145
42,La Pampa,F,35 a 39,ARGENTINA,ARGENTINA,13933
42,La Pampa,F,35 a 39,OTRO PAIS,ARGENTINA,21
42,La Pampa,F,35 a 39,OTRO PAIS,EXTRANJERA,172
42,La Pampa,F,40 a 44,ARGENTINA,ARGENTINA,13346
42,La Pampa,F,40 a 44,OTRO PAIS,ARGENTINA,33
42,La Pampa,F,40 a 44,OTRO PAIS,EXTRANJERA,201
42,La Pampa,F,45 a 49,ARGENTINA,ARGENTINA,12546
42,La Pampa,F,45 a 49,OTRO PAIS,ARGENTINA,26
42,La Pampa,F,45 a 49,OTRO PAIS,EXTRANJERA,160
42,La Pampa,F,5 a 9,ARGENTINA,ARGENTINA,12289
42,La Pampa,F,5 a 9,OTRO PAIS,ARGENTINA,20
42,La Pampa,F,5 a 9,OTRO PAIS,EXTRANJERA,22
42,La Pampa,F,50 a 54,ARGENTINA,ARGENTINA,10909
42,La Pampa,F,50 a 54,OTRO PAIS,ARGENTINA,40
42,La Pampa,F,50 a 54,OTRO PAIS,EXTRANJERA,127
42,La Pampa,F,55 a 59,ARGENTINA,ARGENTINA,9592
42,La Pampa,F,55 a 59,OTRO PAIS,ARGENTINA,32
42,La Pampa,F,55 a 59,OTRO PAIS,EXTRANJERA,116
42,La Pampa,F,60 a 64,ARGENTINA,ARGENTINA,9347
42,La Pampa,F,60 a 64,OTRO PAIS,ARGENTINA,36
42,La Pampa,F,60 a 64,OTRO PAIS,EXTRANJERA,102
42,La Pampa,F,65 a 69,ARGENTINA,ARGENTINA,7905
42,La Pampa,F,65 a 69,OTRO PAIS,ARGENTINA,38
42,La Pampa,F,65 a 69,OTRO PAIS,EXTRANJERA,105
42,La Pampa,F,70 a 74,ARGENTINA,ARGENTINA,6972
42,La Pampa,F,70 a 74,OTRO PAIS,ARGENTINA,42
42,La Pampa,F,70 a 74,OTRO PAIS,EXTRANJERA,85
42,La Pampa,F,75 a 79,ARGENTINA,ARGENTINA,5725
42,La Pampa,F,75 a 79,OTRO PAIS,ARGENTINA,36
42,La Pampa,F,75 a 79,OTRO PAIS,EXTRANJERA,79
42,La Pampa,F,80 a 84,ARGENTINA,ARGENTINA,4082
42,La Pampa,F,80 a 84,OTRO PAIS,ARGENTINA,20
42,La Pampa,F,80 a 84,OTRO PAIS,EXTRANJERA,34
42,La Pampa,F,85 a 89,ARGENTINA,ARGENTINA,2361
42,La Pampa,F,85 a 89,OTRO PAIS,ARGENTINA,9
42,La Pampa,F,85 a 89,OTRO PAIS,EXTRANJERA,28
42,La Pampa,F,90 a 94,ARGENTINA,ARGENTINA,999
42,La Pampa,F,90 a 94,OTRO PAIS,ARGENTINA,5
42,La Pampa,F,90 a 94,OTRO PAIS,EXTRANJERA,11
42,La Pampa,F,95 a 99,ARGENTINA,ARGENTINA,270
42,La Pampa,F,95 a 99,OTRO PAIS,ARGENTINA,2
42,La Pampa,F,95 a 99,OTRO PAIS,EXTRANJERA,10
42,La Pampa,M,0 a 4,ARGENTINA,ARGENTINA,8214
42,La Pampa,M,0 a 4,OTRO PAIS,ARGENTINA,9
42,La Pampa,M,0 a 4,OTRO PAIS,EXTRANJERA,3
42,La Pampa,M,10 a 14,ARGENTINA,ARGENTINA,14794
42,La Pampa,M,10 a 14,OTRO PAIS,ARGENTINA,21
42,La Pampa,M,10 a 14,OTRO PAIS,EXTRANJERA,46
42,La Pampa,M,100 y +,ARGENTINA,ARGENTINA,13
42,La Pampa,M,100 y +,OTRO PAIS,EXTRANJERA,1
42,La Pampa,M,15 a 19,ARGENTINA,ARGENTINA,14365
42,La Pampa,M,15 a 19,OTRO PAIS,ARGENTINA,27
42,La Pampa,M,15 a 19,OTRO PAIS,EXTRANJERA,65
42,La Pampa,M,20 a 24,ARGENTINA,ARGENTINA,14216
42,La Pampa,M,20 a 24,OTRO PAIS,ARGENTINA,26
42,La Pampa,M,20 a 24,OTRO PAIS,EXTRANJERA,96
42,La Pampa,M,25 a 29,ARGENTINA,ARGENTINA,14428
42,La Pampa,M,25 a 29,OTRO PAIS,ARGENTINA,19
42,La Pampa,M,25 a 29,OTRO PAIS,EXTRANJERA,135
42,La Pampa,M,30 a 34,ARGENTINA,ARGENTINA,14890
42,La Pampa,M,30 a 34,OTRO PAIS,ARGENTINA,23
42,La Pampa,M,30 a 34,OTRO PAIS,EXTRANJERA,151
42,La Pampa,M,35 a 39,ARGENTINA,ARGENTINA,14161
42,La Pampa,M,35 a 39,OTRO PAIS,ARGENTINA,13
42,La Pampa,M,35 a 39,OTRO PAIS,EXTRANJERA,197
42,La Pampa,M,40 a 44,ARGENTINA,ARGENTINA,13390
42,La Pampa,M,40 a 44,OTRO PAIS,ARGENTINA,21
42,La Pampa,M,40 a 44,OTRO PAIS,EXTRANJERA,200
42,La Pampa,M,45 a 49,ARGENTINA,ARGENTINA,12925
42,La Pampa,M,45 a 49,OTRO PAIS,ARGENTINA,25
42,La Pampa,M,45 a 49,OTRO PAIS,EXTRANJERA,166
42,La Pampa,M,5 a 9,ARGENTINA,ARGENTINA,12801
42,La Pampa,M,5 a 9,OTRO PAIS,ARGENTINA,14
42,La Pampa,M,5 a 9,OTRO PAIS,EXTRANJERA,23
42,La Pampa,M,50 a 54,ARGENTINA,ARGENTINA,10842
42,La Pampa,M,50 a 54,OTRO PAIS,ARGENTINA,26
42,La Pampa,M,50 a 54,OTRO PAIS,EXTRANJERA,131
42,La Pampa,M,55 a 59,ARGENTINA,ARGENTINA,9482
42,La Pampa,M,55 a 59,OTRO PAIS,ARGENTINA,24
42,La Pampa,M,55 a 59,OTRO PAIS,EXTRANJERA,110
42,La Pampa,M,60 a 64,ARGENTINA,ARGENTINA,9018
42,La Pampa,M,60 a 64,OTRO PAIS,ARGENTINA,24
42,La Pampa,M,60 a 64,OTRO PAIS,EXTRANJERA,104
42,La Pampa,M,65 a 69,ARGENTINA,ARGENTINA,7576
42,La Pampa,M,65 a 69,OTRO PAIS,ARGENTINA,41
42,La Pampa,M,65 a 69,OTRO PAIS,EXTRANJERA,85
42,La Pampa,M,70 a 74,ARGENTINA,ARGENTINA,6254
42,La Pampa,M,70 a 74,OTRO PAIS,ARGENTINA,40
42,La Pampa,M,70 a 74,OTRO PAIS,EXTRANJERA,90
42,La Pampa,M,75 a 79,ARGENTINA,ARGENTINA,4480
42,La Pampa,M,75 a 79,OTRO PAIS,ARGENTINA,45
42,La Pampa,M,75 a 79,OTRO PAIS,EXTRANJERA,52
42,La Pampa,M,80 a 84,ARGENTINA,ARGENTINA,2785
42,La Pampa,M,80 a 84,OTRO PAIS,ARGENTINA,26
42,La Pampa,M,80 a 84,OTRO PAIS,EXTRANJERA,50
42,La Pampa,M,85 a 89,ARGENTINA,ARGENTINA,1217
42,La Pampa,M,85 a 89,OTRO PAIS,ARGENTINA,16
42,La Pampa,M,85 a 89,OTRO PAIS,EXTRANJERA,26
42,La Pampa,M,90 a 94,ARGENTINA,ARGENTINA,429
42,La Pampa,M,90 a 94,OTRO PAIS,ARGENTINA,3
42,La Pampa,M,90 a 94,OTRO PAIS,EXTRANJERA,19
42,La Pampa,M,95 a 99,ARGENTINA,ARGENTINA,86
42,La Pampa,M,95 a 99,OTRO PAIS,ARGENTINA,1
42,La Pampa,M,95 a 99,OTRO PAIS,EXTRANJERA,4
42,La Pampa,X,20 a 24,ARGENTINA,ARGENTINA,3
42,La Pampa,X,25 a 29,ARGENTINA,ARGENTINA,1
42,La Pampa,X,30 a 34,ARGENTINA,ARGENTINA,2
42,La Pampa,X,45 a 49,ARGENTINA,ARGENTINA,1
42,La Pampa,X,50 a 54,ARGENTINA,ARGENTINA,1
46,La Rioja,F,0 a 4,ARGENTINA,ARGENTINA,9393
46,La Rioja,F,0 a 4,OTRO PAIS,ARGENTINA,1
46,La Rioja,F,0 a 4,OTRO PAIS,EXTRANJERA,15
46,La Rioja,F,10 a 14,ARGENTINA,ARGENTINA,15752
46,La Rioja,F,10 a 14,OTRO PAIS,ARGENTINA,8
46,La Rioja,F,10 a 14,OTRO PAIS,EXTRANJERA,115
46,La Rioja,F,100 y +,ARGENTINA,ARGENTINA,36
46,La Rioja,F,15 a 19,ARGENTINA,ARGENTINA,15675
46,La Rioja,F,15 a 19,OTRO PAIS,ARGENTINA,9
46,La Rioja,F,15 a 19,OTRO PAIS,EXTRANJERA,152
46,La Rioja,F,20 a 24,ARGENTINA,ARGENTINA,16704
46,La Rioja,F,20 a 24,OTRO PAIS,ARGENTINA,14
46,La Rioja,F,20 a 24,OTRO PAIS,EXTRANJERA,397
46,La Rioja,F,25 a 29,ARGENTINA,ARGENTINA,16772
46,La Rioja,F,25 a 29,OTRO PAIS,ARGENTINA,8
46,La Rioja,F,25 a 29,OTRO PAIS,EXTRANJERA,468
46,La Rioja,F,30 a 34,ARGENTINA,ARGENTINA,17335
46,La Rioja,F,30 a 34,OTRO PAIS,ARGENTINA,9
46,La Rioja,F,30 a 34,OTRO PAIS,EXTRANJERA,449
46,La Rioja,F,35 a 39,ARGENTINA,ARGENTINA,14562
46,La Rioja,F,35 a 39,OTRO PAIS,ARGENTINA,12
46,La Rioja,F,35 a 39,OTRO PAIS,EXTRANJERA,396
46,La Rioja,F,40 a 44,ARGENTINA,ARGENTINA,13738
46,La Rioja,F,40 a 44,OTRO PAIS,ARGENTINA,9
46,La Rioja,F,40 a 44,OTRO PAIS,EXTRANJERA,322
46,La Rioja,F,45 a 49,ARGENTINA,ARGENTINA,13830
46,La Rioja,F,45 a 49,OTRO PAIS,ARGENTINA,17
46,La Rioja,F,45 a 49,OTRO PAIS,EXTRANJERA,244
46,La Rioja,F,5 a 9,ARGENTINA,ARGENTINA,13910
46,La Rioja,F,5 a 9,OTRO PAIS,ARGENTINA,4
46,La Rioja,F,5 a 9,OTRO PAIS,EXTRANJERA,60
46,La Rioja,F,50 a 54,ARGENTINA,ARGENTINA,10760
46,La Rioja,F,50 a 54,OTRO PAIS,ARGENTINA,24
46,La Rioja,F,50 a 54,OTRO PAIS,EXTRANJERA,207
46,La Rioja,F,55 a 59,ARGENTINA,ARGENTINA,8874
46,La Rioja,F,55 a 59,OTRO PAIS,ARGENTINA,27
46,La Rioja,F,55 a 59,OTRO PAIS,EXTRANJERA,164
46,La Rioja,F,60 a 64,ARGENTINA,ARGENTINA,8064
46,La Rioja,F,60 a 64,OTRO PAIS,ARGENTINA,15
46,La Rioja,F,60 a 64,OTRO PAIS,EXTRANJERA,125
46,La Rioja,F,65 a 69,ARGENTINA,ARGENTINA,6684
46,La Rioja,F,65 a 69,OTRO PAIS,ARGENTINA,18
46,La Rioja,F,65 a 69,OTRO PAIS,EXTRANJERA,88
46,La Rioja,F,70 a 74,ARGENTINA,ARGENTINA,5596
46,La Rioja,F,70 a 74,OTRO PAIS,ARGENTINA,13
46,La Rioja,F,70 a 74,OTRO PAIS,EXTRANJERA,65
46,La Rioja,F,75 a 79,ARGENTINA,ARGENTINA,3952
46,La Rioja,F,75 a 79,OTRO PAIS,ARGENTINA,25
46,La Rioja,F,75 a 79,OTRO PAIS,EXTRANJERA,60
46,La Rioja,F,80 a 84,ARGENTINA,ARGENTINA,2468
46,La Rioja,F,80 a 84,OTRO PAIS,ARGENTINA,16
46,La Rioja,F,80 a 84,OTRO PAIS,EXTRANJERA,26
46,La Rioja,F,85 a 89,ARGENTINA,ARGENTINA,1366
46,La Rioja,F,85 a 89,OTRO PAIS,ARGENTINA,12
46,La Rioja,F,85 a 89,OTRO PAIS,EXTRANJERA,15
46,La Rioja,F,90 a 94,ARGENTINA,ARGENTINA,580
46,La Rioja,F,90 a 94,OTRO PAIS,ARGENTINA,1
46,La Rioja,F,90 a 94,OTRO PAIS,EXTRANJERA,9
46,La Rioja,F,95 a 99,ARGENTINA,ARGENTINA,174
46,La Rioja,F,95 a 99,OTRO PAIS,EXTRANJERA,3
46,La Rioja,M,0 a 4,ARGENTINA,ARGENTINA,9717
46,La Rioja,M,0 a 4,OTRO PAIS,ARGENTINA,5
46,La Rioja,M,0 a 4,OTRO PAIS,EXTRANJERA,9
46,La Rioja,M,10 a 14,ARGENTINA,ARGENTINA,16385
46,La Rioja,M,10 a 14,OTRO PAIS,ARGENTINA,2
46,La Rioja,M,10 a 14,OTRO PAIS,EXTRANJERA,130
46,La Rioja,M,100 y +,ARGENTINA,ARGENTINA,8
46,La Rioja,M,15 a 19,ARGENTINA,ARGENTINA,16123
46,La Rioja,M,15 a 19,OTRO PAIS,ARGENTINA,6
46,La Rioja,M,15 a 19,OTRO PAIS,EXTRANJERA,160
46,La Rioja,M,20 a 24,ARGENTINA,ARGENTINA,16542
46,La Rioja,M,20 a 24,OTRO PAIS,ARGENTINA,7
46,La Rioja,M,20 a 24,OTRO PAIS,EXTRANJERA,325
46,La Rioja,M,25 a 29,ARGENTINA,ARGENTINA,17001
46,La Rioja,M,25 a 29,OTRO PAIS,ARGENTINA,8
46,La Rioja,M,25 a 29,OTRO PAIS,EXTRANJERA,502
46,La Rioja,M,30 a 34,ARGENTINA,ARGENTINA,17717
46,La Rioja,M,30 a 34,OTRO PAIS,ARGENTINA,17
46,La Rioja,M,30 a 34,OTRO PAIS,EXTRANJERA,574
46,La Rioja,M,35 a 39,ARGENTINA,ARGENTINA,14589
46,La Rioja,M,35 a 39,OTRO PAIS,ARGENTINA,11
46,La Rioja,M,35 a 39,OTRO PAIS,EXTRANJERA,493
46,La Rioja,M,40 a 44,ARGENTINA,ARGENTINA,13850
46,La Rioja,M,40 a 44,OTRO PAIS,ARGENTINA,22
46,La Rioja,M,40 a 44,OTRO PAIS,EXTRANJERA,340
46,La Rioja,M,45 a 49,ARGENTINA,ARGENTINA,13831
46,La Rioja,M,45 a 49,OTRO PAIS,ARGENTINA,18
46,La Rioja,M,45 a 49,OTRO PAIS,EXTRANJERA,277
46,La Rioja,M,5 a 9,ARGENTINA,ARGENTINA,14349
46,La Rioja,M,5 a 9,OTRO PAIS,ARGENTINA,3
46,La Rioja,M,5 a 9,OTRO PAIS,EXTRANJERA,57
46,La Rioja,M,50 a 54,ARGENTINA,ARGENTINA,10795
46,La Rioja,M,50 a 54,OTRO PAIS,ARGENTINA,15
46,La Rioja,M,50 a 54,OTRO PAIS,EXTRANJERA,224
46,La Rioja,M,55 a 59,ARGENTINA,ARGENTINA,8915
46,La Rioja,M,55 a 59,OTRO PAIS,ARGENTINA,26
46,La Rioja,M,55 a 59,OTRO PAIS,EXTRANJERA,197
46,La Rioja,M,60 a 64,ARGENTINA,ARGENTINA,7965
46,La Rioja,M,60 a 64,OTRO PAIS,ARGENTINA,15
46,La Rioja,M,60 a 64,OTRO PAIS,EXTRANJERA,161
46,La Rioja,M,65 a 69,ARGENTINA,ARGENTINA,6566
46,La Rioja,M,65 a 69,OTRO PAIS,ARGENTINA,26
46,La Rioja,M,65 a 69,OTRO PAIS,EXTRANJERA,92
46,La Rioja,M,70 a 74,ARGENTINA,ARGENTINA,5098
46,La Rioja,M,70 a 74,OTRO PAIS,ARGENTINA,15
46,La Rioja,M,70 a 74,OTRO PAIS,EXTRANJERA,88
46,La Rioja,M,75 a 79,ARGENTINA,ARGENTINA,3162
46,La Rioja,M,75 a 79,OTRO PAIS,ARGENTINA,24
46,La Rioja,M,75 a 79,OTRO PAIS,EXTRANJERA,55
46,La Rioja,M,80 a 84,ARGENTINA,ARGENTINA,1772
46,La Rioja,M,80 a 84,OTRO PAIS,ARGENTINA,14
46,La Rioja,M,80 a 84,OTRO PAIS,EXTRANJERA,26
46,La Rioja,M,85 a 89,ARGENTINA,ARGENTINA,774
46,La Rioja,M,85 a 89,OTRO PAIS,ARGENTINA,6
46,La Rioja,M,85 a 89,OTRO PAIS,EXTRANJERA,16
46,La Rioja,M,90 a 94,ARGENTINA,ARGENTINA,345
46,La Rioja,M,90 a 94,OTRO PAIS,ARGENTINA,2
46,La Rioja,M,90 a 94,OTRO PAIS,EXTRANJERA,5
46,La Rioja,M,95 a 99,ARGENTINA,ARGENTINA,79
46,La Rioja,M,95 a 99,OTRO PAIS,ARGENTINA,1
46,La Rioja,M,95 a 99,OTRO PAIS,EXTRANJERA,1
46,La Rioja,X,25 a 29,ARGENTINA,ARGENTINA,2
46,La Rioja,X,30 a 34,ARGENTINA,ARGENTINA,2
46,La Rioja,X,35 a 39,ARGENTINA,ARGENTINA,1
46,La Rioja,X,60 a 64,ARGENTINA,ARGENTINA,1
50,Mendoza,F,0 a 4,ARGENTINA,ARGENTINA,46442
50,Mendoza,F,0 a 4,OTRO PAIS,ARGENTINA,118
50,Mendoza,F,0 a 4,OTRO PAIS,EXTRANJERA,59
50,Mendoza,F,10 a 14,ARGENTINA,ARGENTINA,81389
50,Mendoza,F,10 a 14,OTRO PAIS,ARGENTINA,239
50,Mendoza,F,10 a 14,OTRO PAIS,EXTRANJERA,785
50,Mendoza,F,100 y +,ARGENTINA,ARGENTINA,136
50,Mendoza,F,100 y +,OTRO PAIS,ARGENTINA,2
50,Mendoza,F,100 y +,OTRO PAIS,EXTRANJERA,8
50,Mendoza,F,15 a 19,ARGENTINA,ARGENTINA,77460
50,Mendoza,F,15 a 19,OTRO PAIS,ARGENTINA,442
50,Mendoza,F,15 a 19,OTRO PAIS,EXTRANJERA,1197
50,Mendoza,F,20 a 24,ARGENTINA,ARGENTINA,69001
50,Mendoza,F,20 a 24,OTRO PAIS,ARGENTINA,461
50,Mendoza,F,20 a 24,OTRO PAIS,EXTRANJERA,1871
50,Mendoza,F,25 a 29,ARGENTINA,ARGENTINA,71866
50,Mendoza,F,25 a 29,OTRO PAIS,ARGENTINA,136
50,Mendoza,F,25 a 29,OTRO PAIS,EXTRANJERA,2184
50,Mendoza,F,30 a 34,ARGENTINA,ARGENTINA,74689
50,Mendoza,F,30 a 34,OTRO PAIS,ARGENTINA,183
50,Mendoza,F,30 a 34,OTRO PAIS,EXTRANJERA,2783
50,Mendoza,F,35 a 39,ARGENTINA,ARGENTINA,70360
50,Mendoza,F,35 a 39,OTRO PAIS,ARGENTINA,161
50,Mendoza,F,35 a 39,OTRO PAIS,EXTRANJERA,2976
50,Mendoza,F,40 a 44,ARGENTINA,ARGENTINA,65529
50,Mendoza,F,40 a 44,OTRO PAIS,ARGENTINA,184
50,Mendoza,F,40 a 44,OTRO PAIS,EXTRANJERA,2973
50,Mendoza,F,45 a 49,ARGENTINA,ARGENTINA,64487
50,Mendoza,F,45 a 49,OTRO PAIS,ARGENTINA,186
50,Mendoza,F,45 a 49,OTRO PAIS,EXTRANJERA,2779
50,Mendoza,F,5 a 9,ARGENTINA,ARGENTINA,71609
50,Mendoza,F,5 a 9,OTRO PAIS,ARGENTINA,164
50,Mendoza,F,5 a 9,OTRO PAIS,EXTRANJERA,336
50,Mendoza,F,50 a 54,ARGENTINA,ARGENTINA,54770
50,Mendoza,F,50 a 54,OTRO PAIS,ARGENTINA,208
50,Mendoza,F,50 a 54,OTRO PAIS,EXTRANJERA,2978
50,Mendoza,F,55 a 59,ARGENTINA,ARGENTINA,45335
50,Mendoza,F,55 a 59,OTRO PAIS,ARGENTINA,248
50,Mendoza,F,55 a 59,OTRO PAIS,EXTRANJERA,2856
50,Mendoza,F,60 a 64,ARGENTINA,ARGENTINA,42546
50,Mendoza,F,60 a 64,OTRO PAIS,ARGENTINA,231
50,Mendoza,F,60 a 64,OTRO PAIS,EXTRANJERA,2602
50,Mendoza,F,65 a 69,ARGENTINA,ARGENTINA,38742
50,Mendoza,F,65 a 69,OTRO PAIS,ARGENTINA,242
50,Mendoza,F,65 a 69,OTRO PAIS,EXTRANJERA,2223
50,Mendoza,F,70 a 74,ARGENTINA,ARGENTINA,34687
50,Mendoza,F,70 a 74,OTRO PAIS,ARGENTINA,259
50,Mendoza,F,70 a 74,OTRO PAIS,EXTRANJERA,2114
50,Mendoza,F,75 a 79,ARGENTINA,ARGENTINA,26509
50,Mendoza,F,75 a 79,OTRO PAIS,ARGENTINA,315
50,Mendoza,F,75 a 79,OTRO PAIS,EXTRANJERA,1881
50,Mendoza,F,80 a 84,ARGENTINA,ARGENTINA,17772
50,Mendoza,F,80 a 84,OTRO PAIS,ARGENTINA,227
50,Mendoza,F,80 a 84,OTRO PAIS,EXTRANJERA,1275
50,Mendoza,F,85 a 89,ARGENTINA,ARGENTINA,9636
50,Mendoza,F,85 a 89,OTRO PAIS,ARGENTINA,114
50,Mendoza,F,85 a 89,OTRO PAIS,EXTRANJERA,630
50,Mendoza,F,90 a 94,ARGENTINA,ARGENTINA,4132
50,Mendoza,F,90 a 94,OTRO PAIS,ARGENTINA,40
50,Mendoza,F,90 a 94,OTRO PAIS,EXTRANJERA,283
50,Mendoza,F,95 a 99,ARGENTINA,ARGENTINA,1103
50,Mendoza,F,95 a 99,OTRO PAIS,ARGENTINA,13
50,Mendoza,F,95 a 99,OTRO PAIS,EXTRANJERA,79
50,Mendoza,M,0 a 4,ARGENTINA,ARGENTINA,48204
50,Mendoza,M,0 a 4,OTRO PAIS,ARGENTINA,123
50,Mendoza,M,0 a 4,OTRO PAIS,EXTRANJERA,80
50,Mendoza,M,10 a 14,ARGENTINA,ARGENTINA,84391
50,Mendoza,M,10 a 14,OTRO PAIS,ARGENTINA,274
50,Mendoza,M,10 a 14,OTRO PAIS,EXTRANJERA,845
50,Mendoza,M,100 y +,ARGENTINA,ARGENTINA,41
50,Mendoza,M,100 y +,OTRO PAIS,ARGENTINA,2
50,Mendoza,M,100 y +,OTRO PAIS,EXTRANJERA,2
50,Mendoza,M,15 a 19,ARGENTINA,ARGENTINA,81009
50,Mendoza,M,15 a 19,OTRO PAIS,ARGENTINA,492
50,Mendoza,M,15 a 19,OTRO PAIS,EXTRANJERA,1353
50,Mendoza,M,20 a 24,ARGENTINA,ARGENTINA,70473
50,Mendoza,M,20 a 24,OTRO PAIS,ARGENTINA,383
50,Mendoza,M,20 a 24,OTRO PAIS,EXTRANJERA,2041
50,Mendoza,M,25 a 29,ARGENTINA,ARGENTINA,72751
50,Mendoza,M,25 a 29,OTRO PAIS,ARGENTINA,154
50,Mendoza,M,25 a 29,OTRO PAIS,EXTRANJERA,2150
50,Mendoza,M,30 a 34,ARGENTINA,ARGENTINA,74200
50,Mendoza,M,30 a 34,OTRO PAIS,ARGENTINA,190
50,Mendoza,M,30 a 34,OTRO PAIS,EXTRANJERA,3003
50,Mendoza,M,35 a 39,ARGENTINA,ARGENTINA,70274
50,Mendoza,M,35 a 39,OTRO PAIS,ARGENTINA,140
50,Mendoza,M,35 a 39,OTRO PAIS,EXTRANJERA,3099
50,Mendoza,M,40 a 44,ARGENTINA,ARGENTINA,64857
50,Mendoza,M,40 a 44,OTRO PAIS,ARGENTINA,180
50,Mendoza,M,40 a 44,OTRO PAIS,EXTRANJERA,2971
50,Mendoza,M,45 a 49,ARGENTINA,ARGENTINA,62496
50,Mendoza,M,45 a 49,OTRO PAIS,ARGENTINA,176
50,Mendoza,M,45 a 49,OTRO PAIS,EXTRANJERA,2599
50,Mendoza,M,5 a 9,ARGENTINA,ARGENTINA,74009
50,Mendoza,M,5 a 9,OTRO PAIS,ARGENTINA,187
50,Mendoza,M,5 a 9,OTRO PAIS,EXTRANJERA,392
50,Mendoza,M,50 a 54,ARGENTINA,ARGENTINA,52015
50,Mendoza,M,50 a 54,OTRO PAIS,ARGENTINA,188
50,Mendoza,M,50 a 54,OTRO PAIS,EXTRANJERA,2560
50,Mendoza,M,55 a 59,ARGENTINA,ARGENTINA,42114
50,Mendoza,M,55 a 59,OTRO PAIS,ARGENTINA,180
50,Mendoza,M,55 a 59,OTRO PAIS,EXTRANJERA,2283
50,Mendoza,M,60 a 64,ARGENTINA,ARGENTINA,38229
50,Mendoza,M,60 a 64,OTRO PAIS,ARGENTINA,163
50,Mendoza,M,60 a 64,OTRO PAIS,EXTRANJERA,2007
50,Mendoza,M,65 a 69,ARGENTINA,ARGENTINA,33906
50,Mendoza,M,65 a 69,OTRO PAIS,ARGENTINA,188
50,Mendoza,M,65 a 69,OTRO PAIS,EXTRANJERA,1636
50,Mendoza,M,70 a 74,ARGENTINA,ARGENTINA,27959
50,Mendoza,M,70 a 74,OTRO PAIS,ARGENTINA,208
50,Mendoza,M,70 a 74,OTRO PAIS,EXTRANJERA,1563
50,Mendoza,M,75 a 79,ARGENTINA,ARGENTINA,19137
50,Mendoza,M,75 a 79,OTRO PAIS,ARGENTINA,279
50,Mendoza,M,75 a 79,OTRO PAIS,EXTRANJERA,1506
50,Mendoza,M,80 a 84,ARGENTINA,ARGENTINA,11160
50,Mendoza,M,80 a 84,OTRO PAIS,ARGENTINA,194
50,Mendoza,M,80 a 84,OTRO PAIS,EXTRANJERA,917
50,Mendoza,M,85 a 89,ARGENTINA,ARGENTINA,5023
50,Mendoza,M,85 a 89,OTRO PAIS,ARGENTINA,104
50,Mendoza,M,85 a 89,OTRO PAIS,EXTRANJERA,469
50,Mendoza,M,90 a 94,ARGENTINA,ARGENTINA,1781
50,Mendoza,M,90 a 94,OTRO PAIS,ARGENTINA,40
50,Mendoza,M,90 a 94,OTRO PAIS,EXTRANJERA,166
50,Mendoza,M,95 a 99,ARGENTINA,ARGENTINA,431
50,Mendoza,M,95 a 99,OTRO PAIS,ARGENTINA,10
50,Mendoza,M,95 a 99,OTRO PAIS,EXTRANJERA,49
50,Mendoza,X,10 a 14,ARGENTINA,ARGENTINA,1
50,Mendoza,X,15 a 19,ARGENTINA,ARGENTINA,6
50,Mendoza,X,20 a 24,ARGENTINA,ARGENTINA,13
50,Mendoza,X,25 a 29,ARGENTINA,ARGENTINA,11
50,Mendoza,X,25 a 29,OTRO PAIS,ARGENTINA,1
50,Mendoza,X,30 a 34,ARGENTINA,ARGENTINA,18
50,Mendoza,X,30 a 34,OTRO PAIS,EXTRANJERA,1
50,Mendoza,X,35 a 39,ARGENTINA,ARGENTINA,9
50,Mendoza,X,40 a 44,ARGENTINA,ARGENTINA,2
50,Mendoza,X,45 a 49,ARGENTINA,ARGENTINA,6
50,Mendoza,X,50 a 54,ARGENTINA,ARGENTINA,1
50,Mendoza,X,55 a 59,ARGENTINA,ARGENTINA,1
50,Mendoza,X,60 a 64,ARGENTINA,ARGENTINA,2
54,Misiones,F,0 a 4,ARGENTINA,ARGENTINA,42174
54,Misiones,F,0 a 4,OTRO PAIS,ARGENTINA,40
54,Misiones,F,0 a 4,OTRO PAIS,EXTRANJERA,28
54,Misiones,F,10 a 14,ARGENTINA,ARGENTINA,62735
54,Misiones,F,10 a 14,OTRO PAIS,ARGENTINA,106
54,Misiones,F,10 a 14,OTRO PAIS,EXTRANJERA,243
54,Misiones,F,100 y +,ARGENTINA,ARGENTINA,40
54,Misiones,F,100 y +,OTRO PAIS,ARGENTINA,4
54,Misiones,F,100 y +,OTRO PAIS,EXTRANJERA,12
54,Misiones,F,15 a 19,ARGENTINA,ARGENTINA,57568
54,Misiones,F,15 a 19,OTRO PAIS,ARGENTINA,127
54,Misiones,F,15 a 19,OTRO PAIS,EXTRANJERA,401
54,Misiones,F,20 a 24,ARGENTINA,ARGENTINA,56743
54,Misiones,F,20 a 24,OTRO PAIS,ARGENTINA,138
54,Misiones,F,20 a 24,OTRO PAIS,EXTRANJERA,743
54,Misiones,F,25 a 29,ARGENTINA,ARGENTINA,57559
54,Misiones,F,25 a 29,OTRO PAIS,ARGENTINA,104
54,Misiones,F,25 a 29,OTRO PAIS,EXTRANJERA,1121
54,Misiones,F,30 a 34,ARGENTINA,ARGENTINA,54679
54,Misiones,F,30 a 34,OTRO PAIS,ARGENTINA,134
54,Misiones,F,30 a 34,OTRO PAIS,EXTRANJERA,1819
54,Misiones,F,35 a 39,ARGENTINA,ARGENTINA,47247
54,Misiones,F,35 a 39,OTRO PAIS,ARGENTINA,112
54,Misiones,F,35 a 39,OTRO PAIS,EXTRANJERA,2147
54,Misiones,F,40 a 44,ARGENTINA,ARGENTINA,42169
54,Misiones,F,40 a 44,OTRO PAIS,ARGENTINA,122
54,Misiones,F,40 a 44,OTRO PAIS,EXTRANJERA,2130
54,Misiones,F,45 a 49,ARGENTINA,ARGENTINA,39047
54,Misiones,F,45 a 49,OTRO PAIS,ARGENTINA,129
54,Misiones,F,45 a 49,OTRO PAIS,EXTRANJERA,1819
54,Misiones,F,5 a 9,ARGENTINA,ARGENTINA,57866
54,Misiones,F,5 a 9,OTRO PAIS,ARGENTINA,162
54,Misiones,F,5 a 9,OTRO PAIS,EXTRANJERA,143
54,Misiones,F,50 a 54,ARGENTINA,ARGENTINA,31586
54,Misiones,F,50 a 54,OTRO PAIS,ARGENTINA,146
54,Misiones,F,50 a 54,OTRO PAIS,EXTRANJERA,1789
54,Misiones,F,55 a 59,ARGENTINA,ARGENTINA,27495
54,Misiones,F,55 a 59,OTRO PAIS,ARGENTINA,215
54,Misiones,F,55 a 59,OTRO PAIS,EXTRANJERA,1775
54,Misiones,F,60 a 64,ARGENTINA,ARGENTINA,25514
54,Misiones,F,60 a 64,OTRO PAIS,ARGENTINA,283
54,Misiones,F,60 a 64,OTRO PAIS,EXTRANJERA,1923
54,Misiones,F,65 a 69,ARGENTINA,ARGENTINA,20931
54,Misiones,F,65 a 69,OTRO PAIS,ARGENTINA,438
54,Misiones,F,65 a 69,OTRO PAIS,EXTRANJERA,2009
54,Misiones,F,70 a 74,ARGENTINA,ARGENTINA,15164
54,Misiones,F,70 a 74,OTRO PAIS,ARGENTINA,498
54,Misiones,F,70 a 74,OTRO PAIS,EXTRANJERA,2052
54,Misiones,F,75 a 79,ARGENTINA,ARGENTINA,8361
54,Misiones,F,75 a 79,OTRO PAIS,ARGENTINA,478
54,Misiones,F,75 a 79,OTRO PAIS,EXTRANJERA,1902
54,Misiones,F,80 a 84,ARGENTINA,ARGENTINA,4970
54,Misiones,F,80 a 84,OTRO PAIS,ARGENTINA,419
54,Misiones,F,80 a 84,OTRO PAIS,EXTRANJERA,1379
54,Misiones,F,85 a 89,ARGENTINA,ARGENTINA,2835
54,Misiones,F,85 a 89,OTRO PAIS,ARGENTINA,245
54,Misiones,F,85 a 89,OTRO PAIS,EXTRANJERA,773
54,Misiones,F,90 a 94,ARGENTINA,ARGENTINA,1090
54,Misiones,F,90 a 94,OTRO PAIS,ARGENTINA,101
54,Misiones,F,90 a 94,OTRO PAIS,EXTRANJERA,299
54,Misiones,F,95 a 99,ARGENTINA,ARGENTINA,307
54,Misiones,F,95 a 99,OTRO PAIS,ARGENTINA,28
54,Misiones,F,95 a 99,OTRO PAIS,EXTRANJERA,104
54,Misiones,M,0 a 4,ARGENTINA,ARGENTINA,43673
54,Misiones,M,0 a 4,OTRO PAIS,ARGENTINA,51
54,Misiones,M,0 a 4,OTRO PAIS,EXTRANJERA,35
54,Misiones,M,10 a 14,ARGENTINA,ARGENTINA,65161
54,Misiones,M,10 a 14,OTRO PAIS,ARGENTINA,103
54,Misiones,M,10 a 14,OTRO PAIS,EXTRANJERA,240
54,Misiones,M,100 y +,ARGENTINA,ARGENTINA,17
54,Misiones,M,100 y +,OTRO PAIS,ARGENTINA,1
54,Misiones,M,100 y +,OTRO PAIS,EXTRANJERA,10
54,Misiones,M,15 a 19,ARGENTINA,ARGENTINA,60010
54,Misiones,M,15 a 19,OTRO PAIS,ARGENTINA,116
54,Misiones,M,15 a 19,OTRO PAIS,EXTRANJERA,394
54,Misiones,M,20 a 24,ARGENTINA,ARGENTINA,56874
54,Misiones,M,20 a 24,OTRO PAIS,ARGENTINA,162
54,Misiones,M,20 a 24,OTRO PAIS,EXTRANJERA,580
54,Misiones,M,25 a 29,ARGENTINA,ARGENTINA,56041
54,Misiones,M,25 a 29,OTRO PAIS,ARGENTINA,104
54,Misiones,M,25 a 29,OTRO PAIS,EXTRANJERA,816
54,Misiones,M,30 a 34,ARGENTINA,ARGENTINA,52508
54,Misiones,M,30 a 34,OTRO PAIS,ARGENTINA,109
54,Misiones,M,30 a 34,OTRO PAIS,EXTRANJERA,1349
54,Misiones,M,35 a 39,ARGENTINA,ARGENTINA,46775
54,Misiones,M,35 a 39,OTRO PAIS,ARGENTINA,86
54,Misiones,M,35 a 39,OTRO PAIS,EXTRANJERA,1652
54,Misiones,M,40 a 44,ARGENTINA,ARGENTINA,42325
54,Misiones,M,40 a 44,OTRO PAIS,ARGENTINA,96
54,Misiones,M,40 a 44,OTRO PAIS,EXTRANJERA,1752
54,Misiones,M,45 a 49,ARGENTINA,ARGENTINA,38710
54,Misiones,M,45 a 49,OTRO PAIS,ARGENTINA,82
54,Misiones,M,45 a 49,OTRO PAIS,EXTRANJERA,1510
54,Misiones,M,5 a 9,ARGENTINA,ARGENTINA,60328
54,Misiones,M,5 a 9,OTRO PAIS,ARGENTINA,153
54,Misiones,M,5 a 9,OTRO PAIS,EXTRANJERA,111
54,Misiones,M,50 a 54,ARGENTINA,ARGENTINA,31777
54,Misiones,M,50 a 54,OTRO PAIS,ARGENTINA,91
54,Misiones,M,50 a 54,OTRO PAIS,EXTRANJERA,1365
54,Misiones,M,55 a 59,ARGENTINA,ARGENTINA,26425
54,Misiones,M,55 a 59,OTRO PAIS,ARGENTINA,154
54,Misiones,M,55 a 59,OTRO PAIS,EXTRANJERA,1525
54,Misiones,M,60 a 64,ARGENTINA,ARGENTINA,24904
54,Misiones,M,60 a 64,OTRO PAIS,ARGENTINA,192
54,Misiones,M,60 a 64,OTRO PAIS,EXTRANJERA,1580
54,Misiones,M,65 a 69,ARGENTINA,ARGENTINA,20422
54,Misiones,M,65 a 69,OTRO PAIS,ARGENTINA,319
54,Misiones,M,65 a 69,OTRO PAIS,EXTRANJERA,1650
54,Misiones,M,70 a 74,ARGENTINA,ARGENTINA,13799
54,Misiones,M,70 a 74,OTRO PAIS,ARGENTINA,390
54,Misiones,M,70 a 74,OTRO PAIS,EXTRANJERA,1945
54,Misiones,M,75 a 79,ARGENTINA,ARGENTINA,7064
54,Misiones,M,75 a 79,OTRO PAIS,ARGENTINA,353
54,Misiones,M,75 a 79,OTRO PAIS,EXTRANJERA,1835
54,Misiones,M,80 a 84,ARGENTINA,ARGENTINA,3602
54,Misiones,M,80 a 84,OTRO PAIS,ARGENTINA,280
54,Misiones,M,80 a 84,OTRO PAIS,EXTRANJERA,1372
54,Misiones,M,85 a 89,ARGENTINA,ARGENTINA,1606
54,Misiones,M,85 a 89,OTRO PAIS,ARGENTINA,151
54,Misiones,M,85 a 89,OTRO PAIS,EXTRANJERA,698
54,Misiones,M,90 a 94,ARGENTINA,ARGENTINA,523
54,Misiones,M,90 a 94,OTRO PAIS,ARGENTINA,55
54,Misiones,M,90 a 94,OTRO PAIS,EXTRANJERA,243
54,Misiones,M,95 a 99,ARGENTINA,ARGENTINA,143
54,Misiones,M,95 a 99,OTRO PAIS,ARGENTINA,16
54,Misiones,M,95 a 99,OTRO PAIS,EXTRANJERA,95
54,Misiones,X,15 a 19,ARGENTINA,ARGENTINA,3
54,Misiones,X,20 a 24,ARGENTINA,ARGENTINA,4
54,Misiones,X,25 a 29,ARGENTINA,ARGENTINA,3
54,Misiones,X,30 a 34,ARGENTINA,ARGENTINA,5
54,Misiones,X,35 a 39,ARGENTINA,ARGENTINA,5
54,Misiones,X,40 a 44,ARGENTINA,ARGENTINA,2
54,Misiones,X,60 a 64,ARGENTINA,ARGENTINA,2
58,Neuquén,F,0 a 4,ARGENTINA,ARGENTINA,16678
58,Neuquén,F,0 a 4,OTRO PAIS,ARGENTINA,19
58,Neuquén,F,0 a 4,OTRO PAIS,EXTRANJERA,33
58,Neuquén,F,10 a 14,ARGENTINA,ARGENTINA,29707
58,Neuquén,F,10 a 14,OTRO PAIS,ARGENTINA,79
58,Neuquén,F,10 a 14,OTRO PAIS,EXTRANJERA,404
58,Neuquén,F,100 y +,ARGENTINA,ARGENTINA,36
58,Neuquén,F,100 y +,OTRO PAIS,ARGENTINA,3
58,Neuquén,F,100 y +,OTRO PAIS,EXTRANJERA,5
58,Neuquén,F,15 a 19,ARGENTINA,ARGENTINA,28614
58,Neuquén,F,15 a 19,OTRO PAIS,ARGENTINA,86
58,Neuquén,F,15 a 19,OTRO PAIS,EXTRANJERA,497
58,Neuquén,F,20 a 24,ARGENTINA,ARGENTINA,26273
58,Neuquén,F,20 a 24,OTRO PAIS,ARGENTINA,84
58,Neuquén,F,20 a 24,OTRO PAIS,EXTRANJERA,664
58,Neuquén,F,25 a 29,ARGENTINA,ARGENTINA,29315
58,Neuquén,F,25 a 29,OTRO PAIS,ARGENTINA,69
58,Neuquén,F,25 a 29,OTRO PAIS,EXTRANJERA,862
58,Neuquén,F,30 a 34,ARGENTINA,ARGENTINA,31717
58,Neuquén,F,30 a 34,OTRO PAIS,ARGENTINA,94
58,Neuquén,F,30 a 34,OTRO PAIS,EXTRANJERA,1241
58,Neuquén,F,35 a 39,ARGENTINA,ARGENTINA,29650
58,Neuquén,F,35 a 39,OTRO PAIS,ARGENTINA,142
58,Neuquén,F,35 a 39,OTRO PAIS,EXTRANJERA,1437
58,Neuquén,F,40 a 44,ARGENTINA,ARGENTINA,26952
58,Neuquén,F,40 a 44,OTRO PAIS,ARGENTINA,256
58,Neuquén,F,40 a 44,OTRO PAIS,EXTRANJERA,1641
58,Neuquén,F,45 a 49,ARGENTINA,ARGENTINA,25787
58,Neuquén,F,45 a 49,OTRO PAIS,ARGENTINA,222
58,Neuquén,F,45 a 49,OTRO PAIS,EXTRANJERA,1411
58,Neuquén,F,5 a 9,ARGENTINA,ARGENTINA,26206
58,Neuquén,F,5 a 9,OTRO PAIS,ARGENTINA,36
58,Neuquén,F,5 a 9,OTRO PAIS,EXTRANJERA,219
58,Neuquén,F,50 a 54,ARGENTINA,ARGENTINA,20925
58,Neuquén,F,50 a 54,OTRO PAIS,ARGENTINA,376
58,Neuquén,F,50 a 54,OTRO PAIS,EXTRANJERA,1680
58,Neuquén,F,55 a 59,ARGENTINA,ARGENTINA,16638
58,Neuquén,F,55 a 59,OTRO PAIS,ARGENTINA,355
58,Neuquén,F,55 a 59,OTRO PAIS,EXTRANJERA,1925
58,Neuquén,F,60 a 64,ARGENTINA,ARGENTINA,14524
58,Neuquén,F,60 a 64,OTRO PAIS,ARGENTINA,310
58,Neuquén,F,60 a 64,OTRO PAIS,EXTRANJERA,2135
58,Neuquén,F,65 a 69,ARGENTINA,ARGENTINA,11838
58,Neuquén,F,65 a 69,OTRO PAIS,ARGENTINA,345
58,Neuquén,F,65 a 69,OTRO PAIS,EXTRANJERA,1880
58,Neuquén,F,70 a 74,ARGENTINA,ARGENTINA,9338
58,Neuquén,F,70 a 74,OTRO PAIS,ARGENTINA,351
58,Neuquén,F,70 a 74,OTRO PAIS,EXTRANJERA,1563
58,Neuquén,F,75 a 79,ARGENTINA,ARGENTINA,6382
58,Neuquén,F,75 a 79,OTRO PAIS,ARGENTINA,342
58,Neuquén,F,75 a 79,OTRO PAIS,EXTRANJERA,1122
58,Neuquén,F,80 a 84,ARGENTINA,ARGENTINA,3980
58,Neuquén,F,80 a 84,OTRO PAIS,ARGENTINA,198
58,Neuquén,F,80 a 84,OTRO PAIS,EXTRANJERA,657
58,Neuquén,F,85 a 89,ARGENTINA,ARGENTINA,2120
58,Neuquén,F,85 a 89,OTRO PAIS,ARGENTINA,104
58,Neuquén,F,85 a 89,OTRO PAIS,EXTRANJERA,367
58,Neuquén,F,90 a 94,ARGENTINA,ARGENTINA,971
58,Neuquén,F,90 a 94,OTRO PAIS,ARGENTINA,39
58,Neuquén,F,90 a 94,OTRO PAIS,EXTRANJERA,148
58,Neuquén,F,95 a 99,ARGENTINA,ARGENTINA,262
58,Neuquén,F,95 a 99,OTRO PAIS,ARGENTINA,7
58,Neuquén,F,95 a 99,OTRO PAIS,EXTRANJERA,47
58,Neuquén,M,0 a 4,ARGENTINA,ARGENTINA,17214
58,Neuquén,M,0 a 4,OTRO PAIS,ARGENTINA,24
58,Neuquén,M,0 a 4,OTRO PAIS,EXTRANJERA,36
58,Neuquén,M,10 a 14,ARGENTINA,ARGENTINA,30338
58,Neuquén,M,10 a 14,OTRO PAIS,ARGENTINA,52
58,Neuquén,M,10 a 14,OTRO PAIS,EXTRANJERA,419
58,Neuquén,M,100 y +,ARGENTINA,ARGENTINA,10
58,Neuquén,M,100 y +,OTRO PAIS,EXTRANJERA,4
58,Neuquén,M,15 a 19,ARGENTINA,ARGENTINA,30041
58,Neuquén,M,15 a 19,OTRO PAIS,ARGENTINA,88
58,Neuquén,M,15 a 19,OTRO PAIS,EXTRANJERA,524
58,Neuquén,M,20 a 24,ARGENTINA,ARGENTINA,27900
58,Neuquén,M,20 a 24,OTRO PAIS,ARGENTINA,57
58,Neuquén,M,20 a 24,OTRO PAIS,EXTRANJERA,798
58,Neuquén,M,25 a 29,ARGENTINA,ARGENTINA,31910
58,Neuquén,M,25 a 29,OTRO PAIS,ARGENTINA,67
58,Neuquén,M,25 a 29,OTRO PAIS,EXTRANJERA,952
58,Neuquén,M,30 a 34,ARGENTINA,ARGENTINA,33552
58,Neuquén,M,30 a 34,OTRO PAIS,ARGENTINA,90
58,Neuquén,M,30 a 34,OTRO PAIS,EXTRANJERA,1348
58,Neuquén,M,35 a 39,ARGENTINA,ARGENTINA,31643
58,Neuquén,M,35 a 39,OTRO PAIS,ARGENTINA,94
58,Neuquén,M,35 a 39,OTRO PAIS,EXTRANJERA,1677
58,Neuquén,M,40 a 44,ARGENTINA,ARGENTINA,28280
58,Neuquén,M,40 a 44,OTRO PAIS,ARGENTINA,196
58,Neuquén,M,40 a 44,OTRO PAIS,EXTRANJERA,1787
58,Neuquén,M,45 a 49,ARGENTINA,ARGENTINA,26988
58,Neuquén,M,45 a 49,OTRO PAIS,ARGENTINA,164
58,Neuquén,M,45 a 49,OTRO PAIS,EXTRANJERA,1440
58,Neuquén,M,5 a 9,ARGENTINA,ARGENTINA,26649
58,Neuquén,M,5 a 9,OTRO PAIS,ARGENTINA,42
58,Neuquén,M,5 a 9,OTRO PAIS,EXTRANJERA,228
58,Neuquén,M,50 a 54,ARGENTINA,ARGENTINA,21265
58,Neuquén,M,50 a 54,OTRO PAIS,ARGENTINA,279
58,Neuquén,M,50 a 54,OTRO PAIS,EXTRANJERA,1599
58,Neuquén,M,55 a 59,ARGENTINA,ARGENTINA,16210
58,Neuquén,M,55 a 59,OTRO PAIS,ARGENTINA,308
58,Neuquén,M,55 a 59,OTRO PAIS,EXTRANJERA,1644
58,Neuquén,M,60 a 64,ARGENTINA,ARGENTINA,14007
58,Neuquén,M,60 a 64,OTRO PAIS,ARGENTINA,223
58,Neuquén,M,60 a 64,OTRO PAIS,EXTRANJERA,1793
58,Neuquén,M,65 a 69,ARGENTINA,ARGENTINA,11159
58,Neuquén,M,65 a 69,OTRO PAIS,ARGENTINA,276
58,Neuquén,M,65 a 69,OTRO PAIS,EXTRANJERA,1470
58,Neuquén,M,70 a 74,ARGENTINA,ARGENTINA,8094
58,Neuquén,M,70 a 74,OTRO PAIS,ARGENTINA,305
58,Neuquén,M,70 a 74,OTRO PAIS,EXTRANJERA,1371
58,Neuquén,M,75 a 79,ARGENTINA,ARGENTINA,5078
58,Neuquén,M,75 a 79,OTRO PAIS,ARGENTINA,266
58,Neuquén,M,75 a 79,OTRO PAIS,EXTRANJERA,1031
58,Neuquén,M,80 a 84,ARGENTINA,ARGENTINA,2643
58,Neuquén,M,80 a 84,OTRO PAIS,ARGENTINA,183
58,Neuquén,M,80 a 84,OTRO PAIS,EXTRANJERA,598
58,Neuquén,M,85 a 89,ARGENTINA,ARGENTINA,1237
58,Neuquén,M,85 a 89,OTRO PAIS,ARGENTINA,80
58,Neuquén,M,85 a 89,OTRO PAIS,EXTRANJERA,245
58,Neuquén,M,90 a 94,ARGENTINA,ARGENTINA,385
58,Neuquén,M,90 a 94,OTRO PAIS,ARGENTINA,24
58,Neuquén,M,90 a 94,OTRO PAIS,EXTRANJERA,99
58,Neuquén,M,95 a 99,ARGENTINA,ARGENTINA,92
58,Neuquén,M,95 a 99,OTRO PAIS,ARGENTINA,8
58,Neuquén,M,95 a 99,OTRO PAIS,EXTRANJERA,23
58,Neuquén,X,15 a 19,ARGENTINA,ARGENTINA,14
58,Neuquén,X,15 a 19,OTRO PAIS,EXTRANJERA,1
58,Neuquén,X,20 a 24,ARGENTINA,ARGENTINA,15
58,Neuquén,X,25 a 29,ARGENTINA,ARGENTINA,17
58,Neuquén,X,30 a 34,ARGENTINA,ARGENTINA,14
58,Neuquén,X,35 a 39,ARGENTINA,ARGENTINA,5
58,Neuquén,X,40 a 44,ARGENTINA,ARGENTINA,2
58,Neuquén,X,40 a 44,OTRO PAIS,ARGENTINA,1
58,Neuquén,X,45 a 49,ARGENTINA,ARGENTINA,4
58,Neuquén,X,50 a 54,ARGENTINA,ARGENTINA,2
58,Neuquén,X,55 a 59,ARGENTINA,ARGENTINA,1
62,Río Negro,F,0 a 4,ARGENTINA,ARGENTINA,16994
62,Río Negro,F,0 a 4,OTRO PAIS,ARGENTINA,47
62,Río Negro,F,0 a 4,OTRO PAIS,EXTRANJERA,25
62,Río Negro,F,10 a 14,ARGENTINA,ARGENTINA,31066
62,Río Negro,F,10 a 14,OTRO PAIS,ARGENTINA,91
62,Río Negro,F,10 a 14,OTRO PAIS,EXTRANJERA,289
62,Río Negro,F,100 y +,ARGENTINA,ARGENTINA,60
62,Río Negro,F,100 y +,OTRO PAIS,ARGENTINA,3
62,Río Negro,F,100 y +,OTRO PAIS,EXTRANJERA,15
62,Río Negro,F,15 a 19,ARGENTINA,ARGENTINA,29102
62,Río Negro,F,15 a 19,OTRO PAIS,ARGENTINA,86
62,Río Negro,F,15 a 19,OTRO PAIS,EXTRANJERA,386
62,Río Negro,F,20 a 24,ARGENTINA,ARGENTINA,27709
62,Río Negro,F,20 a 24,OTRO PAIS,ARGENTINA,95
62,Río Negro,F,20 a 24,OTRO PAIS,EXTRANJERA,621
62,Río Negro,F,25 a 29,ARGENTINA,ARGENTINA,29797
62,Río Negro,F,25 a 29,OTRO PAIS,ARGENTINA,77
62,Río Negro,F,25 a 29,OTRO PAIS,EXTRANJERA,861
62,Río Negro,F,30 a 34,ARGENTINA,ARGENTINA,31539
62,Río Negro,F,30 a 34,OTRO PAIS,ARGENTINA,85
62,Río Negro,F,30 a 34,OTRO PAIS,EXTRANJERA,1088
62,Río Negro,F,35 a 39,ARGENTINA,ARGENTINA,30590
62,Río Negro,F,35 a 39,OTRO PAIS,ARGENTINA,133
62,Río Negro,F,35 a 39,OTRO PAIS,EXTRANJERA,1158
62,Río Negro,F,40 a 44,ARGENTINA,ARGENTINA,28425
62,Río Negro,F,40 a 44,OTRO PAIS,ARGENTINA,242
62,Río Negro,F,40 a 44,OTRO PAIS,EXTRANJERA,1479
62,Río Negro,F,45 a 49,ARGENTINA,ARGENTINA,27241
62,Río Negro,F,45 a 49,OTRO PAIS,ARGENTINA,195
62,Río Negro,F,45 a 49,OTRO PAIS,EXTRANJERA,1345
62,Río Negro,F,5 a 9,ARGENTINA,ARGENTINA,27133
62,Río Negro,F,5 a 9,OTRO PAIS,ARGENTINA,53
62,Río Negro,F,5 a 9,OTRO PAIS,EXTRANJERA,165
62,Río Negro,F,50 a 54,ARGENTINA,ARGENTINA,21563
62,Río Negro,F,50 a 54,OTRO PAIS,ARGENTINA,351
62,Río Negro,F,50 a 54,OTRO PAIS,EXTRANJERA,1845
62,Río Negro,F,55 a 59,ARGENTINA,ARGENTINA,17768
62,Río Negro,F,55 a 59,OTRO PAIS,ARGENTINA,317
62,Río Negro,F,55 a 59,OTRO PAIS,EXTRANJERA,2158
62,Río Negro,F,60 a 64,ARGENTINA,ARGENTINA,16549
62,Río Negro,F,60 a 64,OTRO PAIS,ARGENTINA,319
62,Río Negro,F,60 a 64,OTRO PAIS,EXTRANJERA,2333
62,Río Negro,F,65 a 69,ARGENTINA,ARGENTINA,13730
62,Río Negro,F,65 a 69,OTRO PAIS,ARGENTINA,374
62,Río Negro,F,65 a 69,OTRO PAIS,EXTRANJERA,2286
62,Río Negro,F,70 a 74,ARGENTINA,ARGENTINA,11189
62,Río Negro,F,70 a 74,OTRO PAIS,ARGENTINA,433
62,Río Negro,F,70 a 74,OTRO PAIS,EXTRANJERA,2094
62,Río Negro,F,75 a 79,ARGENTINA,ARGENTINA,8084
62,Río Negro,F,75 a 79,OTRO PAIS,ARGENTINA,472
62,Río Negro,F,75 a 79,OTRO PAIS,EXTRANJERA,1648
62,Río Negro,F,80 a 84,ARGENTINA,ARGENTINA,5499
62,Río Negro,F,80 a 84,OTRO PAIS,ARGENTINA,279
62,Río Negro,F,80 a 84,OTRO PAIS,EXTRANJERA,1029
62,Río Negro,F,85 a 89,ARGENTINA,ARGENTINA,3104
62,Río Negro,F,85 a 89,OTRO PAIS,ARGENTINA,135
62,Río Negro,F,85 a 89,OTRO PAIS,EXTRANJERA,563
62,Río Negro,F,90 a 94,ARGENTINA,ARGENTINA,1406
62,Río Negro,F,90 a 94,OTRO PAIS,ARGENTINA,63
62,Río Negro,F,90 a 94,OTRO PAIS,EXTRANJERA,263
62,Río Negro,F,95 a 99,ARGENTINA,ARGENTINA,364
62,Río Negro,F,95 a 99,OTRO PAIS,ARGENTINA,14
62,Río Negro,F,95 a 99,OTRO PAIS,EXTRANJERA,81
62,Río Negro,M,0 a 4,ARGENTINA,ARGENTINA,17602
62,Río Negro,M,0 a 4,OTRO PAIS,ARGENTINA,31
62,Río Negro,M,0 a 4,OTRO PAIS,EXTRANJERA,39
62,Río Negro,M,10 a 14,ARGENTINA,ARGENTINA,32018
62,Río Negro,M,10 a 14,OTRO PAIS,ARGENTINA,83
62,Río Negro,M,10 a 14,OTRO PAIS,EXTRANJERA,311
62,Río Negro,M,100 y +,ARGENTINA,ARGENTINA,21
62,Río Negro,M,100 y +,OTRO PAIS,EXTRANJERA,6
62,Río Negro,M,15 a 19,ARGENTINA,ARGENTINA,30671
62,Río Negro,M,15 a 19,OTRO PAIS,ARGENTINA,102
62,Río Negro,M,15 a 19,OTRO PAIS,EXTRANJERA,422
62,Río Negro,M,20 a 24,ARGENTINA,ARGENTINA,29291
62,Río Negro,M,20 a 24,OTRO PAIS,ARGENTINA,93
62,Río Negro,M,20 a 24,OTRO PAIS,EXTRANJERA,705
62,Río Negro,M,25 a 29,ARGENTINA,ARGENTINA,31062
62,Río Negro,M,25 a 29,OTRO PAIS,ARGENTINA,67
62,Río Negro,M,25 a 29,OTRO PAIS,EXTRANJERA,939
62,Río Negro,M,30 a 34,ARGENTINA,ARGENTINA,32266
62,Río Negro,M,30 a 34,OTRO PAIS,ARGENTINA,73
62,Río Negro,M,30 a 34,OTRO PAIS,EXTRANJERA,1200
62,Río Negro,M,35 a 39,ARGENTINA,ARGENTINA,30843
62,Río Negro,M,35 a 39,OTRO PAIS,ARGENTINA,98
62,Río Negro,M,35 a 39,OTRO PAIS,EXTRANJERA,1303
62,Río Negro,M,40 a 44,ARGENTINA,ARGENTINA,28598
62,Río Negro,M,40 a 44,OTRO PAIS,ARGENTINA,190
62,Río Negro,M,40 a 44,OTRO PAIS,EXTRANJERA,1584
62,Río Negro,M,45 a 49,ARGENTINA,ARGENTINA,27173
62,Río Negro,M,45 a 49,OTRO PAIS,ARGENTINA,139
62,Río Negro,M,45 a 49,OTRO PAIS,EXTRANJERA,1355
62,Río Negro,M,5 a 9,ARGENTINA,ARGENTINA,28091
62,Río Negro,M,5 a 9,OTRO PAIS,ARGENTINA,62
62,Río Negro,M,5 a 9,OTRO PAIS,EXTRANJERA,180
62,Río Negro,M,50 a 54,ARGENTINA,ARGENTINA,21963
62,Río Negro,M,50 a 54,OTRO PAIS,ARGENTINA,231
62,Río Negro,M,50 a 54,OTRO PAIS,EXTRANJERA,1705
62,Río Negro,M,55 a 59,ARGENTINA,ARGENTINA,17462
62,Río Negro,M,55 a 59,OTRO PAIS,ARGENTINA,253
62,Río Negro,M,55 a 59,OTRO PAIS,EXTRANJERA,1889
62,Río Negro,M,60 a 64,ARGENTINA,ARGENTINA,15794
62,Río Negro,M,60 a 64,OTRO PAIS,ARGENTINA,246
62,Río Negro,M,60 a 64,OTRO PAIS,EXTRANJERA,2083
62,Río Negro,M,65 a 69,ARGENTINA,ARGENTINA,12910
62,Río Negro,M,65 a 69,OTRO PAIS,ARGENTINA,345
62,Río Negro,M,65 a 69,OTRO PAIS,EXTRANJERA,1970
62,Río Negro,M,70 a 74,ARGENTINA,ARGENTINA,9902
62,Río Negro,M,70 a 74,OTRO PAIS,ARGENTINA,368
62,Río Negro,M,70 a 74,OTRO PAIS,EXTRANJERA,1848
62,Río Negro,M,75 a 79,ARGENTINA,ARGENTINA,6393
62,Río Negro,M,75 a 79,OTRO PAIS,ARGENTINA,360
62,Río Negro,M,75 a 79,OTRO PAIS,EXTRANJERA,1575
62,Río Negro,M,80 a 84,ARGENTINA,ARGENTINA,3668
62,Río Negro,M,80 a 84,OTRO PAIS,ARGENTINA,227
62,Río Negro,M,80 a 84,OTRO PAIS,EXTRANJERA,910
62,Río Negro,M,85 a 89,ARGENTINA,ARGENTINA,1657
62,Río Negro,M,85 a 89,OTRO PAIS,ARGENTINA,131
62,Río Negro,M,85 a 89,OTRO PAIS,EXTRANJERA,450
62,Río Negro,M,90 a 94,ARGENTINA,ARGENTINA,566
62,Río Negro,M,90 a 94,OTRO PAIS,ARGENTINA,38
62,Río Negro,M,90 a 94,OTRO PAIS,EXTRANJERA,173
62,Río Negro,M,95 a 99,ARGENTINA,ARGENTINA,122
62,Río Negro,M,95 a 99,OTRO PAIS,ARGENTINA,9
62,Río Negro,M,95 a 99,OTRO PAIS,EXTRANJERA,37
62,Río Negro,X,10 a 14,ARGENTINA,ARGENTINA,1
62,Río Negro,X,15 a 19,ARGENTINA,ARGENTINA,10
62,Río Negro,X,20 a 24,ARGENTINA,ARGENTINA,5
62,Río Negro,X,25 a 29,ARGENTINA,ARGENTINA,10
62,Río Negro,X,30 a 34,ARGENTINA,ARGENTINA,3
62,Río Negro,X,35 a 39,ARGENTINA,ARGENTINA,3
62,Río Negro,X,45 a 49,ARGENTINA,ARGENTINA,3
62,Río Negro,X,50 a 54,ARGENTINA,ARGENTINA,1
62,Río Negro,X,55 a 59,ARGENTINA,ARGENTINA,1
62,Río Negro,X,60 a 64,ARGENTINA,ARGENTINA,4
66,Salta,F,0 a 4,ARGENTINA,ARGENTINA,38610
66,Salta,F,0 a 4,OTRO PAIS,ARGENTINA,38
66,Salta,F,0 a 4,OTRO PAIS,EXTRANJERA,31
66,Salta,F,10 a 14,ARGENTINA,ARGENTINA,65183
66,Salta,F,10 a 14,OTRO PAIS,ARGENTINA,94
66,Salta,F,10 a 14,OTRO PAIS,EXTRANJERA,373
66,Salta,F,100 y +,ARGENTINA,ARGENTINA,106
66,Salta,F,100 y +,OTRO PAIS,ARGENTINA,1
66,Salta,F,100 y +,OTRO PAIS,EXTRANJERA,9
66,Salta,F,15 a 19,ARGENTINA,ARGENTINA,60809
66,Salta,F,15 a 19,OTRO PAIS,ARGENTINA,113
66,Salta,F,15 a 19,OTRO PAIS,EXTRANJERA,438
66,Salta,F,20 a 24,ARGENTINA,ARGENTINA,60231
66,Salta,F,20 a 24,OTRO PAIS,ARGENTINA,83
66,Salta,F,20 a 24,OTRO PAIS,EXTRANJERA,708
66,Salta,F,25 a 29,ARGENTINA,ARGENTINA,59578
66,Salta,F,25 a 29,OTRO PAIS,ARGENTINA,63
66,Salta,F,25 a 29,OTRO PAIS,EXTRANJERA,1019
66,Salta,F,30 a 34,ARGENTINA,ARGENTINA,58470
66,Salta,F,30 a 34,OTRO PAIS,ARGENTINA,68
66,Salta,F,30 a 34,OTRO PAIS,EXTRANJERA,1244
66,Salta,F,35 a 39,ARGENTINA,ARGENTINA,50313
66,Salta,F,35 a 39,OTRO PAIS,ARGENTINA,73
66,Salta,F,35 a 39,OTRO PAIS,EXTRANJERA,1527
66,Salta,F,40 a 44,ARGENTINA,ARGENTINA,47354
66,Salta,F,40 a 44,OTRO PAIS,ARGENTINA,116
66,Salta,F,40 a 44,OTRO PAIS,EXTRANJERA,1648
66,Salta,F,45 a 49,ARGENTINA,ARGENTINA,44914
66,Salta,F,45 a 49,OTRO PAIS,ARGENTINA,121
66,Salta,F,45 a 49,OTRO PAIS,EXTRANJERA,1777
66,Salta,F,5 a 9,ARGENTINA,ARGENTINA,58433
66,Salta,F,5 a 9,OTRO PAIS,ARGENTINA,86
66,Salta,F,5 a 9,OTRO PAIS,EXTRANJERA,201
66,Salta,F,50 a 54,ARGENTINA,ARGENTINA,36738
66,Salta,F,50 a 54,OTRO PAIS,ARGENTINA,117
66,Salta,F,50 a 54,OTRO PAIS,EXTRANJERA,1653
66,Salta,F,55 a 59,ARGENTINA,ARGENTINA,30190
66,Salta,F,55 a 59,OTRO PAIS,ARGENTINA,160
66,Salta,F,55 a 59,OTRO PAIS,EXTRANJERA,1519
66,Salta,F,60 a 64,ARGENTINA,ARGENTINA,26532
66,Salta,F,60 a 64,OTRO PAIS,ARGENTINA,171
66,Salta,F,60 a 64,OTRO PAIS,EXTRANJERA,1542
66,Salta,F,65 a 69,ARGENTINA,ARGENTINA,22628
66,Salta,F,65 a 69,OTRO PAIS,ARGENTINA,198
66,Salta,F,65 a 69,OTRO PAIS,EXTRANJERA,1268
66,Salta,F,70 a 74,ARGENTINA,ARGENTINA,18989
66,Salta,F,70 a 74,OTRO PAIS,ARGENTINA,235
66,Salta,F,70 a 74,OTRO PAIS,EXTRANJERA,1058
66,Salta,F,75 a 79,ARGENTINA,ARGENTINA,13197
66,Salta,F,75 a 79,OTRO PAIS,ARGENTINA,251
66,Salta,F,75 a 79,OTRO PAIS,EXTRANJERA,875
66,Salta,F,80 a 84,ARGENTINA,ARGENTINA,8509
66,Salta,F,80 a 84,OTRO PAIS,ARGENTINA,154
66,Salta,F,80 a 84,OTRO PAIS,EXTRANJERA,581
66,Salta,F,85 a 89,ARGENTINA,ARGENTINA,4758
66,Salta,F,85 a 89,OTRO PAIS,ARGENTINA,82
66,Salta,F,85 a 89,OTRO PAIS,EXTRANJERA,297
66,Salta,F,90 a 94,ARGENTINA,ARGENTINA,2000
66,Salta,F,90 a 94,OTRO PAIS,ARGENTINA,44
66,Salta,F,90 a 94,OTRO PAIS,EXTRANJERA,118
66,Salta,F,95 a 99,ARGENTINA,ARGENTINA,557
66,Salta,F,95 a 99,OTRO PAIS,ARGENTINA,14
66,Salta,F,95 a 99,OTRO PAIS,EXTRANJERA,57
66,Salta,M,0 a 4,ARGENTINA,ARGENTINA,39959
66,Salta,M,0 a 4,OTRO PAIS,ARGENTINA,45
66,Salta,M,0 a 4,OTRO PAIS,EXTRANJERA,48
66,Salta,M,10 a 14,ARGENTINA,ARGENTINA,66743
66,Salta,M,10 a 14,OTRO PAIS,ARGENTINA,108
66,Salta,M,10 a 14,OTRO PAIS,EXTRANJERA,393
66,Salta,M,100 y +,ARGENTINA,ARGENTINA,35
66,Salta,M,100 y +,OTRO PAIS,EXTRANJERA,4
66,Salta,M,15 a 19,ARGENTINA,ARGENTINA,62935
66,Salta,M,15 a 19,OTRO PAIS,ARGENTINA,127
66,Salta,M,15 a 19,OTRO PAIS,EXTRANJERA,536
66,Salta,M,20 a 24,ARGENTINA,ARGENTINA,61954
66,Salta,M,20 a 24,OTRO PAIS,ARGENTINA,94
66,Salta,M,20 a 24,OTRO PAIS,EXTRANJERA,729
66,Salta,M,25 a 29,ARGENTINA,ARGENTINA,60468
66,Salta,M,25 a 29,OTRO PAIS,ARGENTINA,65
66,Salta,M,25 a 29,OTRO PAIS,EXTRANJERA,964
66,Salta,M,30 a 34,ARGENTINA,ARGENTINA,57826
66,Salta,M,30 a 34,OTRO PAIS,ARGENTINA,74
66,Salta,M,30 a 34,OTRO PAIS,EXTRANJERA,1408
66,Salta,M,35 a 39,ARGENTINA,ARGENTINA,49808
66,Salta,M,35 a 39,OTRO PAIS,ARGENTINA,79
66,Salta,M,35 a 39,OTRO PAIS,EXTRANJERA,1504
66,Salta,M,40 a 44,ARGENTINA,ARGENTINA,46448
66,Salta,M,40 a 44,OTRO PAIS,ARGENTINA,94
66,Salta,M,40 a 44,OTRO PAIS,EXTRANJERA,1577
66,Salta,M,45 a 49,ARGENTINA,ARGENTINA,43785
66,Salta,M,45 a 49,OTRO PAIS,ARGENTINA,109
66,Salta,M,45 a 49,OTRO PAIS,EXTRANJERA,1509
66,Salta,M,5 a 9,ARGENTINA,ARGENTINA,59891
66,Salta,M,5 a 9,OTRO PAIS,ARGENTINA,112
66,Salta,M,5 a 9,OTRO PAIS,EXTRANJERA,237
66,Salta,M,50 a 54,ARGENTINA,ARGENTINA,35662
66,Salta,M,50 a 54,OTRO PAIS,ARGENTINA,108
66,Salta,M,50 a 54,OTRO PAIS,EXTRANJERA,1435
66,Salta,M,55 a 59,ARGENTINA,ARGENTINA,29348
66,Salta,M,55 a 59,OTRO PAIS,ARGENTINA,120
66,Salta,M,55 a 59,OTRO PAIS,EXTRANJERA,1293
66,Salta,M,60 a 64,ARGENTINA,ARGENTINA,25555
66,Salta,M,60 a 64,OTRO PAIS,ARGENTINA,130
66,Salta,M,60 a 64,OTRO PAIS,EXTRANJERA,1245
66,Salta,M,65 a 69,ARGENTINA,ARGENTINA,21022
66,Salta,M,65 a 69,OTRO PAIS,ARGENTINA,150
66,Salta,M,65 a 69,OTRO PAIS,EXTRANJERA,1054
66,Salta,M,70 a 74,ARGENTINA,ARGENTINA,16357
66,Salta,M,70 a 74,OTRO PAIS,ARGENTINA,221
66,Salta,M,70 a 74,OTRO PAIS,EXTRANJERA,951
66,Salta,M,75 a 79,ARGENTINA,ARGENTINA,10097
66,Salta,M,75 a 79,OTRO PAIS,ARGENTINA,203
66,Salta,M,75 a 79,OTRO PAIS,EXTRANJERA,862
66,Salta,M,80 a 84,ARGENTINA,ARGENTINA,5691
66,Salta,M,80 a 84,OTRO PAIS,ARGENTINA,153
66,Salta,M,80 a 84,OTRO PAIS,EXTRANJERA,529
66,Salta,M,85 a 89,ARGENTINA,ARGENTINA,2695
66,Salta,M,85 a 89,OTRO PAIS,ARGENTINA,77
66,Salta,M,85 a 89,OTRO PAIS,EXTRANJERA,292
66,Salta,M,90 a 94,ARGENTINA,ARGENTINA,988
66,Salta,M,90 a 94,OTRO PAIS,ARGENTINA,28
66,Salta,M,90 a 94,OTRO PAIS,EXTRANJERA,106
66,Salta,M,95 a 99,ARGENTINA,ARGENTINA,246
66,Salta,M,95 a 99,OTRO PAIS,ARGENTINA,3
66,Salta,M,95 a 99,OTRO PAIS,EXTRANJERA,37
66,Salta,X,10 a 14,ARGENTINA,ARGENTINA,1
66,Salta,X,15 a 19,ARGENTINA,ARGENTINA,1
66,Salta,X,20 a 24,ARGENTINA,ARGENTINA,6
66,Salta,X,25 a 29,ARGENTINA,ARGENTINA,5
66,Salta,X,30 a 34,ARGENTINA,ARGENTINA,4
66,Salta,X,35 a 39,ARGENTINA,ARGENTINA,9
66,Salta,X,40 a 44,ARGENTINA,ARGENTINA,5
66,Salta,X,45 a 49,ARGENTINA,ARGENTINA,5
66,Salta,X,50 a 54,ARGENTINA,ARGENTINA,1
70,San Juan,F,0 a 4,ARGENTINA,ARGENTINA,22339
70,San Juan,F,0 a 4,OTRO PAIS,ARGENTINA,18
70,San Juan,F,0 a 4,OTRO PAIS,EXTRANJERA,8
70,San Juan,F,10 a 14,ARGENTINA,ARGENTINA,35580
70,San Juan,F,10 a 14,OTRO PAIS,ARGENTINA,37
70,San Juan,F,10 a 14,OTRO PAIS,EXTRANJERA,93
70,San Juan,F,100 y +,ARGENTINA,ARGENTINA,38
70,San Juan,F,100 y +,OTRO PAIS,EXTRANJERA,1
70,San Juan,F,15 a 19,ARGENTINA,ARGENTINA,34354
70,San Juan,F,15 a 19,OTRO PAIS,ARGENTINA,95
70,San Juan,F,15 a 19,OTRO PAIS,EXTRANJERA,94
70,San Juan,F,20 a 24,ARGENTINA,ARGENTINA,33077
70,San Juan,F,20 a 24,OTRO PAIS,ARGENTINA,71
70,San Juan,F,20 a 24,OTRO PAIS,EXTRANJERA,141
70,San Juan,F,25 a 29,ARGENTINA,ARGENTINA,31456
70,San Juan,F,25 a 29,OTRO PAIS,ARGENTINA,32
70,San Juan,F,25 a 29,OTRO PAIS,EXTRANJERA,200
70,San Juan,F,30 a 34,ARGENTINA,ARGENTINA,31364
70,San Juan,F,30 a 34,OTRO PAIS,ARGENTINA,41
70,San Juan,F,30 a 34,OTRO PAIS,EXTRANJERA,284
70,San Juan,F,35 a 39,ARGENTINA,ARGENTINA,27522
70,San Juan,F,35 a 39,OTRO PAIS,ARGENTINA,32
70,San Juan,F,35 a 39,OTRO PAIS,EXTRANJERA,251
70,San Juan,F,40 a 44,ARGENTINA,ARGENTINA,26935
70,San Juan,F,40 a 44,OTRO PAIS,ARGENTINA,30
70,San Juan,F,40 a 44,OTRO PAIS,EXTRANJERA,220
70,San Juan,F,45 a 49,ARGENTINA,ARGENTINA,26190
70,San Juan,F,45 a 49,OTRO PAIS,ARGENTINA,21
70,San Juan,F,45 a 49,OTRO PAIS,EXTRANJERA,184
70,San Juan,F,5 a 9,ARGENTINA,ARGENTINA,32191
70,San Juan,F,5 a 9,OTRO PAIS,ARGENTINA,26
70,San Juan,F,5 a 9,OTRO PAIS,EXTRANJERA,37
70,San Juan,F,50 a 54,ARGENTINA,ARGENTINA,22949
70,San Juan,F,50 a 54,OTRO PAIS,ARGENTINA,29
70,San Juan,F,50 a 54,OTRO PAIS,EXTRANJERA,214
70,San Juan,F,55 a 59,ARGENTINA,ARGENTINA,18599
70,San Juan,F,55 a 59,OTRO PAIS,ARGENTINA,31
70,San Juan,F,55 a 59,OTRO PAIS,EXTRANJERA,203
70,San Juan,F,60 a 64,ARGENTINA,ARGENTINA,17088
70,San Juan,F,60 a 64,OTRO PAIS,ARGENTINA,20
70,San Juan,F,60 a 64,OTRO PAIS,EXTRANJERA,183
70,San Juan,F,65 a 69,ARGENTINA,ARGENTINA,15422
70,San Juan,F,65 a 69,OTRO PAIS,ARGENTINA,27
70,San Juan,F,65 a 69,OTRO PAIS,EXTRANJERA,138
70,San Juan,F,70 a 74,ARGENTINA,ARGENTINA,13590
70,San Juan,F,70 a 74,OTRO PAIS,ARGENTINA,26
70,San Juan,F,70 a 74,OTRO PAIS,EXTRANJERA,150
70,San Juan,F,75 a 79,ARGENTINA,ARGENTINA,10359
70,San Juan,F,75 a 79,OTRO PAIS,ARGENTINA,63
70,San Juan,F,75 a 79,OTRO PAIS,EXTRANJERA,227
70,San Juan,F,80 a 84,ARGENTINA,ARGENTINA,6600
70,San Juan,F,80 a 84,OTRO PAIS,ARGENTINA,40
70,San Juan,F,80 a 84,OTRO PAIS,EXTRANJERA,163
70,San Juan,F,85 a 89,ARGENTINA,ARGENTINA,3323
70,San Juan,F,85 a 89,OTRO PAIS,ARGENTINA,19
70,San Juan,F,85 a 89,OTRO PAIS,EXTRANJERA,90
70,San Juan,F,90 a 94,ARGENTINA,ARGENTINA,1347
70,San Juan,F,90 a 94,OTRO PAIS,ARGENTINA,13
70,San Juan,F,90 a 94,OTRO PAIS,EXTRANJERA,45
70,San Juan,F,95 a 99,ARGENTINA,ARGENTINA,315
70,San Juan,F,95 a 99,OTRO PAIS,ARGENTINA,1
70,San Juan,F,95 a 99,OTRO PAIS,EXTRANJERA,20
70,San Juan,M,0 a 4,ARGENTINA,ARGENTINA,23201
70,San Juan,M,0 a 4,OTRO PAIS,ARGENTINA,12
70,San Juan,M,0 a 4,OTRO PAIS,EXTRANJERA,6
70,San Juan,M,10 a 14,ARGENTINA,ARGENTINA,36889
70,San Juan,M,10 a 14,OTRO PAIS,ARGENTINA,47
70,San Juan,M,10 a 14,OTRO PAIS,EXTRANJERA,109
70,San Juan,M,100 y +,ARGENTINA,ARGENTINA,20
70,San Juan,M,100 y +,OTRO PAIS,EXTRANJERA,1
70,San Juan,M,15 a 19,ARGENTINA,ARGENTINA,35894
70,San Juan,M,15 a 19,OTRO PAIS,ARGENTINA,81
70,San Juan,M,15 a 19,OTRO PAIS,EXTRANJERA,140
70,San Juan,M,20 a 24,ARGENTINA,ARGENTINA,34421
70,San Juan,M,20 a 24,OTRO PAIS,ARGENTINA,79
70,San Juan,M,20 a 24,OTRO PAIS,EXTRANJERA,159
70,San Juan,M,25 a 29,ARGENTINA,ARGENTINA,32165
70,San Juan,M,25 a 29,OTRO PAIS,ARGENTINA,25
70,San Juan,M,25 a 29,OTRO PAIS,EXTRANJERA,200
70,San Juan,M,30 a 34,ARGENTINA,ARGENTINA,31483
70,San Juan,M,30 a 34,OTRO PAIS,ARGENTINA,42
70,San Juan,M,30 a 34,OTRO PAIS,EXTRANJERA,341
70,San Juan,M,35 a 39,ARGENTINA,ARGENTINA,27744
70,San Juan,M,35 a 39,OTRO PAIS,ARGENTINA,30
70,San Juan,M,35 a 39,OTRO PAIS,EXTRANJERA,374
70,San Juan,M,40 a 44,ARGENTINA,ARGENTINA,26342
70,San Juan,M,40 a 44,OTRO PAIS,ARGENTINA,38
70,San Juan,M,40 a 44,OTRO PAIS,EXTRANJERA,307
70,San Juan,M,45 a 49,ARGENTINA,ARGENTINA,25830
70,San Juan,M,45 a 49,OTRO PAIS,ARGENTINA,31
70,San Juan,M,45 a 49,OTRO PAIS,EXTRANJERA,253
70,San Juan,M,5 a 9,ARGENTINA,ARGENTINA,33394
70,San Juan,M,5 a 9,OTRO PAIS,ARGENTINA,31
70,San Juan,M,5 a 9,OTRO PAIS,EXTRANJERA,46
70,San Juan,M,50 a 54,ARGENTINA,ARGENTINA,21706
70,San Juan,M,50 a 54,OTRO PAIS,ARGENTINA,28
70,San Juan,M,50 a 54,OTRO PAIS,EXTRANJERA,251
70,San Juan,M,55 a 59,ARGENTINA,ARGENTINA,17202
70,San Juan,M,55 a 59,OTRO PAIS,ARGENTINA,31
70,San Juan,M,55 a 59,OTRO PAIS,EXTRANJERA,227
70,San Juan,M,60 a 64,ARGENTINA,ARGENTINA,15368
70,San Juan,M,60 a 64,OTRO PAIS,ARGENTINA,26
70,San Juan,M,60 a 64,OTRO PAIS,EXTRANJERA,182
70,San Juan,M,65 a 69,ARGENTINA,ARGENTINA,12971
70,San Juan,M,65 a 69,OTRO PAIS,ARGENTINA,21
70,San Juan,M,65 a 69,OTRO PAIS,EXTRANJERA,149
70,San Juan,M,70 a 74,ARGENTINA,ARGENTINA,10762
70,San Juan,M,70 a 74,OTRO PAIS,ARGENTINA,29
70,San Juan,M,70 a 74,OTRO PAIS,EXTRANJERA,157
70,San Juan,M,75 a 79,ARGENTINA,ARGENTINA,7412
70,San Juan,M,75 a 79,OTRO PAIS,ARGENTINA,46
70,San Juan,M,75 a 79,OTRO PAIS,EXTRANJERA,199
70,San Juan,M,80 a 84,ARGENTINA,ARGENTINA,4073
70,San Juan,M,80 a 84,OTRO PAIS,ARGENTINA,43
70,San Juan,M,80 a 84,OTRO PAIS,EXTRANJERA,117
70,San Juan,M,85 a 89,ARGENTINA,ARGENTINA,1705
70,San Juan,M,85 a 89,OTRO PAIS,ARGENTINA,19
70,San Juan,M,85 a 89,OTRO PAIS,EXTRANJERA,58
70,San Juan,M,90 a 94,ARGENTINA,ARGENTINA,567
70,San Juan,M,90 a 94,OTRO PAIS,ARGENTINA,5
70,San Juan,M,90 a 94,OTRO PAIS,EXTRANJERA,31
70,San Juan,M,95 a 99,ARGENTINA,ARGENTINA,116
70,San Juan,M,95 a 99,OTRO PAIS,ARGENTINA,3
70,San Juan,M,95 a 99,OTRO PAIS,EXTRANJERA,9
70,San Juan,X,20 a 24,ARGENTINA,ARGENTINA,2
70,San Juan,X,25 a 29,ARGENTINA,ARGENTINA,6
70,San Juan,X,30 a 34,ARGENTINA,ARGENTINA,2
70,San Juan,X,35 a 39,ARGENTINA,ARGENTINA,4
74,San Luis,F,0 a 4,ARGENTINA,ARGENTINA,11854
74,San Luis,F,0 a 4,OTRO PAIS,ARGENTINA,2
74,San Luis,F,0 a 4,OTRO PAIS,EXTRANJERA,10
74,San Luis,F,10 a 14,ARGENTINA,ARGENTINA,20430
74,San Luis,F,10 a 14,OTRO PAIS,ARGENTINA,21
74,San Luis,F,10 a 14,OTRO PAIS,EXTRANJERA,96
74,San Luis,F,100 y +,ARGENTINA,ARGENTINA,37
74,San Luis,F,100 y +,OTRO PAIS,EXTRANJERA,2
74,San Luis,F,15 a 19,ARGENTINA,ARGENTINA,21352
74,San Luis,F,15 a 19,OTRO PAIS,ARGENTINA,30
74,San Luis,F,15 a 19,OTRO PAIS,EXTRANJERA,132
74,San Luis,F,20 a 24,ARGENTINA,ARGENTINA,21735
74,San Luis,F,20 a 24,OTRO PAIS,ARGENTINA,21
74,San Luis,F,20 a 24,OTRO PAIS,EXTRANJERA,181
74,San Luis,F,25 a 29,ARGENTINA,ARGENTINA,21910
74,San Luis,F,25 a 29,OTRO PAIS,ARGENTINA,5
74,San Luis,F,25 a 29,OTRO PAIS,EXTRANJERA,180
74,San Luis,F,30 a 34,ARGENTINA,ARGENTINA,21167
74,San Luis,F,30 a 34,OTRO PAIS,ARGENTINA,24
74,San Luis,F,30 a 34,OTRO PAIS,EXTRANJERA,241
74,San Luis,F,35 a 39,ARGENTINA,ARGENTINA,19297
74,San Luis,F,35 a 39,OTRO PAIS,ARGENTINA,33
74,San Luis,F,35 a 39,OTRO PAIS,EXTRANJERA,347
74,San Luis,F,40 a 44,ARGENTINA,ARGENTINA,18920
74,San Luis,F,40 a 44,OTRO PAIS,ARGENTINA,36
74,San Luis,F,40 a 44,OTRO PAIS,EXTRANJERA,379
74,San Luis,F,45 a 49,ARGENTINA,ARGENTINA,18792
74,San Luis,F,45 a 49,OTRO PAIS,ARGENTINA,42
74,San Luis,F,45 a 49,OTRO PAIS,EXTRANJERA,338
74,San Luis,F,5 a 9,ARGENTINA,ARGENTINA,17809
74,San Luis,F,5 a 9,OTRO PAIS,ARGENTINA,14
74,San Luis,F,5 a 9,OTRO PAIS,EXTRANJERA,36
74,San Luis,F,50 a 54,ARGENTINA,ARGENTINA,15176
74,San Luis,F,50 a 54,OTRO PAIS,ARGENTINA,40
74,San Luis,F,50 a 54,OTRO PAIS,EXTRANJERA,323
74,San Luis,F,55 a 59,ARGENTINA,ARGENTINA,12663
74,San Luis,F,55 a 59,OTRO PAIS,ARGENTINA,33
74,San Luis,F,55 a 59,OTRO PAIS,EXTRANJERA,334
74,San Luis,F,60 a 64,ARGENTINA,ARGENTINA,11781
74,San Luis,F,60 a 64,OTRO PAIS,ARGENTINA,38
74,San Luis,F,60 a 64,OTRO PAIS,EXTRANJERA,287
74,San Luis,F,65 a 69,ARGENTINA,ARGENTINA,10092
74,San Luis,F,65 a 69,OTRO PAIS,ARGENTINA,41
74,San Luis,F,65 a 69,OTRO PAIS,EXTRANJERA,227
74,San Luis,F,70 a 74,ARGENTINA,ARGENTINA,8480
74,San Luis,F,70 a 74,OTRO PAIS,ARGENTINA,36
74,San Luis,F,70 a 74,OTRO PAIS,EXTRANJERA,155
74,San Luis,F,75 a 79,ARGENTINA,ARGENTINA,6412
74,San Luis,F,75 a 79,OTRO PAIS,ARGENTINA,34
74,San Luis,F,75 a 79,OTRO PAIS,EXTRANJERA,160
74,San Luis,F,80 a 84,ARGENTINA,ARGENTINA,4208
74,San Luis,F,80 a 84,OTRO PAIS,ARGENTINA,28
74,San Luis,F,80 a 84,OTRO PAIS,EXTRANJERA,92
74,San Luis,F,85 a 89,ARGENTINA,ARGENTINA,2191
74,San Luis,F,85 a 89,OTRO PAIS,ARGENTINA,7
74,San Luis,F,85 a 89,OTRO PAIS,EXTRANJERA,54
74,San Luis,F,90 a 94,ARGENTINA,ARGENTINA,917
74,San Luis,F,90 a 94,OTRO PAIS,ARGENTINA,4
74,San Luis,F,90 a 94,OTRO PAIS,EXTRANJERA,29
74,San Luis,F,95 a 99,ARGENTINA,ARGENTINA,236
74,San Luis,F,95 a 99,OTRO PAIS,ARGENTINA,1
74,San Luis,F,95 a 99,OTRO PAIS,EXTRANJERA,2
74,San Luis,M,0 a 4,ARGENTINA,ARGENTINA,12377
74,San Luis,M,0 a 4,OTRO PAIS,ARGENTINA,6
74,San Luis,M,0 a 4,OTRO PAIS,EXTRANJERA,4
74,San Luis,M,10 a 14,ARGENTINA,ARGENTINA,21418
74,San Luis,M,10 a 14,OTRO PAIS,ARGENTINA,24
74,San Luis,M,10 a 14,OTRO PAIS,EXTRANJERA,105
74,San Luis,M,100 y +,ARGENTINA,ARGENTINA,12
74,San Luis,M,15 a 19,ARGENTINA,ARGENTINA,22197
74,San Luis,M,15 a 19,OTRO PAIS,ARGENTINA,38
74,San Luis,M,15 a 19,OTRO PAIS,EXTRANJERA,136
74,San Luis,M,20 a 24,ARGENTINA,ARGENTINA,22368
74,San Luis,M,20 a 24,OTRO PAIS,ARGENTINA,22
74,San Luis,M,20 a 24,OTRO PAIS,EXTRANJERA,167
74,San Luis,M,25 a 29,ARGENTINA,ARGENTINA,22606
74,San Luis,M,25 a 29,OTRO PAIS,ARGENTINA,12
74,San Luis,M,25 a 29,OTRO PAIS,EXTRANJERA,178
74,San Luis,M,30 a 34,ARGENTINA,ARGENTINA,21777
74,San Luis,M,30 a 34,OTRO PAIS,ARGENTINA,17
74,San Luis,M,30 a 34,OTRO PAIS,EXTRANJERA,281
74,San Luis,M,35 a 39,ARGENTINA,ARGENTINA,19704
74,San Luis,M,35 a 39,OTRO PAIS,ARGENTINA,19
74,San Luis,M,35 a 39,OTRO PAIS,EXTRANJERA,316
74,San Luis,M,40 a 44,ARGENTINA,ARGENTINA,19230
74,San Luis,M,40 a 44,OTRO PAIS,ARGENTINA,42
74,San Luis,M,40 a 44,OTRO PAIS,EXTRANJERA,309
74,San Luis,M,45 a 49,ARGENTINA,ARGENTINA,19412
74,San Luis,M,45 a 49,OTRO PAIS,ARGENTINA,37
74,San Luis,M,45 a 49,OTRO PAIS,EXTRANJERA,287
74,San Luis,M,5 a 9,ARGENTINA,ARGENTINA,18622
74,San Luis,M,5 a 9,OTRO PAIS,ARGENTINA,14
74,San Luis,M,5 a 9,OTRO PAIS,EXTRANJERA,61
74,San Luis,M,50 a 54,ARGENTINA,ARGENTINA,15728
74,San Luis,M,50 a 54,OTRO PAIS,ARGENTINA,39
74,San Luis,M,50 a 54,OTRO PAIS,EXTRANJERA,300
74,San Luis,M,55 a 59,ARGENTINA,ARGENTINA,13188
74,San Luis,M,55 a 59,OTRO PAIS,ARGENTINA,36
74,San Luis,M,55 a 59,OTRO PAIS,EXTRANJERA,285
74,San Luis,M,60 a 64,ARGENTINA,ARGENTINA,11801
74,San Luis,M,60 a 64,OTRO PAIS,ARGENTINA,38
74,San Luis,M,60 a 64,OTRO PAIS,EXTRANJERA,284
74,San Luis,M,65 a 69,ARGENTINA,ARGENTINA,9664
74,San Luis,M,65 a 69,OTRO PAIS,ARGENTINA,28
74,San Luis,M,65 a 69,OTRO PAIS,EXTRANJERA,204
74,San Luis,M,70 a 74,ARGENTINA,ARGENTINA,7661
74,San Luis,M,70 a 74,OTRO PAIS,ARGENTINA,38
74,San Luis,M,70 a 74,OTRO PAIS,EXTRANJERA,210
74,San Luis,M,75 a 79,ARGENTINA,ARGENTINA,5247
74,San Luis,M,75 a 79,OTRO PAIS,ARGENTINA,31
74,San Luis,M,75 a 79,OTRO PAIS,EXTRANJERA,155
74,San Luis,M,80 a 84,ARGENTINA,ARGENTINA,2894
74,San Luis,M,80 a 84,OTRO PAIS,ARGENTINA,30
74,San Luis,M,80 a 84,OTRO PAIS,EXTRANJERA,71
74,San Luis,M,85 a 89,ARGENTINA,ARGENTINA,1201
74,San Luis,M,85 a 89,OTRO PAIS,ARGENTINA,13
74,San Luis,M,85 a 89,OTRO PAIS,EXTRANJERA,26
74,San Luis,M,90 a 94,ARGENTINA,ARGENTINA,364
74,San Luis,M,90 a 94,OTRO PAIS,ARGENTINA,7
74,San Luis,M,90 a 94,OTRO PAIS,EXTRANJERA,13
74,San Luis,M,95 a 99,ARGENTINA,ARGENTINA,96
74,San Luis,M,95 a 99,OTRO PAIS,EXTRANJERA,3
74,San Luis,X,10 a 14,ARGENTINA,ARGENTINA,1
74,San Luis,X,15 a 19,ARGENTINA,ARGENTINA,3
74,San Luis,X,20 a 24,ARGENTINA,ARGENTINA,5
74,San Luis,X,25 a 29,ARGENTINA,ARGENTINA,2
74,San Luis,X,30 a 34,ARGENTINA,ARGENTINA,3
74,San Luis,X,35 a 39,ARGENTINA,ARGENTINA,2
74,San Luis,X,45 a 49,ARGENTINA,ARGENTINA,2
78,Santa Cruz,F,0 a 4,ARGENTINA,ARGENTINA,7647
78,Santa Cruz,F,0 a 4,OTRO PAIS,ARGENTINA,8
78,Santa Cruz,F,0 a 4,OTRO PAIS,EXTRANJERA,14
78,Santa Cruz,F,10 a 14,ARGENTINA,ARGENTINA,14845
78,Santa Cruz,F,10 a 14,OTRO PAIS,ARGENTINA,18
78,Santa Cruz,F,10 a 14,OTRO PAIS,EXTRANJERA,165
78,Santa Cruz,F,100 y +,ARGENTINA,ARGENTINA,9
78,Santa Cruz,F,100 y +,OTRO PAIS,ARGENTINA,3
78,Santa Cruz,F,100 y +,OTRO PAIS,EXTRANJERA,3
78,Santa Cruz,F,15 a 19,ARGENTINA,ARGENTINA,14129
78,Santa Cruz,F,15 a 19,OTRO PAIS,ARGENTINA,25
78,Santa Cruz,F,15 a 19,OTRO PAIS,EXTRANJERA,284
78,Santa Cruz,F,20 a 24,ARGENTINA,ARGENTINA,13387
78,Santa Cruz,F,20 a 24,OTRO PAIS,ARGENTINA,44
78,Santa Cruz,F,20 a 24,OTRO PAIS,EXTRANJERA,408
78,Santa Cruz,F,25 a 29,ARGENTINA,ARGENTINA,13923
78,Santa Cruz,F,25 a 29,OTRO PAIS,ARGENTINA,85
78,Santa Cruz,F,25 a 29,OTRO PAIS,EXTRANJERA,483
78,Santa Cruz,F,30 a 34,ARGENTINA,ARGENTINA,14761
78,Santa Cruz,F,30 a 34,OTRO PAIS,ARGENTINA,158
78,Santa Cruz,F,30 a 34,OTRO PAIS,EXTRANJERA,674
78,Santa Cruz,F,35 a 39,ARGENTINA,ARGENTINA,13843
78,Santa Cruz,F,35 a 39,OTRO PAIS,ARGENTINA,231
78,Santa Cruz,F,35 a 39,OTRO PAIS,EXTRANJERA,818
78,Santa Cruz,F,40 a 44,ARGENTINA,ARGENTINA,12571
78,Santa Cruz,F,40 a 44,OTRO PAIS,ARGENTINA,400
78,Santa Cruz,F,40 a 44,OTRO PAIS,EXTRANJERA,772
78,Santa Cruz,F,45 a 49,ARGENTINA,ARGENTINA,11481
78,Santa Cruz,F,45 a 49,OTRO PAIS,ARGENTINA,410
78,Santa Cruz,F,45 a 49,OTRO PAIS,EXTRANJERA,615
78,Santa Cruz,F,5 a 9,ARGENTINA,ARGENTINA,13046
78,Santa Cruz,F,5 a 9,OTRO PAIS,ARGENTINA,13
78,Santa Cruz,F,5 a 9,OTRO PAIS,EXTRANJERA,76
78,Santa Cruz,F,50 a 54,ARGENTINA,ARGENTINA,8728
78,Santa Cruz,F,50 a 54,OTRO PAIS,ARGENTINA,601
78,Santa Cruz,F,50 a 54,OTRO PAIS,EXTRANJERA,599
78,Santa Cruz,F,55 a 59,ARGENTINA,ARGENTINA,6719
78,Santa Cruz,F,55 a 59,OTRO PAIS,ARGENTINA,705
78,Santa Cruz,F,55 a 59,OTRO PAIS,EXTRANJERA,534
78,Santa Cruz,F,60 a 64,ARGENTINA,ARGENTINA,5635
78,Santa Cruz,F,60 a 64,OTRO PAIS,ARGENTINA,777
78,Santa Cruz,F,60 a 64,OTRO PAIS,EXTRANJERA,588
78,Santa Cruz,F,65 a 69,ARGENTINA,ARGENTINA,4337
78,Santa Cruz,F,65 a 69,OTRO PAIS,ARGENTINA,843
78,Santa Cruz,F,65 a 69,OTRO PAIS,EXTRANJERA,510
78,Santa Cruz,F,70 a 74,ARGENTINA,ARGENTINA,3027
78,Santa Cruz,F,70 a 74,OTRO PAIS,ARGENTINA,786
78,Santa Cruz,F,70 a 74,OTRO PAIS,EXTRANJERA,443
78,Santa Cruz,F,75 a 79,ARGENTINA,ARGENTINA,1707
78,Santa Cruz,F,75 a 79,OTRO PAIS,ARGENTINA,641
78,Santa Cruz,F,75 a 79,OTRO PAIS,EXTRANJERA,418
78,Santa Cruz,F,80 a 84,ARGENTINA,ARGENTINA,1011
78,Santa Cruz,F,80 a 84,OTRO PAIS,ARGENTINA,442
78,Santa Cruz,F,80 a 84,OTRO PAIS,EXTRANJERA,292
78,Santa Cruz,F,85 a 89,ARGENTINA,ARGENTINA,552
78,Santa Cruz,F,85 a 89,OTRO PAIS,ARGENTINA,258
78,Santa Cruz,F,85 a 89,OTRO PAIS,EXTRANJERA,206
78,Santa Cruz,F,90 a 94,ARGENTINA,ARGENTINA,208
78,Santa Cruz,F,90 a 94,OTRO PAIS,ARGENTINA,78
78,Santa Cruz,F,90 a 94,OTRO PAIS,EXTRANJERA,83
78,Santa Cruz,F,95 a 99,ARGENTINA,ARGENTINA,57
78,Santa Cruz,F,95 a 99,OTRO PAIS,ARGENTINA,14
78,Santa Cruz,F,95 a 99,OTRO PAIS,EXTRANJERA,17
78,Santa Cruz,M,0 a 4,ARGENTINA,ARGENTINA,7955
78,Santa Cruz,M,0 a 4,OTRO PAIS,ARGENTINA,9
78,Santa Cruz,M,0 a 4,OTRO PAIS,EXTRANJERA,16
78,Santa Cruz,M,10 a 14,ARGENTINA,ARGENTINA,15127
78,Santa Cruz,M,10 a 14,OTRO PAIS,ARGENTINA,17
78,Santa Cruz,M,10 a 14,OTRO PAIS,EXTRANJERA,196
78,Santa Cruz,M,100 y +,ARGENTINA,ARGENTINA,1
78,Santa Cruz,M,100 y +,OTRO PAIS,EXTRANJERA,3
78,Santa Cruz,M,15 a 19,ARGENTINA,ARGENTINA,14755
78,Santa Cruz,M,15 a 19,OTRO PAIS,ARGENTINA,17
78,Santa Cruz,M,15 a 19,OTRO PAIS,EXTRANJERA,296
78,Santa Cruz,M,20 a 24,ARGENTINA,ARGENTINA,14198
78,Santa Cruz,M,20 a 24,OTRO PAIS,ARGENTINA,42
78,Santa Cruz,M,20 a 24,OTRO PAIS,EXTRANJERA,441
78,Santa Cruz,M,25 a 29,ARGENTINA,ARGENTINA,15080
78,Santa Cruz,M,25 a 29,OTRO PAIS,ARGENTINA,63
78,Santa Cruz,M,25 a 29,OTRO PAIS,EXTRANJERA,461
78,Santa Cruz,M,30 a 34,ARGENTINA,ARGENTINA,15515
78,Santa Cruz,M,30 a 34,OTRO PAIS,ARGENTINA,107
78,Santa Cruz,M,30 a 34,OTRO PAIS,EXTRANJERA,677
78,Santa Cruz,M,35 a 39,ARGENTINA,ARGENTINA,14843
78,Santa Cruz,M,35 a 39,OTRO PAIS,ARGENTINA,166
78,Santa Cruz,M,35 a 39,OTRO PAIS,EXTRANJERA,815
78,Santa Cruz,M,40 a 44,ARGENTINA,ARGENTINA,13713
78,Santa Cruz,M,40 a 44,OTRO PAIS,ARGENTINA,263
78,Santa Cruz,M,40 a 44,OTRO PAIS,EXTRANJERA,833
78,Santa Cruz,M,45 a 49,ARGENTINA,ARGENTINA,12516
78,Santa Cruz,M,45 a 49,OTRO PAIS,ARGENTINA,285
78,Santa Cruz,M,45 a 49,OTRO PAIS,EXTRANJERA,674
78,Santa Cruz,M,5 a 9,ARGENTINA,ARGENTINA,13588
78,Santa Cruz,M,5 a 9,OTRO PAIS,ARGENTINA,15
78,Santa Cruz,M,5 a 9,OTRO PAIS,EXTRANJERA,68
78,Santa Cruz,M,50 a 54,ARGENTINA,ARGENTINA,9186
78,Santa Cruz,M,50 a 54,OTRO PAIS,ARGENTINA,432
78,Santa Cruz,M,50 a 54,OTRO PAIS,EXTRANJERA,601
78,Santa Cruz,M,55 a 59,ARGENTINA,ARGENTINA,7073
78,Santa Cruz,M,55 a 59,OTRO PAIS,ARGENTINA,435
78,Santa Cruz,M,55 a 59,OTRO PAIS,EXTRANJERA,558
78,Santa Cruz,M,60 a 64,ARGENTINA,ARGENTINA,5926
78,Santa Cruz,M,60 a 64,OTRO PAIS,ARGENTINA,561
78,Santa Cruz,M,60 a 64,OTRO PAIS,EXTRANJERA,549
78,Santa Cruz,M,65 a 69,ARGENTINA,ARGENTINA,4529
78,Santa Cruz,M,65 a 69,OTRO PAIS,ARGENTINA,536
78,Santa Cruz,M,65 a 69,OTRO PAIS,EXTRANJERA,520
78,Santa Cruz,M,70 a 74,ARGENTINA,ARGENTINA,2986
78,Santa Cruz,M,70 a 74,OTRO PAIS,ARGENTINA,516
78,Santa Cruz,M,70 a 74,OTRO PAIS,EXTRANJERA,500
78,Santa Cruz,M,75 a 79,ARGENTINA,ARGENTINA,1425
78,Santa Cruz,M,75 a 79,OTRO PAIS,ARGENTINA,406
78,Santa Cruz,M,75 a 79,OTRO PAIS,EXTRANJERA,365
78,Santa Cruz,M,80 a 84,ARGENTINA,ARGENTINA,730
78,Santa Cruz,M,80 a 84,OTRO PAIS,ARGENTINA,277
78,Santa Cruz,M,80 a 84,OTRO PAIS,EXTRANJERA,277
78,Santa Cruz,M,85 a 89,ARGENTINA,ARGENTINA,338
78,Santa Cruz,M,85 a 89,OTRO PAIS,ARGENTINA,140
78,Santa Cruz,M,85 a 89,OTRO PAIS,EXTRANJERA,146
78,Santa Cruz,M,90 a 94,ARGENTINA,ARGENTINA,115
78,Santa Cruz,M,90 a 94,OTRO PAIS,ARGENTINA,50
78,Santa Cruz,M,90 a 94,OTRO PAIS,EXTRANJERA,68
78,Santa Cruz,M,95 a 99,ARGENTINA,ARGENTINA,28
78,Santa Cruz,M,95 a 99,OTRO PAIS,ARGENTINA,8
78,Santa Cruz,M,95 a 99,OTRO PAIS,EXTRANJERA,13
78,Santa Cruz,X,15 a 19,ARGENTINA,ARGENTINA,2
78,Santa Cruz,X,20 a 24,ARGENTINA,ARGENTINA,3
78,Santa Cruz,X,25 a 29,ARGENTINA,ARGENTINA,4
78,Santa Cruz,X,30 a 34,ARGENTINA,ARGENTINA,1
78,Santa Cruz,X,35 a 39,ARGENTINA,ARGENTINA,3
78,Santa Cruz,X,40 a 44,ARGENTINA,ARGENTINA,1
82,Santa Fe,F,0 a 4,ARGENTINA,ARGENTINA,84534
82,Santa Fe,F,0 a 4,OTRO PAIS,ARGENTINA,92
82,Santa Fe,F,0 a 4,OTRO PAIS,EXTRANJERA,36
82,Santa Fe,F,10 a 14,ARGENTINA,ARGENTINA,133374
82,Santa Fe,F,10 a 14,OTRO PAIS,ARGENTINA,207
82,Santa Fe,F,10 a 14,OTRO PAIS,EXTRANJERA,427
82,Santa Fe,F,100 y +,ARGENTINA,ARGENTINA,332
82,Santa Fe,F,100 y +,OTRO PAIS,ARGENTINA,4
82,Santa Fe,F,100 y +,OTRO PAIS,EXTRANJERA,14
82,Santa Fe,F,15 a 19,ARGENTINA,ARGENTINA,125624
82,Santa Fe,F,15 a 19,OTRO PAIS,ARGENTINA,321
82,Santa Fe,F,15 a 19,OTRO PAIS,EXTRANJERA,746
82,Santa Fe,F,20 a 24,ARGENTINA,ARGENTINA,127331
82,Santa Fe,F,20 a 24,OTRO PAIS,ARGENTINA,245
82,Santa Fe,F,20 a 24,OTRO PAIS,EXTRANJERA,2175
82,Santa Fe,F,25 a 29,ARGENTINA,ARGENTINA,129576
82,Santa Fe,F,25 a 29,OTRO PAIS,ARGENTINA,148
82,Santa Fe,F,25 a 29,OTRO PAIS,EXTRANJERA,2372
82,Santa Fe,F,30 a 34,ARGENTINA,ARGENTINA,136499
82,Santa Fe,F,30 a 34,OTRO PAIS,ARGENTINA,186
82,Santa Fe,F,30 a 34,OTRO PAIS,EXTRANJERA,2384
82,Santa Fe,F,35 a 39,ARGENTINA,ARGENTINA,131867
82,Santa Fe,F,35 a 39,OTRO PAIS,ARGENTINA,167
82,Santa Fe,F,35 a 39,OTRO PAIS,EXTRANJERA,2297
82,Santa Fe,F,40 a 44,ARGENTINA,ARGENTINA,129448
82,Santa Fe,F,40 a 44,OTRO PAIS,ARGENTINA,170
82,Santa Fe,F,40 a 44,OTRO PAIS,EXTRANJERA,1913
82,Santa Fe,F,45 a 49,ARGENTINA,ARGENTINA,125764
82,Santa Fe,F,45 a 49,OTRO PAIS,ARGENTINA,177
82,Santa Fe,F,45 a 49,OTRO PAIS,EXTRANJERA,1584
82,Santa Fe,F,5 a 9,ARGENTINA,ARGENTINA,122030
82,Santa Fe,F,5 a 9,OTRO PAIS,ARGENTINA,138
82,Santa Fe,F,5 a 9,OTRO PAIS,EXTRANJERA,214
82,Santa Fe,F,50 a 54,ARGENTINA,ARGENTINA,100957
82,Santa Fe,F,50 a 54,OTRO PAIS,ARGENTINA,164
82,Santa Fe,F,50 a 54,OTRO PAIS,EXTRANJERA,1373
82,Santa Fe,F,55 a 59,ARGENTINA,ARGENTINA,88362
82,Santa Fe,F,55 a 59,OTRO PAIS,ARGENTINA,183
82,Santa Fe,F,55 a 59,OTRO PAIS,EXTRANJERA,1254
82,Santa Fe,F,60 a 64,ARGENTINA,ARGENTINA,85696
82,Santa Fe,F,60 a 64,OTRO PAIS,ARGENTINA,145
82,Santa Fe,F,60 a 64,OTRO PAIS,EXTRANJERA,1032
82,Santa Fe,F,65 a 69,ARGENTINA,ARGENTINA,77402
82,Santa Fe,F,65 a 69,OTRO PAIS,ARGENTINA,133
82,Santa Fe,F,65 a 69,OTRO PAIS,EXTRANJERA,910
82,Santa Fe,F,70 a 74,ARGENTINA,ARGENTINA,67228
82,Santa Fe,F,70 a 74,OTRO PAIS,ARGENTINA,150
82,Santa Fe,F,70 a 74,OTRO PAIS,EXTRANJERA,796
82,Santa Fe,F,75 a 79,ARGENTINA,ARGENTINA,52636
82,Santa Fe,F,75 a 79,OTRO PAIS,ARGENTINA,222
82,Santa Fe,F,75 a 79,OTRO PAIS,EXTRANJERA,1064
82,Santa Fe,F,80 a 84,ARGENTINA,ARGENTINA,37076
82,Santa Fe,F,80 a 84,OTRO PAIS,ARGENTINA,152
82,Santa Fe,F,80 a 84,OTRO PAIS,EXTRANJERA,747
82,Santa Fe,F,85 a 89,ARGENTINA,ARGENTINA,22111
82,Santa Fe,F,85 a 89,OTRO PAIS,ARGENTINA,54
82,Santa Fe,F,85 a 89,OTRO PAIS,EXTRANJERA,497
82,Santa Fe,F,90 a 94,ARGENTINA,ARGENTINA,9566
82,Santa Fe,F,90 a 94,OTRO PAIS,ARGENTINA,33
82,Santa Fe,F,90 a 94,OTRO PAIS,EXTRANJERA,220
82,Santa Fe,F,95 a 99,ARGENTINA,ARGENTINA,2539
82,Santa Fe,F,95 a 99,OTRO PAIS,ARGENTINA,13
82,Santa Fe,F,95 a 99,OTRO PAIS,EXTRANJERA,78
82,Santa Fe,M,0 a 4,ARGENTINA,ARGENTINA,87244
82,Santa Fe,M,0 a 4,OTRO PAIS,ARGENTINA,97
82,Santa Fe,M,0 a 4,OTRO PAIS,EXTRANJERA,41
82,Santa Fe,M,10 a 14,ARGENTINA,ARGENTINA,139015
82,Santa Fe,M,10 a 14,OTRO PAIS,ARGENTINA,209
82,Santa Fe,M,10 a 14,OTRO PAIS,EXTRANJERA,467
82,Santa Fe,M,100 y +,ARGENTINA,ARGENTINA,57
82,Santa Fe,M,100 y +,OTRO PAIS,ARGENTINA,2
82,Santa Fe,M,100 y +,OTRO PAIS,EXTRANJERA,1
82,Santa Fe,M,15 a 19,ARGENTINA,ARGENTINA,131535
82,Santa Fe,M,15 a 19,OTRO PAIS,ARGENTINA,382
82,Santa Fe,M,15 a 19,OTRO PAIS,EXTRANJERA,796
82,Santa Fe,M,20 a 24,ARGENTINA,ARGENTINA,130732
82,Santa Fe,M,20 a 24,OTRO PAIS,ARGENTINA,268
82,Santa Fe,M,20 a 24,OTRO PAIS,EXTRANJERA,1815
82,Santa Fe,M,25 a 29,ARGENTINA,ARGENTINA,130893
82,Santa Fe,M,25 a 29,OTRO PAIS,ARGENTINA,132
82,Santa Fe,M,25 a 29,OTRO PAIS,EXTRANJERA,2221
82,Santa Fe,M,30 a 34,ARGENTINA,ARGENTINA,135484
82,Santa Fe,M,30 a 34,OTRO PAIS,ARGENTINA,202
82,Santa Fe,M,30 a 34,OTRO PAIS,EXTRANJERA,2579
82,Santa Fe,M,35 a 39,ARGENTINA,ARGENTINA,131041
82,Santa Fe,M,35 a 39,OTRO PAIS,ARGENTINA,185
82,Santa Fe,M,35 a 39,OTRO PAIS,EXTRANJERA,2495
82,Santa Fe,M,40 a 44,ARGENTINA,ARGENTINA,129250
82,Santa Fe,M,40 a 44,OTRO PAIS,ARGENTINA,197
82,Santa Fe,M,40 a 44,OTRO PAIS,EXTRANJERA,2133
82,Santa Fe,M,45 a 49,ARGENTINA,ARGENTINA,124249
82,Santa Fe,M,45 a 49,OTRO PAIS,ARGENTINA,165
82,Santa Fe,M,45 a 49,OTRO PAIS,EXTRANJERA,1563
82,Santa Fe,M,5 a 9,ARGENTINA,ARGENTINA,126766
82,Santa Fe,M,5 a 9,OTRO PAIS,ARGENTINA,138
82,Santa Fe,M,5 a 9,OTRO PAIS,EXTRANJERA,197
82,Santa Fe,M,50 a 54,ARGENTINA,ARGENTINA,97800
82,Santa Fe,M,50 a 54,OTRO PAIS,ARGENTINA,145
82,Santa Fe,M,50 a 54,OTRO PAIS,EXTRANJERA,1313
82,Santa Fe,M,55 a 59,ARGENTINA,ARGENTINA,83594
82,Santa Fe,M,55 a 59,OTRO PAIS,ARGENTINA,142
82,Santa Fe,M,55 a 59,OTRO PAIS,EXTRANJERA,1131
82,Santa Fe,M,60 a 64,ARGENTINA,ARGENTINA,78378
82,Santa Fe,M,60 a 64,OTRO PAIS,ARGENTINA,103
82,Santa Fe,M,60 a 64,OTRO PAIS,EXTRANJERA,908
82,Santa Fe,M,65 a 69,ARGENTINA,ARGENTINA,67464
82,Santa Fe,M,65 a 69,OTRO PAIS,ARGENTINA,123
82,Santa Fe,M,65 a 69,OTRO PAIS,EXTRANJERA,714
82,Santa Fe,M,70 a 74,ARGENTINA,ARGENTINA,54169
82,Santa Fe,M,70 a 74,OTRO PAIS,ARGENTINA,164
82,Santa Fe,M,70 a 74,OTRO PAIS,EXTRANJERA,749
82,Santa Fe,M,75 a 79,ARGENTINA,ARGENTINA,36577
82,Santa Fe,M,75 a 79,OTRO PAIS,ARGENTINA,167
82,Santa Fe,M,75 a 79,OTRO PAIS,EXTRANJERA,903
82,Santa Fe,M,80 a 84,ARGENTINA,ARGENTINA,21464
82,Santa Fe,M,80 a 84,OTRO PAIS,ARGENTINA,85
82,Santa Fe,M,80 a 84,OTRO PAIS,EXTRANJERA,512
82,Santa Fe,M,85 a 89,ARGENTINA,ARGENTINA,10301
82,Santa Fe,M,85 a 89,OTRO PAIS,ARGENTINA,65
82,Santa Fe,M,85 a 89,OTRO PAIS,EXTRANJERA,291
82,Santa Fe,M,90 a 94,ARGENTINA,ARGENTINA,3353
82,Santa Fe,M,90 a 94,OTRO PAIS,ARGENTINA,27
82,Santa Fe,M,90 a 94,OTRO PAIS,EXTRANJERA,127
82,Santa Fe,M,95 a 99,ARGENTINA,ARGENTINA,678
82,Santa Fe,M,95 a 99,OTRO PAIS,ARGENTINA,16
82,Santa Fe,M,95 a 99,OTRO PAIS,EXTRANJERA,23
82,Santa Fe,X,15 a 19,ARGENTINA,ARGENTINA,10
82,Santa Fe,X,20 a 24,ARGENTINA,ARGENTINA,30
82,Santa Fe,X,25 a 29,ARGENTINA,ARGENTINA,18
82,Santa Fe,X,30 a 34,ARGENTINA,ARGENTINA,14
82,Santa Fe,X,35 a 39,ARGENTINA,ARGENTINA,6
82,Santa Fe,X,40 a 44,ARGENTINA,ARGENTINA,5
82,Santa Fe,X,45 a 49,ARGENTINA,ARGENTINA,5
82,Santa Fe,X,50 a 54,ARGENTINA,ARGENTINA,7
82,Santa Fe,X,55 a 59,ARGENTINA,ARGENTINA,1
86,Santiago del Estero,F,0 a 4,ARGENTINA,ARGENTINA,31247
86,Santiago del Estero,F,0 a 4,OTRO PAIS,ARGENTINA,3
86,Santiago del Estero,F,10 a 14,ARGENTINA,ARGENTINA,47117
86,Santiago del Estero,F,10 a 14,OTRO PAIS,ARGENTINA,11
86,Santiago del Estero,F,10 a 14,OTRO PAIS,EXTRANJERA,25
86,Santiago del Estero,F,100 y +,ARGENTINA,ARGENTINA,120
86,Santiago del Estero,F,100 y +,OTRO PAIS,ARGENTINA,1
86,Santiago del Estero,F,100 y +,OTRO PAIS,EXTRANJERA,1
86,Santiago del Estero,F,15 a 19,ARGENTINA,ARGENTINA,45521
86,Santiago del Estero,F,15 a 19,OTRO PAIS,ARGENTINA,22
86,Santiago del Estero,F,15 a 19,OTRO PAIS,EXTRANJERA,28
86,Santiago del Estero,F,20 a 24,ARGENTINA,ARGENTINA,46400
86,Santiago del Estero,F,20 a 24,OTRO PAIS,ARGENTINA,14
86,Santiago del Estero,F,20 a 24,OTRO PAIS,EXTRANJERA,41
86,Santiago del Estero,F,25 a 29,ARGENTINA,ARGENTINA,46745
86,Santiago del Estero,F,25 a 29,OTRO PAIS,ARGENTINA,4
86,Santiago del Estero,F,25 a 29,OTRO PAIS,EXTRANJERA,61
86,Santiago del Estero,F,30 a 34,ARGENTINA,ARGENTINA,43421
86,Santiago del Estero,F,30 a 34,OTRO PAIS,ARGENTINA,8
86,Santiago del Estero,F,30 a 34,OTRO PAIS,EXTRANJERA,110
86,Santiago del Estero,F,35 a 39,ARGENTINA,ARGENTINA,36925
86,Santiago del Estero,F,35 a 39,OTRO PAIS,ARGENTINA,8
86,Santiago del Estero,F,35 a 39,OTRO PAIS,EXTRANJERA,162
86,Santiago del Estero,F,40 a 44,ARGENTINA,ARGENTINA,35499
86,Santiago del Estero,F,40 a 44,OTRO PAIS,ARGENTINA,7
86,Santiago del Estero,F,40 a 44,OTRO PAIS,EXTRANJERA,149
86,Santiago del Estero,F,45 a 49,ARGENTINA,ARGENTINA,33851
86,Santiago del Estero,F,45 a 49,OTRO PAIS,ARGENTINA,8
86,Santiago del Estero,F,45 a 49,OTRO PAIS,EXTRANJERA,123
86,Santiago del Estero,F,5 a 9,ARGENTINA,ARGENTINA,44308
86,Santiago del Estero,F,5 a 9,OTRO PAIS,ARGENTINA,8
86,Santiago del Estero,F,5 a 9,OTRO PAIS,EXTRANJERA,11
86,Santiago del Estero,F,50 a 54,ARGENTINA,ARGENTINA,26836
86,Santiago del Estero,F,50 a 54,OTRO PAIS,ARGENTINA,6
86,Santiago del Estero,F,50 a 54,OTRO PAIS,EXTRANJERA,115
86,Santiago del Estero,F,55 a 59,ARGENTINA,ARGENTINA,21453
86,Santiago del Estero,F,55 a 59,OTRO PAIS,ARGENTINA,8
86,Santiago del Estero,F,55 a 59,OTRO PAIS,EXTRANJERA,100
86,Santiago del Estero,F,60 a 64,ARGENTINA,ARGENTINA,19297
86,Santiago del Estero,F,60 a 64,OTRO PAIS,ARGENTINA,13
86,Santiago del Estero,F,60 a 64,OTRO PAIS,EXTRANJERA,90
86,Santiago del Estero,F,65 a 69,ARGENTINA,ARGENTINA,17524
86,Santiago del Estero,F,65 a 69,OTRO PAIS,ARGENTINA,7
86,Santiago del Estero,F,65 a 69,OTRO PAIS,EXTRANJERA,66
86,Santiago del Estero,F,70 a 74,ARGENTINA,ARGENTINA,14551
86,Santiago del Estero,F,70 a 74,OTRO PAIS,ARGENTINA,14
86,Santiago del Estero,F,70 a 74,OTRO PAIS,EXTRANJERA,48
86,Santiago del Estero,F,75 a 79,ARGENTINA,ARGENTINA,10564
86,Santiago del Estero,F,75 a 79,OTRO PAIS,ARGENTINA,19
86,Santiago del Estero,F,75 a 79,OTRO PAIS,EXTRANJERA,67
86,Santiago del Estero,F,80 a 84,ARGENTINA,ARGENTINA,7545
86,Santiago del Estero,F,80 a 84,OTRO PAIS,ARGENTINA,14
86,Santiago del Estero,F,80 a 84,OTRO PAIS,EXTRANJERA,21
86,Santiago del Estero,F,85 a 89,ARGENTINA,ARGENTINA,4615
86,Santiago del Estero,F,85 a 89,OTRO PAIS,ARGENTINA,10
86,Santiago del Estero,F,85 a 89,OTRO PAIS,EXTRANJERA,19
86,Santiago del Estero,F,90 a 94,ARGENTINA,ARGENTINA,2216
86,Santiago del Estero,F,90 a 94,OTRO PAIS,ARGENTINA,5
86,Santiago del Estero,F,90 a 94,OTRO PAIS,EXTRANJERA,9
86,Santiago del Estero,F,95 a 99,ARGENTINA,ARGENTINA,854
86,Santiago del Estero,F,95 a 99,OTRO PAIS,EXTRANJERA,5
86,Santiago del Estero,M,0 a 4,ARGENTINA,ARGENTINA,32049
86,Santiago del Estero,M,0 a 4,OTRO PAIS,ARGENTINA,3
86,Santiago del Estero,M,0 a 4,OTRO PAIS,EXTRANJERA,3
86,Santiago del Estero,M,10 a 14,ARGENTINA,ARGENTINA,48648
86,Santiago del Estero,M,10 a 14,OTRO PAIS,ARGENTINA,18
86,Santiago del Estero,M,10 a 14,OTRO PAIS,EXTRANJERA,27
86,Santiago del Estero,M,100 y +,ARGENTINA,ARGENTINA,51
86,Santiago del Estero,M,100 y +,OTRO PAIS,EXTRANJERA,2
86,Santiago del Estero,M,15 a 19,ARGENTINA,ARGENTINA,46815
86,Santiago del Estero,M,15 a 19,OTRO PAIS,ARGENTINA,28
86,Santiago del Estero,M,15 a 19,OTRO PAIS,EXTRANJERA,39
86,Santiago del Estero,M,20 a 24,ARGENTINA,ARGENTINA,47444
86,Santiago del Estero,M,20 a 24,OTRO PAIS,ARGENTINA,16
86,Santiago del Estero,M,20 a 24,OTRO PAIS,EXTRANJERA,51
86,Santiago del Estero,M,25 a 29,ARGENTINA,ARGENTINA,47162
86,Santiago del Estero,M,25 a 29,OTRO PAIS,ARGENTINA,9
86,Santiago del Estero,M,25 a 29,OTRO PAIS,EXTRANJERA,88
86,Santiago del Estero,M,30 a 34,ARGENTINA,ARGENTINA,43576
86,Santiago del Estero,M,30 a 34,OTRO PAIS,ARGENTINA,2
86,Santiago del Estero,M,30 a 34,OTRO PAIS,EXTRANJERA,125
86,Santiago del Estero,M,35 a 39,ARGENTINA,ARGENTINA,37138
86,Santiago del Estero,M,35 a 39,OTRO PAIS,ARGENTINA,4
86,Santiago del Estero,M,35 a 39,OTRO PAIS,EXTRANJERA,171
86,Santiago del Estero,M,40 a 44,ARGENTINA,ARGENTINA,35807
86,Santiago del Estero,M,40 a 44,OTRO PAIS,ARGENTINA,10
86,Santiago del Estero,M,40 a 44,OTRO PAIS,EXTRANJERA,152
86,Santiago del Estero,M,45 a 49,ARGENTINA,ARGENTINA,34556
86,Santiago del Estero,M,45 a 49,OTRO PAIS,ARGENTINA,9
86,Santiago del Estero,M,45 a 49,OTRO PAIS,EXTRANJERA,144
86,Santiago del Estero,M,5 a 9,ARGENTINA,ARGENTINA,45783
86,Santiago del Estero,M,5 a 9,OTRO PAIS,ARGENTINA,9
86,Santiago del Estero,M,5 a 9,OTRO PAIS,EXTRANJERA,17
86,Santiago del Estero,M,50 a 54,ARGENTINA,ARGENTINA,27526
86,Santiago del Estero,M,50 a 54,OTRO PAIS,ARGENTINA,15
86,Santiago del Estero,M,50 a 54,OTRO PAIS,EXTRANJERA,119
86,Santiago del Estero,M,55 a 59,ARGENTINA,ARGENTINA,22522
86,Santiago del Estero,M,55 a 59,OTRO PAIS,ARGENTINA,16
86,Santiago del Estero,M,55 a 59,OTRO PAIS,EXTRANJERA,100
86,Santiago del Estero,M,60 a 64,ARGENTINA,ARGENTINA,20152
86,Santiago del Estero,M,60 a 64,OTRO PAIS,ARGENTINA,10
86,Santiago del Estero,M,60 a 64,OTRO PAIS,EXTRANJERA,89
86,Santiago del Estero,M,65 a 69,ARGENTINA,ARGENTINA,17250
86,Santiago del Estero,M,65 a 69,OTRO PAIS,ARGENTINA,19
86,Santiago del Estero,M,65 a 69,OTRO PAIS,EXTRANJERA,64
86,Santiago del Estero,M,70 a 74,ARGENTINA,ARGENTINA,14202
86,Santiago del Estero,M,70 a 74,OTRO PAIS,ARGENTINA,16
86,Santiago del Estero,M,70 a 74,OTRO PAIS,EXTRANJERA,80
86,Santiago del Estero,M,75 a 79,ARGENTINA,ARGENTINA,9229
86,Santiago del Estero,M,75 a 79,OTRO PAIS,ARGENTINA,17
86,Santiago del Estero,M,75 a 79,OTRO PAIS,EXTRANJERA,59
86,Santiago del Estero,M,80 a 84,ARGENTINA,ARGENTINA,5322
86,Santiago del Estero,M,80 a 84,OTRO PAIS,ARGENTINA,14
86,Santiago del Estero,M,80 a 84,OTRO PAIS,EXTRANJERA,27
86,Santiago del Estero,M,85 a 89,ARGENTINA,ARGENTINA,2746
86,Santiago del Estero,M,85 a 89,OTRO PAIS,ARGENTINA,6
86,Santiago del Estero,M,85 a 89,OTRO PAIS,EXTRANJERA,21
86,Santiago del Estero,M,90 a 94,ARGENTINA,ARGENTINA,1184
86,Santiago del Estero,M,90 a 94,OTRO PAIS,ARGENTINA,5
86,Santiago del Estero,M,90 a 94,OTRO PAIS,EXTRANJERA,7
86,Santiago del Estero,M,95 a 99,ARGENTINA,ARGENTINA,378
86,Santiago del Estero,M,95 a 99,OTRO PAIS,ARGENTINA,1
86,Santiago del Estero,M,95 a 99,OTRO PAIS,EXTRANJERA,4
86,Santiago del Estero,X,15 a 19,ARGENTINA,ARGENTINA,1
86,Santiago del Estero,X,20 a 24,ARGENTINA,ARGENTINA,2
86,Santiago del Estero,X,25 a 29,ARGENTINA,ARGENTINA,3
86,Santiago del Estero,X,30 a 34,ARGENTINA,ARGENTINA,1
86,Santiago del Estero,X,40 a 44,ARGENTINA,ARGENTINA,1
86,Santiago del Estero,X,45 a 49,ARGENTINA,ARGENTINA,1
90,Tucumán,F,0 a 4,ARGENTINA,ARGENTINA,42379
90,Tucumán,F,0 a 4,OTRO PAIS,ARGENTINA,20
90,Tucumán,F,0 a 4,OTRO PAIS,EXTRANJERA,14
90,Tucumán,F,10 a 14,ARGENTINA,ARGENTINA,71892
90,Tucumán,F,10 a 14,OTRO PAIS,ARGENTINA,40
90,Tucumán,F,10 a 14,OTRO PAIS,EXTRANJERA,77
90,Tucumán,F,100 y +,ARGENTINA,ARGENTINA,151
90,Tucumán,F,100 y +,OTRO PAIS,ARGENTINA,1
90,Tucumán,F,100 y +,OTRO PAIS,EXTRANJERA,3
90,Tucumán,F,15 a 19,ARGENTINA,ARGENTINA,68290
90,Tucumán,F,15 a 19,OTRO PAIS,ARGENTINA,76
90,Tucumán,F,15 a 19,OTRO PAIS,EXTRANJERA,115
90,Tucumán,F,20 a 24,ARGENTINA,ARGENTINA,71149
90,Tucumán,F,20 a 24,OTRO PAIS,ARGENTINA,55
90,Tucumán,F,20 a 24,OTRO PAIS,EXTRANJERA,154
90,Tucumán,F,25 a 29,ARGENTINA,ARGENTINA,71179
90,Tucumán,F,25 a 29,OTRO PAIS,ARGENTINA,31
90,Tucumán,F,25 a 29,OTRO PAIS,EXTRANJERA,226
90,Tucumán,F,30 a 34,ARGENTINA,ARGENTINA,68875
90,Tucumán,F,30 a 34,OTRO PAIS,ARGENTINA,24
90,Tucumán,F,30 a 34,OTRO PAIS,EXTRANJERA,313
90,Tucumán,F,35 a 39,ARGENTINA,ARGENTINA,60548
90,Tucumán,F,35 a 39,OTRO PAIS,ARGENTINA,31
90,Tucumán,F,35 a 39,OTRO PAIS,EXTRANJERA,355
90,Tucumán,F,40 a 44,ARGENTINA,ARGENTINA,58201
90,Tucumán,F,40 a 44,OTRO PAIS,ARGENTINA,29
90,Tucumán,F,40 a 44,OTRO PAIS,EXTRANJERA,346
90,Tucumán,F,45 a 49,ARGENTINA,ARGENTINA,59562
90,Tucumán,F,45 a 49,OTRO PAIS,ARGENTINA,47
90,Tucumán,F,45 a 49,OTRO PAIS,EXTRANJERA,293
90,Tucumán,F,5 a 9,ARGENTINA,ARGENTINA,63732
90,Tucumán,F,5 a 9,OTRO PAIS,ARGENTINA,33
90,Tucumán,F,5 a 9,OTRO PAIS,EXTRANJERA,32
90,Tucumán,F,50 a 54,ARGENTINA,ARGENTINA,45389
90,Tucumán,F,50 a 54,OTRO PAIS,ARGENTINA,58
90,Tucumán,F,50 a 54,OTRO PAIS,EXTRANJERA,330
90,Tucumán,F,55 a 59,ARGENTINA,ARGENTINA,38026
90,Tucumán,F,55 a 59,OTRO PAIS,ARGENTINA,70
90,Tucumán,F,55 a 59,OTRO PAIS,EXTRANJERA,312
90,Tucumán,F,60 a 64,ARGENTINA,ARGENTINA,35769
90,Tucumán,F,60 a 64,OTRO PAIS,ARGENTINA,44
90,Tucumán,F,60 a 64,OTRO PAIS,EXTRANJERA,259
90,Tucumán,F,65 a 69,ARGENTINA,ARGENTINA,34032
90,Tucumán,F,65 a 69,OTRO PAIS,ARGENTINA,56
90,Tucumán,F,65 a 69,OTRO PAIS,EXTRANJERA,189
90,Tucumán,F,70 a 74,ARGENTINA,ARGENTINA,28421
90,Tucumán,F,70 a 74,OTRO PAIS,ARGENTINA,76
90,Tucumán,F,70 a 74,OTRO PAIS,EXTRANJERA,144
90,Tucumán,F,75 a 79,ARGENTINA,ARGENTINA,19648
90,Tucumán,F,75 a 79,OTRO PAIS,ARGENTINA,82
90,Tucumán,F,75 a 79,OTRO PAIS,EXTRANJERA,153
90,Tucumán,F,80 a 84,ARGENTINA,ARGENTINA,12203
90,Tucumán,F,80 a 84,OTRO PAIS,ARGENTINA,54
90,Tucumán,F,80 a 84,OTRO PAIS,EXTRANJERA,105
90,Tucumán,F,85 a 89,ARGENTINA,ARGENTINA,6815
90,Tucumán,F,85 a 89,OTRO PAIS,ARGENTINA,21
90,Tucumán,F,85 a 89,OTRO PAIS,EXTRANJERA,52
90,Tucumán,F,90 a 94,ARGENTINA,ARGENTINA,3160
90,Tucumán,F,90 a 94,OTRO PAIS,ARGENTINA,5
90,Tucumán,F,90 a 94,OTRO PAIS,EXTRANJERA,30
90,Tucumán,F,95 a 99,ARGENTINA,ARGENTINA,917
90,Tucumán,F,95 a 99,OTRO PAIS,ARGENTINA,6
90,Tucumán,F,95 a 99,OTRO PAIS,EXTRANJERA,3
90,Tucumán,M,0 a 4,ARGENTINA,ARGENTINA,43289
90,Tucumán,M,0 a 4,OTRO PAIS,ARGENTINA,25
90,Tucumán,M,0 a 4,OTRO PAIS,EXTRANJERA,8
90,Tucumán,M,10 a 14,ARGENTINA,ARGENTINA,74144
90,Tucumán,M,10 a 14,OTRO PAIS,ARGENTINA,48
90,Tucumán,M,10 a 14,OTRO PAIS,EXTRANJERA,79
90,Tucumán,M,100 y +,ARGENTINA,ARGENTINA,60
90,Tucumán,M,100 y +,OTRO PAIS,ARGENTINA,2
90,Tucumán,M,100 y +,OTRO PAIS,EXTRANJERA,1
90,Tucumán,M,15 a 19,ARGENTINA,ARGENTINA,70472
90,Tucumán,M,15 a 19,OTRO PAIS,ARGENTINA,85
90,Tucumán,M,15 a 19,OTRO PAIS,EXTRANJERA,148
90,Tucumán,M,20 a 24,ARGENTINA,ARGENTINA,72375
90,Tucumán,M,20 a 24,OTRO PAIS,ARGENTINA,71
90,Tucumán,M,20 a 24,OTRO PAIS,EXTRANJERA,188
90,Tucumán,M,25 a 29,ARGENTINA,ARGENTINA,71123
90,Tucumán,M,25 a 29,OTRO PAIS,ARGENTINA,27
90,Tucumán,M,25 a 29,OTRO PAIS,EXTRANJERA,215
90,Tucumán,M,30 a 34,ARGENTINA,ARGENTINA,67615
90,Tucumán,M,30 a 34,OTRO PAIS,ARGENTINA,37
90,Tucumán,M,30 a 34,OTRO PAIS,EXTRANJERA,340
90,Tucumán,M,35 a 39,ARGENTINA,ARGENTINA,59632
90,Tucumán,M,35 a 39,OTRO PAIS,ARGENTINA,38
90,Tucumán,M,35 a 39,OTRO PAIS,EXTRANJERA,410
90,Tucumán,M,40 a 44,ARGENTINA,ARGENTINA,57343
90,Tucumán,M,40 a 44,OTRO PAIS,ARGENTINA,53
90,Tucumán,M,40 a 44,OTRO PAIS,EXTRANJERA,385
90,Tucumán,M,45 a 49,ARGENTINA,ARGENTINA,58333
90,Tucumán,M,45 a 49,OTRO PAIS,ARGENTINA,55
90,Tucumán,M,45 a 49,OTRO PAIS,EXTRANJERA,293
90,Tucumán,M,5 a 9,ARGENTINA,ARGENTINA,66336
90,Tucumán,M,5 a 9,OTRO PAIS,ARGENTINA,39
90,Tucumán,M,5 a 9,OTRO PAIS,EXTRANJERA,51
90,Tucumán,M,50 a 54,ARGENTINA,ARGENTINA,43948
90,Tucumán,M,50 a 54,OTRO PAIS,ARGENTINA,72
90,Tucumán,M,50 a 54,OTRO PAIS,EXTRANJERA,290
90,Tucumán,M,55 a 59,ARGENTINA,ARGENTINA,35949
90,Tucumán,M,55 a 59,OTRO PAIS,ARGENTINA,81
90,Tucumán,M,55 a 59,OTRO PAIS,EXTRANJERA,299
90,Tucumán,M,60 a 64,ARGENTINA,ARGENTINA,32704
90,Tucumán,M,60 a 64,OTRO PAIS,ARGENTINA,52
90,Tucumán,M,60 a 64,OTRO PAIS,EXTRANJERA,228
90,Tucumán,M,65 a 69,ARGENTINA,ARGENTINA,29992
90,Tucumán,M,65 a 69,OTRO PAIS,ARGENTINA,55
90,Tucumán,M,65 a 69,OTRO PAIS,EXTRANJERA,206
90,Tucumán,M,70 a 74,ARGENTINA,ARGENTINA,24441
90,Tucumán,M,70 a 74,OTRO PAIS,ARGENTINA,72
90,Tucumán,M,70 a 74,OTRO PAIS,EXTRANJERA,190
90,Tucumán,M,75 a 79,ARGENTINA,ARGENTINA,15075
90,Tucumán,M,75 a 79,OTRO PAIS,ARGENTINA,97
90,Tucumán,M,75 a 79,OTRO PAIS,EXTRANJERA,155
90,Tucumán,M,80 a 84,ARGENTINA,ARGENTINA,7661
90,Tucumán,M,80 a 84,OTRO PAIS,ARGENTINA,65
90,Tucumán,M,80 a 84,OTRO PAIS,EXTRANJERA,85
90,Tucumán,M,85 a 89,ARGENTINA,ARGENTINA,3406
90,Tucumán,M,85 a 89,OTRO PAIS,ARGENTINA,33
90,Tucumán,M,85 a 89,OTRO PAIS,EXTRANJERA,55
90,Tucumán,M,90 a 94,ARGENTINA,ARGENTINA,1333
90,Tucumán,M,90 a 94,OTRO PAIS,ARGENTINA,10
90,Tucumán,M,90 a 94,OTRO PAIS,EXTRANJERA,15
90,Tucumán,M,95 a 99,ARGENTINA,ARGENTINA,415
90,Tucumán,M,95 a 99,OTRO PAIS,ARGENTINA,5
90,Tucumán,M,95 a 99,OTRO PAIS,EXTRANJERA,8
90,Tucumán,X,10 a 14,ARGENTINA,ARGENTINA,1
90,Tucumán,X,15 a 19,ARGENTINA,ARGENTINA,2
90,Tucumán,X,20 a 24,ARGENTINA,ARGENTINA,8
90,Tucumán,X,25 a 29,ARGENTINA,ARGENTINA,4
90,Tucumán,X,30 a 34,ARGENTINA,ARGENTINA,6
90,Tucumán,X,35 a 39,ARGENTINA,ARGENTINA,6
90,Tucumán,X,40 a 44,ARGENTINA,ARGENTINA,3
90,Tucumán,X,45 a 49,ARGENTINA,ARGENTINA,1
90,Tucumán,X,50 a 54,ARGENTINA,ARGENTINA,2
90,Tucumán,X,60 a 64,ARGENTINA,ARGENTINA,1
94,Tierra del Fuego,F,0 a 4,ARGENTINA,ARGENTINA,3652
94,Tierra del Fuego,F,0 a 4,OTRO PAIS,ARGENTINA,5
94,Tierra del Fuego,F,0 a 4,OTRO PAIS,EXTRANJERA,12
94,Tierra del Fuego,F,10 a 14,ARGENTINA,ARGENTINA,7386
94,Tierra del Fuego,F,10 a 14,OTRO PAIS,ARGENTINA,4
94,Tierra del Fuego,F,10 a 14,OTRO PAIS,EXTRANJERA,72
94,Tierra del Fuego,F,100 y +,ARGENTINA,ARGENTINA,1
94,Tierra del Fuego,F,100 y +,OTRO PAIS,ARGENTINA,1
94,Tierra del Fuego,F,100 y +,OTRO PAIS,EXTRANJERA,1
94,Tierra del Fuego,F,15 a 19,ARGENTINA,ARGENTINA,6991
94,Tierra del Fuego,F,15 a 19,OTRO PAIS,ARGENTINA,16
94,Tierra del Fuego,F,15 a 19,OTRO PAIS,EXTRANJERA,129
94,Tierra del Fuego,F,20 a 24,ARGENTINA,ARGENTINA,6965
94,Tierra del Fuego,F,20 a 24,OTRO PAIS,ARGENTINA,38
94,Tierra del Fuego,F,20 a 24,OTRO PAIS,EXTRANJERA,184
94,Tierra del Fuego,F,25 a 29,ARGENTINA,ARGENTINA,7783
94,Tierra del Fuego,F,25 a 29,OTRO PAIS,ARGENTINA,54
94,Tierra del Fuego,F,25 a 29,OTRO PAIS,EXTRANJERA,248
94,Tierra del Fuego,F,30 a 34,ARGENTINA,ARGENTINA,8717
94,Tierra del Fuego,F,30 a 34,OTRO PAIS,ARGENTINA,126
94,Tierra del Fuego,F,30 a 34,OTRO PAIS,EXTRANJERA,326
94,Tierra del Fuego,F,35 a 39,ARGENTINA,ARGENTINA,8258
94,Tierra del Fuego,F,35 a 39,OTRO PAIS,ARGENTINA,161
94,Tierra del Fuego,F,35 a 39,OTRO PAIS,EXTRANJERA,352
94,Tierra del Fuego,F,40 a 44,ARGENTINA,ARGENTINA,7068
94,Tierra del Fuego,F,40 a 44,OTRO PAIS,ARGENTINA,234
94,Tierra del Fuego,F,40 a 44,OTRO PAIS,EXTRANJERA,354
94,Tierra del Fuego,F,45 a 49,ARGENTINA,ARGENTINA,6168
94,Tierra del Fuego,F,45 a 49,OTRO PAIS,ARGENTINA,259
94,Tierra del Fuego,F,45 a 49,OTRO PAIS,EXTRANJERA,288
94,Tierra del Fuego,F,5 a 9,ARGENTINA,ARGENTINA,6579
94,Tierra del Fuego,F,5 a 9,OTRO PAIS,ARGENTINA,11
94,Tierra del Fuego,F,5 a 9,OTRO PAIS,EXTRANJERA,43
94,Tierra del Fuego,F,50 a 54,ARGENTINA,ARGENTINA,4820
94,Tierra del Fuego,F,50 a 54,OTRO PAIS,ARGENTINA,296
94,Tierra del Fuego,F,50 a 54,OTRO PAIS,EXTRANJERA,318
94,Tierra del Fuego,F,55 a 59,ARGENTINA,ARGENTINA,3953
94,Tierra del Fuego,F,55 a 59,OTRO PAIS,ARGENTINA,364
94,Tierra del Fuego,F,55 a 59,OTRO PAIS,EXTRANJERA,336
94,Tierra del Fuego,F,60 a 64,ARGENTINA,ARGENTINA,3750
94,Tierra del Fuego,F,60 a 64,OTRO PAIS,ARGENTINA,392
94,Tierra del Fuego,F,60 a 64,OTRO PAIS,EXTRANJERA,333
94,Tierra del Fuego,F,65 a 69,ARGENTINA,ARGENTINA,2693
94,Tierra del Fuego,F,65 a 69,OTRO PAIS,ARGENTINA,367
94,Tierra del Fuego,F,65 a 69,OTRO PAIS,EXTRANJERA,263
94,Tierra del Fuego,F,70 a 74,ARGENTINA,ARGENTINA,1725
94,Tierra del Fuego,F,70 a 74,OTRO PAIS,ARGENTINA,299
94,Tierra del Fuego,F,70 a 74,OTRO PAIS,EXTRANJERA,186
94,Tierra del Fuego,F,75 a 79,ARGENTINA,ARGENTINA,819
94,Tierra del Fuego,F,75 a 79,OTRO PAIS,ARGENTINA,228
94,Tierra del Fuego,F,75 a 79,OTRO PAIS,EXTRANJERA,158
94,Tierra del Fuego,F,80 a 84,ARGENTINA,ARGENTINA,412
94,Tierra del Fuego,F,80 a 84,OTRO PAIS,ARGENTINA,153
94,Tierra del Fuego,F,80 a 84,OTRO PAIS,EXTRANJERA,106
94,Tierra del Fuego,F,85 a 89,ARGENTINA,ARGENTINA,246
94,Tierra del Fuego,F,85 a 89,OTRO PAIS,ARGENTINA,62
94,Tierra del Fuego,F,85 a 89,OTRO PAIS,EXTRANJERA,69
94,Tierra del Fuego,F,90 a 94,ARGENTINA,ARGENTINA,86
94,Tierra del Fuego,F,90 a 94,OTRO PAIS,ARGENTINA,28
94,Tierra del Fuego,F,90 a 94,OTRO PAIS,EXTRANJERA,30
94,Tierra del Fuego,F,95 a 99,ARGENTINA,ARGENTINA,22
94,Tierra del Fuego,F,95 a 99,OTRO PAIS,ARGENTINA,7
94,Tierra del Fuego,F,95 a 99,OTRO PAIS,EXTRANJERA,10
94,Tierra del Fuego,M,0 a 4,ARGENTINA,ARGENTINA,3626
94,Tierra del Fuego,M,0 a 4,OTRO PAIS,ARGENTINA,4
94,Tierra del Fuego,M,0 a 4,OTRO PAIS,EXTRANJERA,9
94,Tierra del Fuego,M,10 a 14,ARGENTINA,ARGENTINA,7484
94,Tierra del Fuego,M,10 a 14,OTRO PAIS,ARGENTINA,10
94,Tierra del Fuego,M,10 a 14,OTRO PAIS,EXTRANJERA,79
94,Tierra del Fuego,M,100 y +,OTRO PAIS,ARGENTINA,1
94,Tierra del Fuego,M,15 a 19,ARGENTINA,ARGENTINA,7490
94,Tierra del Fuego,M,15 a 19,OTRO PAIS,ARGENTINA,20
94,Tierra del Fuego,M,15 a 19,OTRO PAIS,EXTRANJERA,116
94,Tierra del Fuego,M,20 a 24,ARGENTINA,ARGENTINA,7641
94,Tierra del Fuego,M,20 a 24,OTRO PAIS,ARGENTINA,33
94,Tierra del Fuego,M,20 a 24,OTRO PAIS,EXTRANJERA,188
94,Tierra del Fuego,M,25 a 29,ARGENTINA,ARGENTINA,8230
94,Tierra del Fuego,M,25 a 29,OTRO PAIS,ARGENTINA,33
94,Tierra del Fuego,M,25 a 29,OTRO PAIS,EXTRANJERA,253
94,Tierra del Fuego,M,30 a 34,ARGENTINA,ARGENTINA,9010
94,Tierra del Fuego,M,30 a 34,OTRO PAIS,ARGENTINA,89
94,Tierra del Fuego,M,30 a 34,OTRO PAIS,EXTRANJERA,370
94,Tierra del Fuego,M,35 a 39,ARGENTINA,ARGENTINA,8933
94,Tierra del Fuego,M,35 a 39,OTRO PAIS,ARGENTINA,122
94,Tierra del Fuego,M,35 a 39,OTRO PAIS,EXTRANJERA,414
94,Tierra del Fuego,M,40 a 44,ARGENTINA,ARGENTINA,7435
94,Tierra del Fuego,M,40 a 44,OTRO PAIS,ARGENTINA,168
94,Tierra del Fuego,M,40 a 44,OTRO PAIS,EXTRANJERA,400
94,Tierra del Fuego,M,45 a 49,ARGENTINA,ARGENTINA,6608
94,Tierra del Fuego,M,45 a 49,OTRO PAIS,ARGENTINA,151
94,Tierra del Fuego,M,45 a 49,OTRO PAIS,EXTRANJERA,342
94,Tierra del Fuego,M,5 a 9,ARGENTINA,ARGENTINA,6725
94,Tierra del Fuego,M,5 a 9,OTRO PAIS,ARGENTINA,4
94,Tierra del Fuego,M,5 a 9,OTRO PAIS,EXTRANJERA,24
94,Tierra del Fuego,M,50 a 54,ARGENTINA,ARGENTINA,4754
94,Tierra del Fuego,M,50 a 54,OTRO PAIS,ARGENTINA,196
94,Tierra del Fuego,M,50 a 54,OTRO PAIS,EXTRANJERA,297
94,Tierra del Fuego,M,55 a 59,ARGENTINA,ARGENTINA,3886
94,Tierra del Fuego,M,55 a 59,OTRO PAIS,ARGENTINA,230
94,Tierra del Fuego,M,55 a 59,OTRO PAIS,EXTRANJERA,295
94,Tierra del Fuego,M,60 a 64,ARGENTINA,ARGENTINA,3950
94,Tierra del Fuego,M,60 a 64,OTRO PAIS,ARGENTINA,260
94,Tierra del Fuego,M,60 a 64,OTRO PAIS,EXTRANJERA,317
94,Tierra del Fuego,M,65 a 69,ARGENTINA,ARGENTINA,2835
94,Tierra del Fuego,M,65 a 69,OTRO PAIS,ARGENTINA,290
94,Tierra del Fuego,M,65 a 69,OTRO PAIS,EXTRANJERA,284
94,Tierra del Fuego,M,70 a 74,ARGENTINA,ARGENTINA,1538
94,Tierra del Fuego,M,70 a 74,OTRO PAIS,ARGENTINA,252
94,Tierra del Fuego,M,70 a 74,OTRO PAIS,EXTRANJERA,253
94,Tierra del Fuego,M,75 a 79,ARGENTINA,ARGENTINA,677
94,Tierra del Fuego,M,75 a 79,OTRO PAIS,ARGENTINA,192
94,Tierra del Fuego,M,75 a 79,OTRO PAIS,EXTRANJERA,187
94,Tierra del Fuego,M,80 a 84,ARGENTINA,ARGENTINA,253
94,Tierra del Fuego,M,80 a 84,OTRO PAIS,ARGENTINA,100
94,Tierra del Fuego,M,80 a 84,OTRO PAIS,EXTRANJERA,82
94,Tierra del Fuego,M,85 a 89,ARGENTINA,ARGENTINA,109
94,Tierra del Fuego,M,85 a 89,OTRO PAIS,ARGENTINA,50
94,Tierra del Fuego,M,85 a 89,OTRO PAIS,EXTRANJERA,35
94,Tierra del Fuego,M,90 a 94,ARGENTINA,ARGENTINA,30
94,Tierra del Fuego,M,90 a 94,OTRO PAIS,ARGENTINA,15
94,Tierra del Fuego,M,90 a 94,OTRO PAIS,EXTRANJERA,16
94,Tierra del Fuego,M,95 a 99,ARGENTINA,ARGENTINA,9
94,Tierra del Fuego,M,95 a 99,OTRO PAIS,ARGENTINA,4
94,Tierra del Fuego,M,95 a 99,OTRO PAIS,EXTRANJERA,4
94,Tierra del Fuego,X,15 a 19,ARGENTINA,ARGENTINA,4
94,Tierra del Fuego,X,20 a 24,ARGENTINA,ARGENTINA,5
94,Tierra del Fuego,X,25 a 29,ARGENTINA,ARGENTINA,4
94,Tierra del Fuego,X,30 a 34,ARGENTINA,ARGENTINA,4
94,Tierra del Fuego,X,30 a 34,OTRO PAIS,ARGENTINA,1
94,Tierra del Fuego,X,35 a 39,ARGENTINA,ARGENTINA,1
94,Tierra del Fuego,X,40 a 44,ARGENTINA,ARGENTINA,1
94,Tierra del Fuego,X,50 a 54,ARGENTINA,ARGENTINA,1
